tenant_id,dataset_version_id,store_id,refund_id,order_id,succeeded_at_utc,amount_cents
t_demo,demo_20260921_v1,s1,R2026072600001,O20260726001361,2026-07-26 12:00:00.000000,16250
t_demo,demo_20260921_v1,s1,R2026072600002,O20260726001362,2026-07-26 12:00:00.000000,16250
t_demo,demo_20260921_v1,s1,R2026072600003,O20260726001363,2026-07-26 12:00:00.000000,16250
t_demo,demo_20260921_v1,s1,R2026072600004,O20260726001364,2026-07-26 12:00:00.000000,16250
t_demo,demo_20260921_v1,s1,R2026072600005,O20260726001365,2026-07-26 12:00:00.000000,16250
t_demo,demo_20260921_v1,s1,R2026072600006,O20260726001366,2026-07-26 12:00:00.000000,16250
t_demo,demo_20260921_v1,s1,R2026072600007,O20260726001367,2026-07-26 12:00:00.000000,16250
t_demo,demo_20260921_v1,s1,R2026072600008,O20260726001368,2026-07-26 12:00:00.000000,16250
t_demo,demo_20260921_v1,s1,R2026072600009,O20260726001369,2026-07-26 12:00:00.000000,16250
t_demo,demo_20260921_v1,s1,R2026072600010,O20260726001370,2026-07-26 12:00:00.000000,16250
t_demo,demo_20260921_v1,s1,R2026072600011,O20260726001371,2026-07-26 12:00:00.000000,16250
t_demo,demo_20260921_v1,s1,R2026072600012,O20260726001372,2026-07-26 12:00:00.000000,16250
t_demo,demo_20260921_v1,s1,R2026072600013,O20260726001373,2026-07-26 12:00:00.000000,16250
t_demo,demo_20260921_v1,s1,R2026072600014,O20260726001374,2026-07-26 12:00:00.000000,16250
t_demo,demo_20260921_v1,s1,R2026072600015,O20260726001375,2026-07-26 12:00:00.000000,16250
t_demo,demo_20260921_v1,s1,R2026072600016,O20260726001376,2026-07-26 12:00:00.000000,16250
t_demo,demo_20260921_v1,s1,R2026072600017,O20260726001377,2026-07-26 12:00:00.000000,16250
t_demo,demo_20260921_v1,s1,R2026072600018,O20260726001378,2026-07-26 12:00:00.000000,16250
t_demo,demo_20260921_v1,s1,R2026072600019,O20260726001379,2026-07-26 12:00:00.000000,16250
t_demo,demo_20260921_v1,s1,R2026072600020,O20260726001380,2026-07-26 12:00:00.000000,16250
t_demo,demo_20260921_v1,s1,R2026072600021,O20260726001381,2026-07-26 12:00:00.000000,16250
t_demo,demo_20260921_v1,s1,R2026072600022,O20260726001382,2026-07-26 12:00:00.000000,16250
t_demo,demo_20260921_v1,s1,R2026072600023,O20260726001383,2026-07-26 12:00:00.000000,16250
t_demo,demo_20260921_v1,s1,R2026072600024,O20260726001384,2026-07-26 12:00:00.000000,16250
t_demo,demo_20260921_v1,s1,R2026072600025,O20260726001385,2026-07-26 12:00:00.000000,16250
t_demo,demo_20260921_v1,s1,R2026072600026,O20260726001386,2026-07-26 12:00:00.000000,16250
t_demo,demo_20260921_v1,s1,R2026072600027,O20260726001387,2026-07-26 12:00:00.000000,16250
t_demo,demo_20260921_v1,s1,R2026072600028,O20260726001388,2026-07-26 12:00:00.000000,16250
t_demo,demo_20260921_v1,s1,R2026072600029,O20260726001389,2026-07-26 12:00:00.000000,16250
t_demo,demo_20260921_v1,s1,R2026072600030,O20260726001390,2026-07-26 12:00:00.000000,16250
t_demo,demo_20260921_v1,s1,R2026072600031,O20260726001391,2026-07-26 12:00:00.000000,16250
t_demo,demo_20260921_v1,s1,R2026072600032,O20260726001392,2026-07-26 12:00:00.000000,16250
t_demo,demo_20260921_v1,s1,R2026072600033,O20260726001393,2026-07-26 12:00:00.000000,16250
t_demo,demo_20260921_v1,s1,R2026072600034,O20260726001394,2026-07-26 12:00:00.000000,16250
t_demo,demo_20260921_v1,s1,R2026072600035,O20260726001395,2026-07-26 12:00:00.000000,16250
t_demo,demo_20260921_v1,s1,R2026072600036,O20260726001396,2026-07-26 12:00:00.000000,16250
t_demo,demo_20260921_v1,s1,R2026072600037,O20260726001397,2026-07-26 12:00:00.000000,16250
t_demo,demo_20260921_v1,s1,R2026072600038,O20260726001398,2026-07-26 12:00:00.000000,16250
t_demo,demo_20260921_v1,s1,R2026072600039,O20260726001399,2026-07-26 12:00:00.000000,16250
t_demo,demo_20260921_v1,s1,R2026072600040,O20260726001400,2026-07-26 12:00:00.000000,16250
t_demo,demo_20260921_v1,s1,R2026072600041,O20260726001401,2026-07-26 12:00:00.000000,16250
t_demo,demo_20260921_v1,s1,R2026072600042,O20260726001402,2026-07-26 12:00:00.000000,16250
t_demo,demo_20260921_v1,s1,R2026072600043,O20260726001403,2026-07-26 12:00:00.000000,16250
t_demo,demo_20260921_v1,s1,R2026072600044,O20260726001404,2026-07-26 12:00:00.000000,16250
t_demo,demo_20260921_v1,s1,R2026072600045,O20260726001405,2026-07-26 12:00:00.000000,16250
t_demo,demo_20260921_v1,s1,R2026072600046,O20260726001406,2026-07-26 12:00:00.000000,16250
t_demo,demo_20260921_v1,s1,R2026072600047,O20260726001407,2026-07-26 12:00:00.000000,16250
t_demo,demo_20260921_v1,s1,R2026072600048,O20260726001408,2026-07-26 12:00:00.000000,16250
t_demo,demo_20260921_v1,s1,R2026072600049,O20260726001409,2026-07-26 12:00:00.000000,16250
t_demo,demo_20260921_v1,s1,R2026072600050,O20260726001410,2026-07-26 12:00:00.000000,16250
t_demo,demo_20260921_v1,s1,R2026072600051,O20260726001411,2026-07-26 12:00:00.000000,16250
t_demo,demo_20260921_v1,s1,R2026072600052,O20260726001412,2026-07-26 12:00:00.000000,16250
t_demo,demo_20260921_v1,s1,R2026072600053,O20260726001413,2026-07-26 12:00:00.000000,16250
t_demo,demo_20260921_v1,s1,R2026072600054,O20260726001414,2026-07-26 12:00:00.000000,16250
t_demo,demo_20260921_v1,s1,R2026072600055,O20260726001415,2026-07-26 12:00:00.000000,16250
t_demo,demo_20260921_v1,s1,R2026072600056,O20260726001416,2026-07-26 12:00:00.000000,16250
t_demo,demo_20260921_v1,s1,R2026072600057,O20260726001417,2026-07-26 12:00:00.000000,16250
t_demo,demo_20260921_v1,s1,R2026072600058,O20260726001418,2026-07-26 12:00:00.000000,16250
t_demo,demo_20260921_v1,s1,R2026072600059,O20260726001419,2026-07-26 12:00:00.000000,16250
t_demo,demo_20260921_v1,s1,R2026072600060,O20260726001420,2026-07-26 12:00:00.000000,16250
t_demo,demo_20260921_v1,s1,R2026072600061,O20260726001421,2026-07-26 12:00:00.000000,16250
t_demo,demo_20260921_v1,s1,R2026072600062,O20260726001422,2026-07-26 12:00:00.000000,16250
t_demo,demo_20260921_v1,s1,R2026072600063,O20260726001423,2026-07-26 12:00:00.000000,16250
t_demo,demo_20260921_v1,s1,R2026072600064,O20260726001424,2026-07-26 12:00:00.000000,16250
t_demo,demo_20260921_v1,s1,R2026072600065,O20260726001425,2026-07-26 12:00:00.000000,16250
t_demo,demo_20260921_v1,s1,R2026072600066,O20260726001426,2026-07-26 12:00:00.000000,16250
t_demo,demo_20260921_v1,s1,R2026072600067,O20260726001427,2026-07-26 12:00:00.000000,16250
t_demo,demo_20260921_v1,s1,R2026072600068,O20260726001428,2026-07-26 12:00:00.000000,16250
t_demo,demo_20260921_v1,s1,R2026072600069,O20260726001429,2026-07-26 12:00:00.000000,16250
t_demo,demo_20260921_v1,s1,R2026072600070,O20260726001430,2026-07-26 12:00:00.000000,16250
t_demo,demo_20260921_v1,s1,R2026072600071,O20260726001431,2026-07-26 12:00:00.000000,16250
t_demo,demo_20260921_v1,s1,R2026072600072,O20260726001432,2026-07-26 12:00:00.000000,16250
t_demo,demo_20260921_v1,s1,R2026072600073,O20260726001433,2026-07-26 12:00:00.000000,16250
t_demo,demo_20260921_v1,s1,R2026072600074,O20260726001434,2026-07-26 12:00:00.000000,16250
t_demo,demo_20260921_v1,s1,R2026072600075,O20260726001435,2026-07-26 12:00:00.000000,16250
t_demo,demo_20260921_v1,s1,R2026072600076,O20260726001436,2026-07-26 12:00:00.000000,16250
t_demo,demo_20260921_v1,s1,R2026072600077,O20260726001437,2026-07-26 12:00:00.000000,16250
t_demo,demo_20260921_v1,s1,R2026072600078,O20260726001438,2026-07-26 12:00:00.000000,16250
t_demo,demo_20260921_v1,s1,R2026072600079,O20260726001439,2026-07-26 12:00:00.000000,16250
t_demo,demo_20260921_v1,s1,R2026072600080,O20260726001440,2026-07-26 12:00:00.000000,16250
t_demo,demo_20260921_v1,s1,R2026072700001,O20260726000001,2026-07-27 12:00:00.000000,16250
t_demo,demo_20260921_v1,s1,R2026072700002,O20260726000002,2026-07-27 12:00:00.000000,16250
t_demo,demo_20260921_v1,s1,R2026072700003,O20260726000003,2026-07-27 12:00:00.000000,16250
t_demo,demo_20260921_v1,s1,R2026072700004,O20260726000004,2026-07-27 12:00:00.000000,16250
t_demo,demo_20260921_v1,s1,R2026072700005,O20260726000005,2026-07-27 12:00:00.000000,16250
t_demo,demo_20260921_v1,s1,R2026072700006,O20260726000006,2026-07-27 12:00:00.000000,16250
t_demo,demo_20260921_v1,s1,R2026072700007,O20260726000007,2026-07-27 12:00:00.000000,16250
t_demo,demo_20260921_v1,s1,R2026072700008,O20260726000008,2026-07-27 12:00:00.000000,16250
t_demo,demo_20260921_v1,s1,R2026072700009,O20260726000009,2026-07-27 12:00:00.000000,16250
t_demo,demo_20260921_v1,s1,R2026072700010,O20260726000010,2026-07-27 12:00:00.000000,16250
t_demo,demo_20260921_v1,s1,R2026072700011,O20260726000011,2026-07-27 12:00:00.000000,16250
t_demo,demo_20260921_v1,s1,R2026072700012,O20260726000012,2026-07-27 12:00:00.000000,16250
t_demo,demo_20260921_v1,s1,R2026072700013,O20260726000013,2026-07-27 12:00:00.000000,16250
t_demo,demo_20260921_v1,s1,R2026072700014,O20260726000014,2026-07-27 12:00:00.000000,16250
t_demo,demo_20260921_v1,s1,R2026072700015,O20260726000015,2026-07-27 12:00:00.000000,16250
t_demo,demo_20260921_v1,s1,R2026072700016,O20260726000016,2026-07-27 12:00:00.000000,16250
t_demo,demo_20260921_v1,s1,R2026072700017,O20260726000017,2026-07-27 12:00:00.000000,16250
t_demo,demo_20260921_v1,s1,R2026072700018,O20260726000018,2026-07-27 12:00:00.000000,16250
t_demo,demo_20260921_v1,s1,R2026072700019,O20260726000019,2026-07-27 12:00:00.000000,16250
t_demo,demo_20260921_v1,s1,R2026072700020,O20260726000020,2026-07-27 12:00:00.000000,16250
t_demo,demo_20260921_v1,s1,R2026072700021,O20260726000021,2026-07-27 12:00:00.000000,16250
t_demo,demo_20260921_v1,s1,R2026072700022,O20260726000022,2026-07-27 12:00:00.000000,16250
t_demo,demo_20260921_v1,s1,R2026072700023,O20260726000023,2026-07-27 12:00:00.000000,16250
t_demo,demo_20260921_v1,s1,R2026072700024,O20260726000024,2026-07-27 12:00:00.000000,16250
t_demo,demo_20260921_v1,s1,R2026072700025,O20260726000025,2026-07-27 12:00:00.000000,16250
t_demo,demo_20260921_v1,s1,R2026072700026,O20260726000026,2026-07-27 12:00:00.000000,16250
t_demo,demo_20260921_v1,s1,R2026072700027,O20260726000027,2026-07-27 12:00:00.000000,16250
t_demo,demo_20260921_v1,s1,R2026072700028,O20260726000028,2026-07-27 12:00:00.000000,16250
t_demo,demo_20260921_v1,s1,R2026072700029,O20260726000029,2026-07-27 12:00:00.000000,16250
t_demo,demo_20260921_v1,s1,R2026072700030,O20260726000030,2026-07-27 12:00:00.000000,16250
t_demo,demo_20260921_v1,s1,R2026072700031,O20260726000031,2026-07-27 12:00:00.000000,16250
t_demo,demo_20260921_v1,s1,R2026072700032,O20260726000032,2026-07-27 12:00:00.000000,16250
t_demo,demo_20260921_v1,s1,R2026072700033,O20260726000033,2026-07-27 12:00:00.000000,16250
t_demo,demo_20260921_v1,s1,R2026072700034,O20260726000034,2026-07-27 12:00:00.000000,16250
t_demo,demo_20260921_v1,s1,R2026072700035,O20260726000035,2026-07-27 12:00:00.000000,16250
t_demo,demo_20260921_v1,s1,R2026072700036,O20260726000036,2026-07-27 12:00:00.000000,16250
t_demo,demo_20260921_v1,s1,R2026072700037,O20260726000037,2026-07-27 12:00:00.000000,16250
t_demo,demo_20260921_v1,s1,R2026072700038,O20260726000038,2026-07-27 12:00:00.000000,16250
t_demo,demo_20260921_v1,s1,R2026072700039,O20260726000039,2026-07-27 12:00:00.000000,16250
t_demo,demo_20260921_v1,s1,R2026072700040,O20260726000040,2026-07-27 12:00:00.000000,16250
t_demo,demo_20260921_v1,s1,R2026072700041,O20260726000041,2026-07-27 12:00:00.000000,16250
t_demo,demo_20260921_v1,s1,R2026072700042,O20260726000042,2026-07-27 12:00:00.000000,16250
t_demo,demo_20260921_v1,s1,R2026072700043,O20260726000043,2026-07-27 12:00:00.000000,16250
t_demo,demo_20260921_v1,s1,R2026072700044,O20260726000044,2026-07-27 12:00:00.000000,16250
t_demo,demo_20260921_v1,s1,R2026072700045,O20260726000045,2026-07-27 12:00:00.000000,16250
t_demo,demo_20260921_v1,s1,R2026072700046,O20260726000046,2026-07-27 12:00:00.000000,16250
t_demo,demo_20260921_v1,s1,R2026072700047,O20260726000047,2026-07-27 12:00:00.000000,16250
t_demo,demo_20260921_v1,s1,R2026072700048,O20260726000048,2026-07-27 12:00:00.000000,16250
t_demo,demo_20260921_v1,s1,R2026072700049,O20260726000049,2026-07-27 12:00:00.000000,16250
t_demo,demo_20260921_v1,s1,R2026072700050,O20260726000050,2026-07-27 12:00:00.000000,16250
t_demo,demo_20260921_v1,s1,R2026072700051,O20260726000051,2026-07-27 12:00:00.000000,16250
t_demo,demo_20260921_v1,s1,R2026072700052,O20260726000052,2026-07-27 12:00:00.000000,16250
t_demo,demo_20260921_v1,s1,R2026072700053,O20260726000053,2026-07-27 12:00:00.000000,16250
t_demo,demo_20260921_v1,s1,R2026072700054,O20260726000054,2026-07-27 12:00:00.000000,16250
t_demo,demo_20260921_v1,s1,R2026072700055,O20260726000055,2026-07-27 12:00:00.000000,16250
t_demo,demo_20260921_v1,s1,R2026072700056,O20260726000056,2026-07-27 12:00:00.000000,16250
t_demo,demo_20260921_v1,s1,R2026072700057,O20260726000057,2026-07-27 12:00:00.000000,16250
t_demo,demo_20260921_v1,s1,R2026072700058,O20260726000058,2026-07-27 12:00:00.000000,16250
t_demo,demo_20260921_v1,s1,R2026072700059,O20260726000059,2026-07-27 12:00:00.000000,16250
t_demo,demo_20260921_v1,s1,R2026072700060,O20260726000060,2026-07-27 12:00:00.000000,16250
t_demo,demo_20260921_v1,s1,R2026072700061,O20260726000061,2026-07-27 12:00:00.000000,16250
t_demo,demo_20260921_v1,s1,R2026072700062,O20260726000062,2026-07-27 12:00:00.000000,16250
t_demo,demo_20260921_v1,s1,R2026072700063,O20260726000063,2026-07-27 12:00:00.000000,16250
t_demo,demo_20260921_v1,s1,R2026072700064,O20260726000064,2026-07-27 12:00:00.000000,16250
t_demo,demo_20260921_v1,s1,R2026072700065,O20260726000065,2026-07-27 12:00:00.000000,16250
t_demo,demo_20260921_v1,s1,R2026072700066,O20260726000066,2026-07-27 12:00:00.000000,16250
t_demo,demo_20260921_v1,s1,R2026072700067,O20260726000067,2026-07-27 12:00:00.000000,16250
t_demo,demo_20260921_v1,s1,R2026072700068,O20260726000068,2026-07-27 12:00:00.000000,16250
t_demo,demo_20260921_v1,s1,R2026072700069,O20260726000069,2026-07-27 12:00:00.000000,16250
t_demo,demo_20260921_v1,s1,R2026072700070,O20260726000070,2026-07-27 12:00:00.000000,16250
t_demo,demo_20260921_v1,s1,R2026072700071,O20260726000071,2026-07-27 12:00:00.000000,16250
t_demo,demo_20260921_v1,s1,R2026072700072,O20260726000072,2026-07-27 12:00:00.000000,16250
t_demo,demo_20260921_v1,s1,R2026072700073,O20260726000073,2026-07-27 12:00:00.000000,16250
t_demo,demo_20260921_v1,s1,R2026072700074,O20260726000074,2026-07-27 12:00:00.000000,16250
t_demo,demo_20260921_v1,s1,R2026072700075,O20260726000075,2026-07-27 12:00:00.000000,16250
t_demo,demo_20260921_v1,s1,R2026072700076,O20260726000076,2026-07-27 12:00:00.000000,16250
t_demo,demo_20260921_v1,s1,R2026072700077,O20260726000077,2026-07-27 12:00:00.000000,16250
t_demo,demo_20260921_v1,s1,R2026072700078,O20260726000078,2026-07-27 12:00:00.000000,16250
t_demo,demo_20260921_v1,s1,R2026072700079,O20260726000079,2026-07-27 12:00:00.000000,16250
t_demo,demo_20260921_v1,s1,R2026072700080,O20260726000080,2026-07-27 12:00:00.000000,16250
t_demo,demo_20260921_v1,s1,R2026072800001,O20260727000001,2026-07-28 12:00:00.000000,16250
t_demo,demo_20260921_v1,s1,R2026072800002,O20260727000002,2026-07-28 12:00:00.000000,16250
t_demo,demo_20260921_v1,s1,R2026072800003,O20260727000003,2026-07-28 12:00:00.000000,16250
t_demo,demo_20260921_v1,s1,R2026072800004,O20260727000004,2026-07-28 12:00:00.000000,16250
t_demo,demo_20260921_v1,s1,R2026072800005,O20260727000005,2026-07-28 12:00:00.000000,16250
t_demo,demo_20260921_v1,s1,R2026072800006,O20260727000006,2026-07-28 12:00:00.000000,16250
t_demo,demo_20260921_v1,s1,R2026072800007,O20260727000007,2026-07-28 12:00:00.000000,16250
t_demo,demo_20260921_v1,s1,R2026072800008,O20260727000008,2026-07-28 12:00:00.000000,16250
t_demo,demo_20260921_v1,s1,R2026072800009,O20260727000009,2026-07-28 12:00:00.000000,16250
t_demo,demo_20260921_v1,s1,R2026072800010,O20260727000010,2026-07-28 12:00:00.000000,16250
t_demo,demo_20260921_v1,s1,R2026072800011,O20260727000011,2026-07-28 12:00:00.000000,16250
t_demo,demo_20260921_v1,s1,R2026072800012,O20260727000012,2026-07-28 12:00:00.000000,16250
t_demo,demo_20260921_v1,s1,R2026072800013,O20260727000013,2026-07-28 12:00:00.000000,16250
t_demo,demo_20260921_v1,s1,R2026072800014,O20260727000014,2026-07-28 12:00:00.000000,16250
t_demo,demo_20260921_v1,s1,R2026072800015,O20260727000015,2026-07-28 12:00:00.000000,16250
t_demo,demo_20260921_v1,s1,R2026072800016,O20260727000016,2026-07-28 12:00:00.000000,16250
t_demo,demo_20260921_v1,s1,R2026072800017,O20260727000017,2026-07-28 12:00:00.000000,16250
t_demo,demo_20260921_v1,s1,R2026072800018,O20260727000018,2026-07-28 12:00:00.000000,16250
t_demo,demo_20260921_v1,s1,R2026072800019,O20260727000019,2026-07-28 12:00:00.000000,16250
t_demo,demo_20260921_v1,s1,R2026072800020,O20260727000020,2026-07-28 12:00:00.000000,16250
t_demo,demo_20260921_v1,s1,R2026072800021,O20260727000021,2026-07-28 12:00:00.000000,16250
t_demo,demo_20260921_v1,s1,R2026072800022,O20260727000022,2026-07-28 12:00:00.000000,16250
t_demo,demo_20260921_v1,s1,R2026072800023,O20260727000023,2026-07-28 12:00:00.000000,16250
t_demo,demo_20260921_v1,s1,R2026072800024,O20260727000024,2026-07-28 12:00:00.000000,16250
t_demo,demo_20260921_v1,s1,R2026072800025,O20260727000025,2026-07-28 12:00:00.000000,16250
t_demo,demo_20260921_v1,s1,R2026072800026,O20260727000026,2026-07-28 12:00:00.000000,16250
t_demo,demo_20260921_v1,s1,R2026072800027,O20260727000027,2026-07-28 12:00:00.000000,16250
t_demo,demo_20260921_v1,s1,R2026072800028,O20260727000028,2026-07-28 12:00:00.000000,16250
t_demo,demo_20260921_v1,s1,R2026072800029,O20260727000029,2026-07-28 12:00:00.000000,16250
t_demo,demo_20260921_v1,s1,R2026072800030,O20260727000030,2026-07-28 12:00:00.000000,16250
t_demo,demo_20260921_v1,s1,R2026072800031,O20260727000031,2026-07-28 12:00:00.000000,16250
t_demo,demo_20260921_v1,s1,R2026072800032,O20260727000032,2026-07-28 12:00:00.000000,16250
t_demo,demo_20260921_v1,s1,R2026072800033,O20260727000033,2026-07-28 12:00:00.000000,16250
t_demo,demo_20260921_v1,s1,R2026072800034,O20260727000034,2026-07-28 12:00:00.000000,16250
t_demo,demo_20260921_v1,s1,R2026072800035,O20260727000035,2026-07-28 12:00:00.000000,16250
t_demo,demo_20260921_v1,s1,R2026072800036,O20260727000036,2026-07-28 12:00:00.000000,16250
t_demo,demo_20260921_v1,s1,R2026072800037,O20260727000037,2026-07-28 12:00:00.000000,16250
t_demo,demo_20260921_v1,s1,R2026072800038,O20260727000038,2026-07-28 12:00:00.000000,16250
t_demo,demo_20260921_v1,s1,R2026072800039,O20260727000039,2026-07-28 12:00:00.000000,16250
t_demo,demo_20260921_v1,s1,R2026072800040,O20260727000040,2026-07-28 12:00:00.000000,16250
t_demo,demo_20260921_v1,s1,R2026072800041,O20260727000041,2026-07-28 12:00:00.000000,16250
t_demo,demo_20260921_v1,s1,R2026072800042,O20260727000042,2026-07-28 12:00:00.000000,16250
t_demo,demo_20260921_v1,s1,R2026072800043,O20260727000043,2026-07-28 12:00:00.000000,16250
t_demo,demo_20260921_v1,s1,R2026072800044,O20260727000044,2026-07-28 12:00:00.000000,16250
t_demo,demo_20260921_v1,s1,R2026072800045,O20260727000045,2026-07-28 12:00:00.000000,16250
t_demo,demo_20260921_v1,s1,R2026072800046,O20260727000046,2026-07-28 12:00:00.000000,16250
t_demo,demo_20260921_v1,s1,R2026072800047,O20260727000047,2026-07-28 12:00:00.000000,16250
t_demo,demo_20260921_v1,s1,R2026072800048,O20260727000048,2026-07-28 12:00:00.000000,16250
t_demo,demo_20260921_v1,s1,R2026072800049,O20260727000049,2026-07-28 12:00:00.000000,16250
t_demo,demo_20260921_v1,s1,R2026072800050,O20260727000050,2026-07-28 12:00:00.000000,16250
t_demo,demo_20260921_v1,s1,R2026072800051,O20260727000051,2026-07-28 12:00:00.000000,16250
t_demo,demo_20260921_v1,s1,R2026072800052,O20260727000052,2026-07-28 12:00:00.000000,16250
t_demo,demo_20260921_v1,s1,R2026072800053,O20260727000053,2026-07-28 12:00:00.000000,16250
t_demo,demo_20260921_v1,s1,R2026072800054,O20260727000054,2026-07-28 12:00:00.000000,16250
t_demo,demo_20260921_v1,s1,R2026072800055,O20260727000055,2026-07-28 12:00:00.000000,16250
t_demo,demo_20260921_v1,s1,R2026072800056,O20260727000056,2026-07-28 12:00:00.000000,16250
t_demo,demo_20260921_v1,s1,R2026072800057,O20260727000057,2026-07-28 12:00:00.000000,16250
t_demo,demo_20260921_v1,s1,R2026072800058,O20260727000058,2026-07-28 12:00:00.000000,16250
t_demo,demo_20260921_v1,s1,R2026072800059,O20260727000059,2026-07-28 12:00:00.000000,16250
t_demo,demo_20260921_v1,s1,R2026072800060,O20260727000060,2026-07-28 12:00:00.000000,16250
t_demo,demo_20260921_v1,s1,R2026072800061,O20260727000061,2026-07-28 12:00:00.000000,16250
t_demo,demo_20260921_v1,s1,R2026072800062,O20260727000062,2026-07-28 12:00:00.000000,16250
t_demo,demo_20260921_v1,s1,R2026072800063,O20260727000063,2026-07-28 12:00:00.000000,16250
t_demo,demo_20260921_v1,s1,R2026072800064,O20260727000064,2026-07-28 12:00:00.000000,16250
t_demo,demo_20260921_v1,s1,R2026072800065,O20260727000065,2026-07-28 12:00:00.000000,16250
t_demo,demo_20260921_v1,s1,R2026072800066,O20260727000066,2026-07-28 12:00:00.000000,16250
t_demo,demo_20260921_v1,s1,R2026072800067,O20260727000067,2026-07-28 12:00:00.000000,16250
t_demo,demo_20260921_v1,s1,R2026072800068,O20260727000068,2026-07-28 12:00:00.000000,16250
t_demo,demo_20260921_v1,s1,R2026072800069,O20260727000069,2026-07-28 12:00:00.000000,16250
t_demo,demo_20260921_v1,s1,R2026072800070,O20260727000070,2026-07-28 12:00:00.000000,16250
t_demo,demo_20260921_v1,s1,R2026072800071,O20260727000071,2026-07-28 12:00:00.000000,16250
t_demo,demo_20260921_v1,s1,R2026072800072,O20260727000072,2026-07-28 12:00:00.000000,16250
t_demo,demo_20260921_v1,s1,R2026072800073,O20260727000073,2026-07-28 12:00:00.000000,16250
t_demo,demo_20260921_v1,s1,R2026072800074,O20260727000074,2026-07-28 12:00:00.000000,16250
t_demo,demo_20260921_v1,s1,R2026072800075,O20260727000075,2026-07-28 12:00:00.000000,16250
t_demo,demo_20260921_v1,s1,R2026072800076,O20260727000076,2026-07-28 12:00:00.000000,16250
t_demo,demo_20260921_v1,s1,R2026072800077,O20260727000077,2026-07-28 12:00:00.000000,16250
t_demo,demo_20260921_v1,s1,R2026072800078,O20260727000078,2026-07-28 12:00:00.000000,16250
t_demo,demo_20260921_v1,s1,R2026072800079,O20260727000079,2026-07-28 12:00:00.000000,16250
t_demo,demo_20260921_v1,s1,R2026072800080,O20260727000080,2026-07-28 12:00:00.000000,16250
t_demo,demo_20260921_v1,s1,R2026072900001,O20260728000001,2026-07-29 12:00:00.000000,16250
t_demo,demo_20260921_v1,s1,R2026072900002,O20260728000002,2026-07-29 12:00:00.000000,16250
t_demo,demo_20260921_v1,s1,R2026072900003,O20260728000003,2026-07-29 12:00:00.000000,16250
t_demo,demo_20260921_v1,s1,R2026072900004,O20260728000004,2026-07-29 12:00:00.000000,16250
t_demo,demo_20260921_v1,s1,R2026072900005,O20260728000005,2026-07-29 12:00:00.000000,16250
t_demo,demo_20260921_v1,s1,R2026072900006,O20260728000006,2026-07-29 12:00:00.000000,16250
t_demo,demo_20260921_v1,s1,R2026072900007,O20260728000007,2026-07-29 12:00:00.000000,16250
t_demo,demo_20260921_v1,s1,R2026072900008,O20260728000008,2026-07-29 12:00:00.000000,16250
t_demo,demo_20260921_v1,s1,R2026072900009,O20260728000009,2026-07-29 12:00:00.000000,16250
t_demo,demo_20260921_v1,s1,R2026072900010,O20260728000010,2026-07-29 12:00:00.000000,16250
t_demo,demo_20260921_v1,s1,R2026072900011,O20260728000011,2026-07-29 12:00:00.000000,16250
t_demo,demo_20260921_v1,s1,R2026072900012,O20260728000012,2026-07-29 12:00:00.000000,16250
t_demo,demo_20260921_v1,s1,R2026072900013,O20260728000013,2026-07-29 12:00:00.000000,16250
t_demo,demo_20260921_v1,s1,R2026072900014,O20260728000014,2026-07-29 12:00:00.000000,16250
t_demo,demo_20260921_v1,s1,R2026072900015,O20260728000015,2026-07-29 12:00:00.000000,16250
t_demo,demo_20260921_v1,s1,R2026072900016,O20260728000016,2026-07-29 12:00:00.000000,16250
t_demo,demo_20260921_v1,s1,R2026072900017,O20260728000017,2026-07-29 12:00:00.000000,16250
t_demo,demo_20260921_v1,s1,R2026072900018,O20260728000018,2026-07-29 12:00:00.000000,16250
t_demo,demo_20260921_v1,s1,R2026072900019,O20260728000019,2026-07-29 12:00:00.000000,16250
t_demo,demo_20260921_v1,s1,R2026072900020,O20260728000020,2026-07-29 12:00:00.000000,16250
t_demo,demo_20260921_v1,s1,R2026072900021,O20260728000021,2026-07-29 12:00:00.000000,16250
t_demo,demo_20260921_v1,s1,R2026072900022,O20260728000022,2026-07-29 12:00:00.000000,16250
t_demo,demo_20260921_v1,s1,R2026072900023,O20260728000023,2026-07-29 12:00:00.000000,16250
t_demo,demo_20260921_v1,s1,R2026072900024,O20260728000024,2026-07-29 12:00:00.000000,16250
t_demo,demo_20260921_v1,s1,R2026072900025,O20260728000025,2026-07-29 12:00:00.000000,16250
t_demo,demo_20260921_v1,s1,R2026072900026,O20260728000026,2026-07-29 12:00:00.000000,16250
t_demo,demo_20260921_v1,s1,R2026072900027,O20260728000027,2026-07-29 12:00:00.000000,16250
t_demo,demo_20260921_v1,s1,R2026072900028,O20260728000028,2026-07-29 12:00:00.000000,16250
t_demo,demo_20260921_v1,s1,R2026072900029,O20260728000029,2026-07-29 12:00:00.000000,16250
t_demo,demo_20260921_v1,s1,R2026072900030,O20260728000030,2026-07-29 12:00:00.000000,16250
t_demo,demo_20260921_v1,s1,R2026072900031,O20260728000031,2026-07-29 12:00:00.000000,16250
t_demo,demo_20260921_v1,s1,R2026072900032,O20260728000032,2026-07-29 12:00:00.000000,16250
t_demo,demo_20260921_v1,s1,R2026072900033,O20260728000033,2026-07-29 12:00:00.000000,16250
t_demo,demo_20260921_v1,s1,R2026072900034,O20260728000034,2026-07-29 12:00:00.000000,16250
t_demo,demo_20260921_v1,s1,R2026072900035,O20260728000035,2026-07-29 12:00:00.000000,16250
t_demo,demo_20260921_v1,s1,R2026072900036,O20260728000036,2026-07-29 12:00:00.000000,16250
t_demo,demo_20260921_v1,s1,R2026072900037,O20260728000037,2026-07-29 12:00:00.000000,16250
t_demo,demo_20260921_v1,s1,R2026072900038,O20260728000038,2026-07-29 12:00:00.000000,16250
t_demo,demo_20260921_v1,s1,R2026072900039,O20260728000039,2026-07-29 12:00:00.000000,16250
t_demo,demo_20260921_v1,s1,R2026072900040,O20260728000040,2026-07-29 12:00:00.000000,16250
t_demo,demo_20260921_v1,s1,R2026072900041,O20260728000041,2026-07-29 12:00:00.000000,16250
t_demo,demo_20260921_v1,s1,R2026072900042,O20260728000042,2026-07-29 12:00:00.000000,16250
t_demo,demo_20260921_v1,s1,R2026072900043,O20260728000043,2026-07-29 12:00:00.000000,16250
t_demo,demo_20260921_v1,s1,R2026072900044,O20260728000044,2026-07-29 12:00:00.000000,16250
t_demo,demo_20260921_v1,s1,R2026072900045,O20260728000045,2026-07-29 12:00:00.000000,16250
t_demo,demo_20260921_v1,s1,R2026072900046,O20260728000046,2026-07-29 12:00:00.000000,16250
t_demo,demo_20260921_v1,s1,R2026072900047,O20260728000047,2026-07-29 12:00:00.000000,16250
t_demo,demo_20260921_v1,s1,R2026072900048,O20260728000048,2026-07-29 12:00:00.000000,16250
t_demo,demo_20260921_v1,s1,R2026072900049,O20260728000049,2026-07-29 12:00:00.000000,16250
t_demo,demo_20260921_v1,s1,R2026072900050,O20260728000050,2026-07-29 12:00:00.000000,16250
t_demo,demo_20260921_v1,s1,R2026072900051,O20260728000051,2026-07-29 12:00:00.000000,16250
t_demo,demo_20260921_v1,s1,R2026072900052,O20260728000052,2026-07-29 12:00:00.000000,16250
t_demo,demo_20260921_v1,s1,R2026072900053,O20260728000053,2026-07-29 12:00:00.000000,16250
t_demo,demo_20260921_v1,s1,R2026072900054,O20260728000054,2026-07-29 12:00:00.000000,16250
t_demo,demo_20260921_v1,s1,R2026072900055,O20260728000055,2026-07-29 12:00:00.000000,16250
t_demo,demo_20260921_v1,s1,R2026072900056,O20260728000056,2026-07-29 12:00:00.000000,16250
t_demo,demo_20260921_v1,s1,R2026072900057,O20260728000057,2026-07-29 12:00:00.000000,16250
t_demo,demo_20260921_v1,s1,R2026072900058,O20260728000058,2026-07-29 12:00:00.000000,16250
t_demo,demo_20260921_v1,s1,R2026072900059,O20260728000059,2026-07-29 12:00:00.000000,16250
t_demo,demo_20260921_v1,s1,R2026072900060,O20260728000060,2026-07-29 12:00:00.000000,16250
t_demo,demo_20260921_v1,s1,R2026072900061,O20260728000061,2026-07-29 12:00:00.000000,16250
t_demo,demo_20260921_v1,s1,R2026072900062,O20260728000062,2026-07-29 12:00:00.000000,16250
t_demo,demo_20260921_v1,s1,R2026072900063,O20260728000063,2026-07-29 12:00:00.000000,16250
t_demo,demo_20260921_v1,s1,R2026072900064,O20260728000064,2026-07-29 12:00:00.000000,16250
t_demo,demo_20260921_v1,s1,R2026072900065,O20260728000065,2026-07-29 12:00:00.000000,16250
t_demo,demo_20260921_v1,s1,R2026072900066,O20260728000066,2026-07-29 12:00:00.000000,16250
t_demo,demo_20260921_v1,s1,R2026072900067,O20260728000067,2026-07-29 12:00:00.000000,16250
t_demo,demo_20260921_v1,s1,R2026072900068,O20260728000068,2026-07-29 12:00:00.000000,16250
t_demo,demo_20260921_v1,s1,R2026072900069,O20260728000069,2026-07-29 12:00:00.000000,16250
t_demo,demo_20260921_v1,s1,R2026072900070,O20260728000070,2026-07-29 12:00:00.000000,16250
t_demo,demo_20260921_v1,s1,R2026072900071,O20260728000071,2026-07-29 12:00:00.000000,16250
t_demo,demo_20260921_v1,s1,R2026072900072,O20260728000072,2026-07-29 12:00:00.000000,16250
t_demo,demo_20260921_v1,s1,R2026072900073,O20260728000073,2026-07-29 12:00:00.000000,16250
t_demo,demo_20260921_v1,s1,R2026072900074,O20260728000074,2026-07-29 12:00:00.000000,16250
t_demo,demo_20260921_v1,s1,R2026072900075,O20260728000075,2026-07-29 12:00:00.000000,16250
t_demo,demo_20260921_v1,s1,R2026072900076,O20260728000076,2026-07-29 12:00:00.000000,16250
t_demo,demo_20260921_v1,s1,R2026072900077,O20260728000077,2026-07-29 12:00:00.000000,16250
t_demo,demo_20260921_v1,s1,R2026072900078,O20260728000078,2026-07-29 12:00:00.000000,16250
t_demo,demo_20260921_v1,s1,R2026072900079,O20260728000079,2026-07-29 12:00:00.000000,16250
t_demo,demo_20260921_v1,s1,R2026072900080,O20260728000080,2026-07-29 12:00:00.000000,16250
t_demo,demo_20260921_v1,s1,R2026073000001,O20260729000001,2026-07-30 12:00:00.000000,16250
t_demo,demo_20260921_v1,s1,R2026073000002,O20260729000002,2026-07-30 12:00:00.000000,16250
t_demo,demo_20260921_v1,s1,R2026073000003,O20260729000003,2026-07-30 12:00:00.000000,16250
t_demo,demo_20260921_v1,s1,R2026073000004,O20260729000004,2026-07-30 12:00:00.000000,16250
t_demo,demo_20260921_v1,s1,R2026073000005,O20260729000005,2026-07-30 12:00:00.000000,16250
t_demo,demo_20260921_v1,s1,R2026073000006,O20260729000006,2026-07-30 12:00:00.000000,16250
t_demo,demo_20260921_v1,s1,R2026073000007,O20260729000007,2026-07-30 12:00:00.000000,16250
t_demo,demo_20260921_v1,s1,R2026073000008,O20260729000008,2026-07-30 12:00:00.000000,16250
t_demo,demo_20260921_v1,s1,R2026073000009,O20260729000009,2026-07-30 12:00:00.000000,16250
t_demo,demo_20260921_v1,s1,R2026073000010,O20260729000010,2026-07-30 12:00:00.000000,16250
t_demo,demo_20260921_v1,s1,R2026073000011,O20260729000011,2026-07-30 12:00:00.000000,16250
t_demo,demo_20260921_v1,s1,R2026073000012,O20260729000012,2026-07-30 12:00:00.000000,16250
t_demo,demo_20260921_v1,s1,R2026073000013,O20260729000013,2026-07-30 12:00:00.000000,16250
t_demo,demo_20260921_v1,s1,R2026073000014,O20260729000014,2026-07-30 12:00:00.000000,16250
t_demo,demo_20260921_v1,s1,R2026073000015,O20260729000015,2026-07-30 12:00:00.000000,16250
t_demo,demo_20260921_v1,s1,R2026073000016,O20260729000016,2026-07-30 12:00:00.000000,16250
t_demo,demo_20260921_v1,s1,R2026073000017,O20260729000017,2026-07-30 12:00:00.000000,16250
t_demo,demo_20260921_v1,s1,R2026073000018,O20260729000018,2026-07-30 12:00:00.000000,16250
t_demo,demo_20260921_v1,s1,R2026073000019,O20260729000019,2026-07-30 12:00:00.000000,16250
t_demo,demo_20260921_v1,s1,R2026073000020,O20260729000020,2026-07-30 12:00:00.000000,16250
t_demo,demo_20260921_v1,s1,R2026073000021,O20260729000021,2026-07-30 12:00:00.000000,16250
t_demo,demo_20260921_v1,s1,R2026073000022,O20260729000022,2026-07-30 12:00:00.000000,16250
t_demo,demo_20260921_v1,s1,R2026073000023,O20260729000023,2026-07-30 12:00:00.000000,16250
t_demo,demo_20260921_v1,s1,R2026073000024,O20260729000024,2026-07-30 12:00:00.000000,16250
t_demo,demo_20260921_v1,s1,R2026073000025,O20260729000025,2026-07-30 12:00:00.000000,16250
t_demo,demo_20260921_v1,s1,R2026073000026,O20260729000026,2026-07-30 12:00:00.000000,16250
t_demo,demo_20260921_v1,s1,R2026073000027,O20260729000027,2026-07-30 12:00:00.000000,16250
t_demo,demo_20260921_v1,s1,R2026073000028,O20260729000028,2026-07-30 12:00:00.000000,16250
t_demo,demo_20260921_v1,s1,R2026073000029,O20260729000029,2026-07-30 12:00:00.000000,16250
t_demo,demo_20260921_v1,s1,R2026073000030,O20260729000030,2026-07-30 12:00:00.000000,16250
t_demo,demo_20260921_v1,s1,R2026073000031,O20260729000031,2026-07-30 12:00:00.000000,16250
t_demo,demo_20260921_v1,s1,R2026073000032,O20260729000032,2026-07-30 12:00:00.000000,16250
t_demo,demo_20260921_v1,s1,R2026073000033,O20260729000033,2026-07-30 12:00:00.000000,16250
t_demo,demo_20260921_v1,s1,R2026073000034,O20260729000034,2026-07-30 12:00:00.000000,16250
t_demo,demo_20260921_v1,s1,R2026073000035,O20260729000035,2026-07-30 12:00:00.000000,16250
t_demo,demo_20260921_v1,s1,R2026073000036,O20260729000036,2026-07-30 12:00:00.000000,16250
t_demo,demo_20260921_v1,s1,R2026073000037,O20260729000037,2026-07-30 12:00:00.000000,16250
t_demo,demo_20260921_v1,s1,R2026073000038,O20260729000038,2026-07-30 12:00:00.000000,16250
t_demo,demo_20260921_v1,s1,R2026073000039,O20260729000039,2026-07-30 12:00:00.000000,16250
t_demo,demo_20260921_v1,s1,R2026073000040,O20260729000040,2026-07-30 12:00:00.000000,16250
t_demo,demo_20260921_v1,s1,R2026073000041,O20260729000041,2026-07-30 12:00:00.000000,16250
t_demo,demo_20260921_v1,s1,R2026073000042,O20260729000042,2026-07-30 12:00:00.000000,16250
t_demo,demo_20260921_v1,s1,R2026073000043,O20260729000043,2026-07-30 12:00:00.000000,16250
t_demo,demo_20260921_v1,s1,R2026073000044,O20260729000044,2026-07-30 12:00:00.000000,16250
t_demo,demo_20260921_v1,s1,R2026073000045,O20260729000045,2026-07-30 12:00:00.000000,16250
t_demo,demo_20260921_v1,s1,R2026073000046,O20260729000046,2026-07-30 12:00:00.000000,16250
t_demo,demo_20260921_v1,s1,R2026073000047,O20260729000047,2026-07-30 12:00:00.000000,16250
t_demo,demo_20260921_v1,s1,R2026073000048,O20260729000048,2026-07-30 12:00:00.000000,16250
t_demo,demo_20260921_v1,s1,R2026073000049,O20260729000049,2026-07-30 12:00:00.000000,16250
t_demo,demo_20260921_v1,s1,R2026073000050,O20260729000050,2026-07-30 12:00:00.000000,16250
t_demo,demo_20260921_v1,s1,R2026073000051,O20260729000051,2026-07-30 12:00:00.000000,16250
t_demo,demo_20260921_v1,s1,R2026073000052,O20260729000052,2026-07-30 12:00:00.000000,16250
t_demo,demo_20260921_v1,s1,R2026073000053,O20260729000053,2026-07-30 12:00:00.000000,16250
t_demo,demo_20260921_v1,s1,R2026073000054,O20260729000054,2026-07-30 12:00:00.000000,16250
t_demo,demo_20260921_v1,s1,R2026073000055,O20260729000055,2026-07-30 12:00:00.000000,16250
t_demo,demo_20260921_v1,s1,R2026073000056,O20260729000056,2026-07-30 12:00:00.000000,16250
t_demo,demo_20260921_v1,s1,R2026073000057,O20260729000057,2026-07-30 12:00:00.000000,16250
t_demo,demo_20260921_v1,s1,R2026073000058,O20260729000058,2026-07-30 12:00:00.000000,16250
t_demo,demo_20260921_v1,s1,R2026073000059,O20260729000059,2026-07-30 12:00:00.000000,16250
t_demo,demo_20260921_v1,s1,R2026073000060,O20260729000060,2026-07-30 12:00:00.000000,16250
t_demo,demo_20260921_v1,s1,R2026073000061,O20260729000061,2026-07-30 12:00:00.000000,16250
t_demo,demo_20260921_v1,s1,R2026073000062,O20260729000062,2026-07-30 12:00:00.000000,16250
t_demo,demo_20260921_v1,s1,R2026073000063,O20260729000063,2026-07-30 12:00:00.000000,16250
t_demo,demo_20260921_v1,s1,R2026073000064,O20260729000064,2026-07-30 12:00:00.000000,16250
t_demo,demo_20260921_v1,s1,R2026073000065,O20260729000065,2026-07-30 12:00:00.000000,16250
t_demo,demo_20260921_v1,s1,R2026073000066,O20260729000066,2026-07-30 12:00:00.000000,16250
t_demo,demo_20260921_v1,s1,R2026073000067,O20260729000067,2026-07-30 12:00:00.000000,16250
t_demo,demo_20260921_v1,s1,R2026073000068,O20260729000068,2026-07-30 12:00:00.000000,16250
t_demo,demo_20260921_v1,s1,R2026073000069,O20260729000069,2026-07-30 12:00:00.000000,16250
t_demo,demo_20260921_v1,s1,R2026073000070,O20260729000070,2026-07-30 12:00:00.000000,16250
t_demo,demo_20260921_v1,s1,R2026073000071,O20260729000071,2026-07-30 12:00:00.000000,16250
t_demo,demo_20260921_v1,s1,R2026073000072,O20260729000072,2026-07-30 12:00:00.000000,16250
t_demo,demo_20260921_v1,s1,R2026073000073,O20260729000073,2026-07-30 12:00:00.000000,16250
t_demo,demo_20260921_v1,s1,R2026073000074,O20260729000074,2026-07-30 12:00:00.000000,16250
t_demo,demo_20260921_v1,s1,R2026073000075,O20260729000075,2026-07-30 12:00:00.000000,16250
t_demo,demo_20260921_v1,s1,R2026073000076,O20260729000076,2026-07-30 12:00:00.000000,16250
t_demo,demo_20260921_v1,s1,R2026073000077,O20260729000077,2026-07-30 12:00:00.000000,16250
t_demo,demo_20260921_v1,s1,R2026073000078,O20260729000078,2026-07-30 12:00:00.000000,16250
t_demo,demo_20260921_v1,s1,R2026073000079,O20260729000079,2026-07-30 12:00:00.000000,16250
t_demo,demo_20260921_v1,s1,R2026073000080,O20260729000080,2026-07-30 12:00:00.000000,16250
t_demo,demo_20260921_v1,s1,R2026073100001,O20260730000001,2026-07-31 12:00:00.000000,16250
t_demo,demo_20260921_v1,s1,R2026073100002,O20260730000002,2026-07-31 12:00:00.000000,16250
t_demo,demo_20260921_v1,s1,R2026073100003,O20260730000003,2026-07-31 12:00:00.000000,16250
t_demo,demo_20260921_v1,s1,R2026073100004,O20260730000004,2026-07-31 12:00:00.000000,16250
t_demo,demo_20260921_v1,s1,R2026073100005,O20260730000005,2026-07-31 12:00:00.000000,16250
t_demo,demo_20260921_v1,s1,R2026073100006,O20260730000006,2026-07-31 12:00:00.000000,16250
t_demo,demo_20260921_v1,s1,R2026073100007,O20260730000007,2026-07-31 12:00:00.000000,16250
t_demo,demo_20260921_v1,s1,R2026073100008,O20260730000008,2026-07-31 12:00:00.000000,16250
t_demo,demo_20260921_v1,s1,R2026073100009,O20260730000009,2026-07-31 12:00:00.000000,16250
t_demo,demo_20260921_v1,s1,R2026073100010,O20260730000010,2026-07-31 12:00:00.000000,16250
t_demo,demo_20260921_v1,s1,R2026073100011,O20260730000011,2026-07-31 12:00:00.000000,16250
t_demo,demo_20260921_v1,s1,R2026073100012,O20260730000012,2026-07-31 12:00:00.000000,16250
t_demo,demo_20260921_v1,s1,R2026073100013,O20260730000013,2026-07-31 12:00:00.000000,16250
t_demo,demo_20260921_v1,s1,R2026073100014,O20260730000014,2026-07-31 12:00:00.000000,16250
t_demo,demo_20260921_v1,s1,R2026073100015,O20260730000015,2026-07-31 12:00:00.000000,16250
t_demo,demo_20260921_v1,s1,R2026073100016,O20260730000016,2026-07-31 12:00:00.000000,16250
t_demo,demo_20260921_v1,s1,R2026073100017,O20260730000017,2026-07-31 12:00:00.000000,16250
t_demo,demo_20260921_v1,s1,R2026073100018,O20260730000018,2026-07-31 12:00:00.000000,16250
t_demo,demo_20260921_v1,s1,R2026073100019,O20260730000019,2026-07-31 12:00:00.000000,16250
t_demo,demo_20260921_v1,s1,R2026073100020,O20260730000020,2026-07-31 12:00:00.000000,16250
t_demo,demo_20260921_v1,s1,R2026073100021,O20260730000021,2026-07-31 12:00:00.000000,16250
t_demo,demo_20260921_v1,s1,R2026073100022,O20260730000022,2026-07-31 12:00:00.000000,16250
t_demo,demo_20260921_v1,s1,R2026073100023,O20260730000023,2026-07-31 12:00:00.000000,16250
t_demo,demo_20260921_v1,s1,R2026073100024,O20260730000024,2026-07-31 12:00:00.000000,16250
t_demo,demo_20260921_v1,s1,R2026073100025,O20260730000025,2026-07-31 12:00:00.000000,16250
t_demo,demo_20260921_v1,s1,R2026073100026,O20260730000026,2026-07-31 12:00:00.000000,16250
t_demo,demo_20260921_v1,s1,R2026073100027,O20260730000027,2026-07-31 12:00:00.000000,16250
t_demo,demo_20260921_v1,s1,R2026073100028,O20260730000028,2026-07-31 12:00:00.000000,16250
t_demo,demo_20260921_v1,s1,R2026073100029,O20260730000029,2026-07-31 12:00:00.000000,16250
t_demo,demo_20260921_v1,s1,R2026073100030,O20260730000030,2026-07-31 12:00:00.000000,16250
t_demo,demo_20260921_v1,s1,R2026073100031,O20260730000031,2026-07-31 12:00:00.000000,16250
t_demo,demo_20260921_v1,s1,R2026073100032,O20260730000032,2026-07-31 12:00:00.000000,16250
t_demo,demo_20260921_v1,s1,R2026073100033,O20260730000033,2026-07-31 12:00:00.000000,16250
t_demo,demo_20260921_v1,s1,R2026073100034,O20260730000034,2026-07-31 12:00:00.000000,16250
t_demo,demo_20260921_v1,s1,R2026073100035,O20260730000035,2026-07-31 12:00:00.000000,16250
t_demo,demo_20260921_v1,s1,R2026073100036,O20260730000036,2026-07-31 12:00:00.000000,16250
t_demo,demo_20260921_v1,s1,R2026073100037,O20260730000037,2026-07-31 12:00:00.000000,16250
t_demo,demo_20260921_v1,s1,R2026073100038,O20260730000038,2026-07-31 12:00:00.000000,16250
t_demo,demo_20260921_v1,s1,R2026073100039,O20260730000039,2026-07-31 12:00:00.000000,16250
t_demo,demo_20260921_v1,s1,R2026073100040,O20260730000040,2026-07-31 12:00:00.000000,16250
t_demo,demo_20260921_v1,s1,R2026073100041,O20260730000041,2026-07-31 12:00:00.000000,16250
t_demo,demo_20260921_v1,s1,R2026073100042,O20260730000042,2026-07-31 12:00:00.000000,16250
t_demo,demo_20260921_v1,s1,R2026073100043,O20260730000043,2026-07-31 12:00:00.000000,16250
t_demo,demo_20260921_v1,s1,R2026073100044,O20260730000044,2026-07-31 12:00:00.000000,16250
t_demo,demo_20260921_v1,s1,R2026073100045,O20260730000045,2026-07-31 12:00:00.000000,16250
t_demo,demo_20260921_v1,s1,R2026073100046,O20260730000046,2026-07-31 12:00:00.000000,16250
t_demo,demo_20260921_v1,s1,R2026073100047,O20260730000047,2026-07-31 12:00:00.000000,16250
t_demo,demo_20260921_v1,s1,R2026073100048,O20260730000048,2026-07-31 12:00:00.000000,16250
t_demo,demo_20260921_v1,s1,R2026073100049,O20260730000049,2026-07-31 12:00:00.000000,16250
t_demo,demo_20260921_v1,s1,R2026073100050,O20260730000050,2026-07-31 12:00:00.000000,16250
t_demo,demo_20260921_v1,s1,R2026073100051,O20260730000051,2026-07-31 12:00:00.000000,16250
t_demo,demo_20260921_v1,s1,R2026073100052,O20260730000052,2026-07-31 12:00:00.000000,16250
t_demo,demo_20260921_v1,s1,R2026073100053,O20260730000053,2026-07-31 12:00:00.000000,16250
t_demo,demo_20260921_v1,s1,R2026073100054,O20260730000054,2026-07-31 12:00:00.000000,16250
t_demo,demo_20260921_v1,s1,R2026073100055,O20260730000055,2026-07-31 12:00:00.000000,16250
t_demo,demo_20260921_v1,s1,R2026073100056,O20260730000056,2026-07-31 12:00:00.000000,16250
t_demo,demo_20260921_v1,s1,R2026073100057,O20260730000057,2026-07-31 12:00:00.000000,16250
t_demo,demo_20260921_v1,s1,R2026073100058,O20260730000058,2026-07-31 12:00:00.000000,16250
t_demo,demo_20260921_v1,s1,R2026073100059,O20260730000059,2026-07-31 12:00:00.000000,16250
t_demo,demo_20260921_v1,s1,R2026073100060,O20260730000060,2026-07-31 12:00:00.000000,16250
t_demo,demo_20260921_v1,s1,R2026073100061,O20260730000061,2026-07-31 12:00:00.000000,16250
t_demo,demo_20260921_v1,s1,R2026073100062,O20260730000062,2026-07-31 12:00:00.000000,16250
t_demo,demo_20260921_v1,s1,R2026073100063,O20260730000063,2026-07-31 12:00:00.000000,16250
t_demo,demo_20260921_v1,s1,R2026073100064,O20260730000064,2026-07-31 12:00:00.000000,16250
t_demo,demo_20260921_v1,s1,R2026073100065,O20260730000065,2026-07-31 12:00:00.000000,16250
t_demo,demo_20260921_v1,s1,R2026073100066,O20260730000066,2026-07-31 12:00:00.000000,16250
t_demo,demo_20260921_v1,s1,R2026073100067,O20260730000067,2026-07-31 12:00:00.000000,16250
t_demo,demo_20260921_v1,s1,R2026073100068,O20260730000068,2026-07-31 12:00:00.000000,16250
t_demo,demo_20260921_v1,s1,R2026073100069,O20260730000069,2026-07-31 12:00:00.000000,16250
t_demo,demo_20260921_v1,s1,R2026073100070,O20260730000070,2026-07-31 12:00:00.000000,16250
t_demo,demo_20260921_v1,s1,R2026073100071,O20260730000071,2026-07-31 12:00:00.000000,16250
t_demo,demo_20260921_v1,s1,R2026073100072,O20260730000072,2026-07-31 12:00:00.000000,16250
t_demo,demo_20260921_v1,s1,R2026073100073,O20260730000073,2026-07-31 12:00:00.000000,16250
t_demo,demo_20260921_v1,s1,R2026073100074,O20260730000074,2026-07-31 12:00:00.000000,16250
t_demo,demo_20260921_v1,s1,R2026073100075,O20260730000075,2026-07-31 12:00:00.000000,16250
t_demo,demo_20260921_v1,s1,R2026073100076,O20260730000076,2026-07-31 12:00:00.000000,16250
t_demo,demo_20260921_v1,s1,R2026073100077,O20260730000077,2026-07-31 12:00:00.000000,16250
t_demo,demo_20260921_v1,s1,R2026073100078,O20260730000078,2026-07-31 12:00:00.000000,16250
t_demo,demo_20260921_v1,s1,R2026073100079,O20260730000079,2026-07-31 12:00:00.000000,16250
t_demo,demo_20260921_v1,s1,R2026073100080,O20260730000080,2026-07-31 12:00:00.000000,16250
t_demo,demo_20260921_v1,s1,R2026080100001,O20260731000001,2026-08-01 12:00:00.000000,16250
t_demo,demo_20260921_v1,s1,R2026080100002,O20260731000002,2026-08-01 12:00:00.000000,16250
t_demo,demo_20260921_v1,s1,R2026080100003,O20260731000003,2026-08-01 12:00:00.000000,16250
t_demo,demo_20260921_v1,s1,R2026080100004,O20260731000004,2026-08-01 12:00:00.000000,16250
t_demo,demo_20260921_v1,s1,R2026080100005,O20260731000005,2026-08-01 12:00:00.000000,16250
t_demo,demo_20260921_v1,s1,R2026080100006,O20260731000006,2026-08-01 12:00:00.000000,16250
t_demo,demo_20260921_v1,s1,R2026080100007,O20260731000007,2026-08-01 12:00:00.000000,16250
t_demo,demo_20260921_v1,s1,R2026080100008,O20260731000008,2026-08-01 12:00:00.000000,16250
t_demo,demo_20260921_v1,s1,R2026080100009,O20260731000009,2026-08-01 12:00:00.000000,16250
t_demo,demo_20260921_v1,s1,R2026080100010,O20260731000010,2026-08-01 12:00:00.000000,16250
t_demo,demo_20260921_v1,s1,R2026080100011,O20260731000011,2026-08-01 12:00:00.000000,16250
t_demo,demo_20260921_v1,s1,R2026080100012,O20260731000012,2026-08-01 12:00:00.000000,16250
t_demo,demo_20260921_v1,s1,R2026080100013,O20260731000013,2026-08-01 12:00:00.000000,16250
t_demo,demo_20260921_v1,s1,R2026080100014,O20260731000014,2026-08-01 12:00:00.000000,16250
t_demo,demo_20260921_v1,s1,R2026080100015,O20260731000015,2026-08-01 12:00:00.000000,16250
t_demo,demo_20260921_v1,s1,R2026080100016,O20260731000016,2026-08-01 12:00:00.000000,16250
t_demo,demo_20260921_v1,s1,R2026080100017,O20260731000017,2026-08-01 12:00:00.000000,16250
t_demo,demo_20260921_v1,s1,R2026080100018,O20260731000018,2026-08-01 12:00:00.000000,16250
t_demo,demo_20260921_v1,s1,R2026080100019,O20260731000019,2026-08-01 12:00:00.000000,16250
t_demo,demo_20260921_v1,s1,R2026080100020,O20260731000020,2026-08-01 12:00:00.000000,16250
t_demo,demo_20260921_v1,s1,R2026080100021,O20260731000021,2026-08-01 12:00:00.000000,16250
t_demo,demo_20260921_v1,s1,R2026080100022,O20260731000022,2026-08-01 12:00:00.000000,16250
t_demo,demo_20260921_v1,s1,R2026080100023,O20260731000023,2026-08-01 12:00:00.000000,16250
t_demo,demo_20260921_v1,s1,R2026080100024,O20260731000024,2026-08-01 12:00:00.000000,16250
t_demo,demo_20260921_v1,s1,R2026080100025,O20260731000025,2026-08-01 12:00:00.000000,16250
t_demo,demo_20260921_v1,s1,R2026080100026,O20260731000026,2026-08-01 12:00:00.000000,16250
t_demo,demo_20260921_v1,s1,R2026080100027,O20260731000027,2026-08-01 12:00:00.000000,16250
t_demo,demo_20260921_v1,s1,R2026080100028,O20260731000028,2026-08-01 12:00:00.000000,16250
t_demo,demo_20260921_v1,s1,R2026080100029,O20260731000029,2026-08-01 12:00:00.000000,16250
t_demo,demo_20260921_v1,s1,R2026080100030,O20260731000030,2026-08-01 12:00:00.000000,16250
t_demo,demo_20260921_v1,s1,R2026080100031,O20260731000031,2026-08-01 12:00:00.000000,16250
t_demo,demo_20260921_v1,s1,R2026080100032,O20260731000032,2026-08-01 12:00:00.000000,16250
t_demo,demo_20260921_v1,s1,R2026080100033,O20260731000033,2026-08-01 12:00:00.000000,16250
t_demo,demo_20260921_v1,s1,R2026080100034,O20260731000034,2026-08-01 12:00:00.000000,16250
t_demo,demo_20260921_v1,s1,R2026080100035,O20260731000035,2026-08-01 12:00:00.000000,16250
t_demo,demo_20260921_v1,s1,R2026080100036,O20260731000036,2026-08-01 12:00:00.000000,16250
t_demo,demo_20260921_v1,s1,R2026080100037,O20260731000037,2026-08-01 12:00:00.000000,16250
t_demo,demo_20260921_v1,s1,R2026080100038,O20260731000038,2026-08-01 12:00:00.000000,16250
t_demo,demo_20260921_v1,s1,R2026080100039,O20260731000039,2026-08-01 12:00:00.000000,16250
t_demo,demo_20260921_v1,s1,R2026080100040,O20260731000040,2026-08-01 12:00:00.000000,16250
t_demo,demo_20260921_v1,s1,R2026080100041,O20260731000041,2026-08-01 12:00:00.000000,16250
t_demo,demo_20260921_v1,s1,R2026080100042,O20260731000042,2026-08-01 12:00:00.000000,16250
t_demo,demo_20260921_v1,s1,R2026080100043,O20260731000043,2026-08-01 12:00:00.000000,16250
t_demo,demo_20260921_v1,s1,R2026080100044,O20260731000044,2026-08-01 12:00:00.000000,16250
t_demo,demo_20260921_v1,s1,R2026080100045,O20260731000045,2026-08-01 12:00:00.000000,16250
t_demo,demo_20260921_v1,s1,R2026080100046,O20260731000046,2026-08-01 12:00:00.000000,16250
t_demo,demo_20260921_v1,s1,R2026080100047,O20260731000047,2026-08-01 12:00:00.000000,16250
t_demo,demo_20260921_v1,s1,R2026080100048,O20260731000048,2026-08-01 12:00:00.000000,16250
t_demo,demo_20260921_v1,s1,R2026080100049,O20260731000049,2026-08-01 12:00:00.000000,16250
t_demo,demo_20260921_v1,s1,R2026080100050,O20260731000050,2026-08-01 12:00:00.000000,16250
t_demo,demo_20260921_v1,s1,R2026080100051,O20260731000051,2026-08-01 12:00:00.000000,16250
t_demo,demo_20260921_v1,s1,R2026080100052,O20260731000052,2026-08-01 12:00:00.000000,16250
t_demo,demo_20260921_v1,s1,R2026080100053,O20260731000053,2026-08-01 12:00:00.000000,16250
t_demo,demo_20260921_v1,s1,R2026080100054,O20260731000054,2026-08-01 12:00:00.000000,16250
t_demo,demo_20260921_v1,s1,R2026080100055,O20260731000055,2026-08-01 12:00:00.000000,16250
t_demo,demo_20260921_v1,s1,R2026080100056,O20260731000056,2026-08-01 12:00:00.000000,16250
t_demo,demo_20260921_v1,s1,R2026080100057,O20260731000057,2026-08-01 12:00:00.000000,16250
t_demo,demo_20260921_v1,s1,R2026080100058,O20260731000058,2026-08-01 12:00:00.000000,16250
t_demo,demo_20260921_v1,s1,R2026080100059,O20260731000059,2026-08-01 12:00:00.000000,16250
t_demo,demo_20260921_v1,s1,R2026080100060,O20260731000060,2026-08-01 12:00:00.000000,16250
t_demo,demo_20260921_v1,s1,R2026080100061,O20260731000061,2026-08-01 12:00:00.000000,16250
t_demo,demo_20260921_v1,s1,R2026080100062,O20260731000062,2026-08-01 12:00:00.000000,16250
t_demo,demo_20260921_v1,s1,R2026080100063,O20260731000063,2026-08-01 12:00:00.000000,16250
t_demo,demo_20260921_v1,s1,R2026080100064,O20260731000064,2026-08-01 12:00:00.000000,16250
t_demo,demo_20260921_v1,s1,R2026080100065,O20260731000065,2026-08-01 12:00:00.000000,16250
t_demo,demo_20260921_v1,s1,R2026080100066,O20260731000066,2026-08-01 12:00:00.000000,16250
t_demo,demo_20260921_v1,s1,R2026080100067,O20260731000067,2026-08-01 12:00:00.000000,16250
t_demo,demo_20260921_v1,s1,R2026080100068,O20260731000068,2026-08-01 12:00:00.000000,16250
t_demo,demo_20260921_v1,s1,R2026080100069,O20260731000069,2026-08-01 12:00:00.000000,16250
t_demo,demo_20260921_v1,s1,R2026080100070,O20260731000070,2026-08-01 12:00:00.000000,16250
t_demo,demo_20260921_v1,s1,R2026080100071,O20260731000071,2026-08-01 12:00:00.000000,16250
t_demo,demo_20260921_v1,s1,R2026080100072,O20260731000072,2026-08-01 12:00:00.000000,16250
t_demo,demo_20260921_v1,s1,R2026080100073,O20260731000073,2026-08-01 12:00:00.000000,16250
t_demo,demo_20260921_v1,s1,R2026080100074,O20260731000074,2026-08-01 12:00:00.000000,16250
t_demo,demo_20260921_v1,s1,R2026080100075,O20260731000075,2026-08-01 12:00:00.000000,16250
t_demo,demo_20260921_v1,s1,R2026080100076,O20260731000076,2026-08-01 12:00:00.000000,16250
t_demo,demo_20260921_v1,s1,R2026080100077,O20260731000077,2026-08-01 12:00:00.000000,16250
t_demo,demo_20260921_v1,s1,R2026080100078,O20260731000078,2026-08-01 12:00:00.000000,16250
t_demo,demo_20260921_v1,s1,R2026080100079,O20260731000079,2026-08-01 12:00:00.000000,16250
t_demo,demo_20260921_v1,s1,R2026080100080,O20260731000080,2026-08-01 12:00:00.000000,16250
t_demo,demo_20260921_v1,s1,R2026080200001,O20260801000001,2026-08-02 12:00:00.000000,16250
t_demo,demo_20260921_v1,s1,R2026080200002,O20260801000002,2026-08-02 12:00:00.000000,16250
t_demo,demo_20260921_v1,s1,R2026080200003,O20260801000003,2026-08-02 12:00:00.000000,16250
t_demo,demo_20260921_v1,s1,R2026080200004,O20260801000004,2026-08-02 12:00:00.000000,16250
t_demo,demo_20260921_v1,s1,R2026080200005,O20260801000005,2026-08-02 12:00:00.000000,16250
t_demo,demo_20260921_v1,s1,R2026080200006,O20260801000006,2026-08-02 12:00:00.000000,16250
t_demo,demo_20260921_v1,s1,R2026080200007,O20260801000007,2026-08-02 12:00:00.000000,16250
t_demo,demo_20260921_v1,s1,R2026080200008,O20260801000008,2026-08-02 12:00:00.000000,16250
t_demo,demo_20260921_v1,s1,R2026080200009,O20260801000009,2026-08-02 12:00:00.000000,16250
t_demo,demo_20260921_v1,s1,R2026080200010,O20260801000010,2026-08-02 12:00:00.000000,16250
t_demo,demo_20260921_v1,s1,R2026080200011,O20260801000011,2026-08-02 12:00:00.000000,16250
t_demo,demo_20260921_v1,s1,R2026080200012,O20260801000012,2026-08-02 12:00:00.000000,16250
t_demo,demo_20260921_v1,s1,R2026080200013,O20260801000013,2026-08-02 12:00:00.000000,16250
t_demo,demo_20260921_v1,s1,R2026080200014,O20260801000014,2026-08-02 12:00:00.000000,16250
t_demo,demo_20260921_v1,s1,R2026080200015,O20260801000015,2026-08-02 12:00:00.000000,16250
t_demo,demo_20260921_v1,s1,R2026080200016,O20260801000016,2026-08-02 12:00:00.000000,16250
t_demo,demo_20260921_v1,s1,R2026080200017,O20260801000017,2026-08-02 12:00:00.000000,16250
t_demo,demo_20260921_v1,s1,R2026080200018,O20260801000018,2026-08-02 12:00:00.000000,16250
t_demo,demo_20260921_v1,s1,R2026080200019,O20260801000019,2026-08-02 12:00:00.000000,16250
t_demo,demo_20260921_v1,s1,R2026080200020,O20260801000020,2026-08-02 12:00:00.000000,16250
t_demo,demo_20260921_v1,s1,R2026080200021,O20260801000021,2026-08-02 12:00:00.000000,16250
t_demo,demo_20260921_v1,s1,R2026080200022,O20260801000022,2026-08-02 12:00:00.000000,16250
t_demo,demo_20260921_v1,s1,R2026080200023,O20260801000023,2026-08-02 12:00:00.000000,16250
t_demo,demo_20260921_v1,s1,R2026080200024,O20260801000024,2026-08-02 12:00:00.000000,16250
t_demo,demo_20260921_v1,s1,R2026080200025,O20260801000025,2026-08-02 12:00:00.000000,16250
t_demo,demo_20260921_v1,s1,R2026080200026,O20260801000026,2026-08-02 12:00:00.000000,16250
t_demo,demo_20260921_v1,s1,R2026080200027,O20260801000027,2026-08-02 12:00:00.000000,16250
t_demo,demo_20260921_v1,s1,R2026080200028,O20260801000028,2026-08-02 12:00:00.000000,16250
t_demo,demo_20260921_v1,s1,R2026080200029,O20260801000029,2026-08-02 12:00:00.000000,16250
t_demo,demo_20260921_v1,s1,R2026080200030,O20260801000030,2026-08-02 12:00:00.000000,16250
t_demo,demo_20260921_v1,s1,R2026080200031,O20260801000031,2026-08-02 12:00:00.000000,16250
t_demo,demo_20260921_v1,s1,R2026080200032,O20260801000032,2026-08-02 12:00:00.000000,16250
t_demo,demo_20260921_v1,s1,R2026080200033,O20260801000033,2026-08-02 12:00:00.000000,16250
t_demo,demo_20260921_v1,s1,R2026080200034,O20260801000034,2026-08-02 12:00:00.000000,16250
t_demo,demo_20260921_v1,s1,R2026080200035,O20260801000035,2026-08-02 12:00:00.000000,16250
t_demo,demo_20260921_v1,s1,R2026080200036,O20260801000036,2026-08-02 12:00:00.000000,16250
t_demo,demo_20260921_v1,s1,R2026080200037,O20260801000037,2026-08-02 12:00:00.000000,16250
t_demo,demo_20260921_v1,s1,R2026080200038,O20260801000038,2026-08-02 12:00:00.000000,16250
t_demo,demo_20260921_v1,s1,R2026080200039,O20260801000039,2026-08-02 12:00:00.000000,16250
t_demo,demo_20260921_v1,s1,R2026080200040,O20260801000040,2026-08-02 12:00:00.000000,16250
t_demo,demo_20260921_v1,s1,R2026080200041,O20260801000041,2026-08-02 12:00:00.000000,16250
t_demo,demo_20260921_v1,s1,R2026080200042,O20260801000042,2026-08-02 12:00:00.000000,16250
t_demo,demo_20260921_v1,s1,R2026080200043,O20260801000043,2026-08-02 12:00:00.000000,16250
t_demo,demo_20260921_v1,s1,R2026080200044,O20260801000044,2026-08-02 12:00:00.000000,16250
t_demo,demo_20260921_v1,s1,R2026080200045,O20260801000045,2026-08-02 12:00:00.000000,16250
t_demo,demo_20260921_v1,s1,R2026080200046,O20260801000046,2026-08-02 12:00:00.000000,16250
t_demo,demo_20260921_v1,s1,R2026080200047,O20260801000047,2026-08-02 12:00:00.000000,16250
t_demo,demo_20260921_v1,s1,R2026080200048,O20260801000048,2026-08-02 12:00:00.000000,16250
t_demo,demo_20260921_v1,s1,R2026080200049,O20260801000049,2026-08-02 12:00:00.000000,16250
t_demo,demo_20260921_v1,s1,R2026080200050,O20260801000050,2026-08-02 12:00:00.000000,16250
t_demo,demo_20260921_v1,s1,R2026080200051,O20260801000051,2026-08-02 12:00:00.000000,16250
t_demo,demo_20260921_v1,s1,R2026080200052,O20260801000052,2026-08-02 12:00:00.000000,16250
t_demo,demo_20260921_v1,s1,R2026080200053,O20260801000053,2026-08-02 12:00:00.000000,16250
t_demo,demo_20260921_v1,s1,R2026080200054,O20260801000054,2026-08-02 12:00:00.000000,16250
t_demo,demo_20260921_v1,s1,R2026080200055,O20260801000055,2026-08-02 12:00:00.000000,16250
t_demo,demo_20260921_v1,s1,R2026080200056,O20260801000056,2026-08-02 12:00:00.000000,16250
t_demo,demo_20260921_v1,s1,R2026080200057,O20260801000057,2026-08-02 12:00:00.000000,16250
t_demo,demo_20260921_v1,s1,R2026080200058,O20260801000058,2026-08-02 12:00:00.000000,16250
t_demo,demo_20260921_v1,s1,R2026080200059,O20260801000059,2026-08-02 12:00:00.000000,16250
t_demo,demo_20260921_v1,s1,R2026080200060,O20260801000060,2026-08-02 12:00:00.000000,16250
t_demo,demo_20260921_v1,s1,R2026080200061,O20260801000061,2026-08-02 12:00:00.000000,16250
t_demo,demo_20260921_v1,s1,R2026080200062,O20260801000062,2026-08-02 12:00:00.000000,16250
t_demo,demo_20260921_v1,s1,R2026080200063,O20260801000063,2026-08-02 12:00:00.000000,16250
t_demo,demo_20260921_v1,s1,R2026080200064,O20260801000064,2026-08-02 12:00:00.000000,16250
t_demo,demo_20260921_v1,s1,R2026080200065,O20260801000065,2026-08-02 12:00:00.000000,16250
t_demo,demo_20260921_v1,s1,R2026080200066,O20260801000066,2026-08-02 12:00:00.000000,16250
t_demo,demo_20260921_v1,s1,R2026080200067,O20260801000067,2026-08-02 12:00:00.000000,16250
t_demo,demo_20260921_v1,s1,R2026080200068,O20260801000068,2026-08-02 12:00:00.000000,16250
t_demo,demo_20260921_v1,s1,R2026080200069,O20260801000069,2026-08-02 12:00:00.000000,16250
t_demo,demo_20260921_v1,s1,R2026080200070,O20260801000070,2026-08-02 12:00:00.000000,16250
t_demo,demo_20260921_v1,s1,R2026080200071,O20260801000071,2026-08-02 12:00:00.000000,16250
t_demo,demo_20260921_v1,s1,R2026080200072,O20260801000072,2026-08-02 12:00:00.000000,16250
t_demo,demo_20260921_v1,s1,R2026080200073,O20260801000073,2026-08-02 12:00:00.000000,16250
t_demo,demo_20260921_v1,s1,R2026080200074,O20260801000074,2026-08-02 12:00:00.000000,16250
t_demo,demo_20260921_v1,s1,R2026080200075,O20260801000075,2026-08-02 12:00:00.000000,16250
t_demo,demo_20260921_v1,s1,R2026080200076,O20260801000076,2026-08-02 12:00:00.000000,16250
t_demo,demo_20260921_v1,s1,R2026080200077,O20260801000077,2026-08-02 12:00:00.000000,16250
t_demo,demo_20260921_v1,s1,R2026080200078,O20260801000078,2026-08-02 12:00:00.000000,16250
t_demo,demo_20260921_v1,s1,R2026080200079,O20260801000079,2026-08-02 12:00:00.000000,16250
t_demo,demo_20260921_v1,s1,R2026080200080,O20260801000080,2026-08-02 12:00:00.000000,16250
t_demo,demo_20260921_v1,s1,R2026080300001,O20260802000001,2026-08-03 12:00:00.000000,16250
t_demo,demo_20260921_v1,s1,R2026080300002,O20260802000002,2026-08-03 12:00:00.000000,16250
t_demo,demo_20260921_v1,s1,R2026080300003,O20260802000003,2026-08-03 12:00:00.000000,16250
t_demo,demo_20260921_v1,s1,R2026080300004,O20260802000004,2026-08-03 12:00:00.000000,16250
t_demo,demo_20260921_v1,s1,R2026080300005,O20260802000005,2026-08-03 12:00:00.000000,16250
t_demo,demo_20260921_v1,s1,R2026080300006,O20260802000006,2026-08-03 12:00:00.000000,16250
t_demo,demo_20260921_v1,s1,R2026080300007,O20260802000007,2026-08-03 12:00:00.000000,16250
t_demo,demo_20260921_v1,s1,R2026080300008,O20260802000008,2026-08-03 12:00:00.000000,16250
t_demo,demo_20260921_v1,s1,R2026080300009,O20260802000009,2026-08-03 12:00:00.000000,16250
t_demo,demo_20260921_v1,s1,R2026080300010,O20260802000010,2026-08-03 12:00:00.000000,16250
t_demo,demo_20260921_v1,s1,R2026080300011,O20260802000011,2026-08-03 12:00:00.000000,16250
t_demo,demo_20260921_v1,s1,R2026080300012,O20260802000012,2026-08-03 12:00:00.000000,16250
t_demo,demo_20260921_v1,s1,R2026080300013,O20260802000013,2026-08-03 12:00:00.000000,16250
t_demo,demo_20260921_v1,s1,R2026080300014,O20260802000014,2026-08-03 12:00:00.000000,16250
t_demo,demo_20260921_v1,s1,R2026080300015,O20260802000015,2026-08-03 12:00:00.000000,16250
t_demo,demo_20260921_v1,s1,R2026080300016,O20260802000016,2026-08-03 12:00:00.000000,16250
t_demo,demo_20260921_v1,s1,R2026080300017,O20260802000017,2026-08-03 12:00:00.000000,16250
t_demo,demo_20260921_v1,s1,R2026080300018,O20260802000018,2026-08-03 12:00:00.000000,16250
t_demo,demo_20260921_v1,s1,R2026080300019,O20260802000019,2026-08-03 12:00:00.000000,16250
t_demo,demo_20260921_v1,s1,R2026080300020,O20260802000020,2026-08-03 12:00:00.000000,16250
t_demo,demo_20260921_v1,s1,R2026080300021,O20260802000021,2026-08-03 12:00:00.000000,16250
t_demo,demo_20260921_v1,s1,R2026080300022,O20260802000022,2026-08-03 12:00:00.000000,16250
t_demo,demo_20260921_v1,s1,R2026080300023,O20260802000023,2026-08-03 12:00:00.000000,16250
t_demo,demo_20260921_v1,s1,R2026080300024,O20260802000024,2026-08-03 12:00:00.000000,16250
t_demo,demo_20260921_v1,s1,R2026080300025,O20260802000025,2026-08-03 12:00:00.000000,16250
t_demo,demo_20260921_v1,s1,R2026080300026,O20260802000026,2026-08-03 12:00:00.000000,16250
t_demo,demo_20260921_v1,s1,R2026080300027,O20260802000027,2026-08-03 12:00:00.000000,16250
t_demo,demo_20260921_v1,s1,R2026080300028,O20260802000028,2026-08-03 12:00:00.000000,16250
t_demo,demo_20260921_v1,s1,R2026080300029,O20260802000029,2026-08-03 12:00:00.000000,16250
t_demo,demo_20260921_v1,s1,R2026080300030,O20260802000030,2026-08-03 12:00:00.000000,16250
t_demo,demo_20260921_v1,s1,R2026080300031,O20260802000031,2026-08-03 12:00:00.000000,16250
t_demo,demo_20260921_v1,s1,R2026080300032,O20260802000032,2026-08-03 12:00:00.000000,16250
t_demo,demo_20260921_v1,s1,R2026080300033,O20260802000033,2026-08-03 12:00:00.000000,16250
t_demo,demo_20260921_v1,s1,R2026080300034,O20260802000034,2026-08-03 12:00:00.000000,16250
t_demo,demo_20260921_v1,s1,R2026080300035,O20260802000035,2026-08-03 12:00:00.000000,16250
t_demo,demo_20260921_v1,s1,R2026080300036,O20260802000036,2026-08-03 12:00:00.000000,16250
t_demo,demo_20260921_v1,s1,R2026080300037,O20260802000037,2026-08-03 12:00:00.000000,16250
t_demo,demo_20260921_v1,s1,R2026080300038,O20260802000038,2026-08-03 12:00:00.000000,16250
t_demo,demo_20260921_v1,s1,R2026080300039,O20260802000039,2026-08-03 12:00:00.000000,16250
t_demo,demo_20260921_v1,s1,R2026080300040,O20260802000040,2026-08-03 12:00:00.000000,16250
t_demo,demo_20260921_v1,s1,R2026080300041,O20260802000041,2026-08-03 12:00:00.000000,16250
t_demo,demo_20260921_v1,s1,R2026080300042,O20260802000042,2026-08-03 12:00:00.000000,16250
t_demo,demo_20260921_v1,s1,R2026080300043,O20260802000043,2026-08-03 12:00:00.000000,16250
t_demo,demo_20260921_v1,s1,R2026080300044,O20260802000044,2026-08-03 12:00:00.000000,16250
t_demo,demo_20260921_v1,s1,R2026080300045,O20260802000045,2026-08-03 12:00:00.000000,16250
t_demo,demo_20260921_v1,s1,R2026080300046,O20260802000046,2026-08-03 12:00:00.000000,16250
t_demo,demo_20260921_v1,s1,R2026080300047,O20260802000047,2026-08-03 12:00:00.000000,16250
t_demo,demo_20260921_v1,s1,R2026080300048,O20260802000048,2026-08-03 12:00:00.000000,16250
t_demo,demo_20260921_v1,s1,R2026080300049,O20260802000049,2026-08-03 12:00:00.000000,16250
t_demo,demo_20260921_v1,s1,R2026080300050,O20260802000050,2026-08-03 12:00:00.000000,16250
t_demo,demo_20260921_v1,s1,R2026080300051,O20260802000051,2026-08-03 12:00:00.000000,16250
t_demo,demo_20260921_v1,s1,R2026080300052,O20260802000052,2026-08-03 12:00:00.000000,16250
t_demo,demo_20260921_v1,s1,R2026080300053,O20260802000053,2026-08-03 12:00:00.000000,16250
t_demo,demo_20260921_v1,s1,R2026080300054,O20260802000054,2026-08-03 12:00:00.000000,16250
t_demo,demo_20260921_v1,s1,R2026080300055,O20260802000055,2026-08-03 12:00:00.000000,16250
t_demo,demo_20260921_v1,s1,R2026080300056,O20260802000056,2026-08-03 12:00:00.000000,16250
t_demo,demo_20260921_v1,s1,R2026080300057,O20260802000057,2026-08-03 12:00:00.000000,16250
t_demo,demo_20260921_v1,s1,R2026080300058,O20260802000058,2026-08-03 12:00:00.000000,16250
t_demo,demo_20260921_v1,s1,R2026080300059,O20260802000059,2026-08-03 12:00:00.000000,16250
t_demo,demo_20260921_v1,s1,R2026080300060,O20260802000060,2026-08-03 12:00:00.000000,16250
t_demo,demo_20260921_v1,s1,R2026080300061,O20260802000061,2026-08-03 12:00:00.000000,16250
t_demo,demo_20260921_v1,s1,R2026080300062,O20260802000062,2026-08-03 12:00:00.000000,16250
t_demo,demo_20260921_v1,s1,R2026080300063,O20260802000063,2026-08-03 12:00:00.000000,16250
t_demo,demo_20260921_v1,s1,R2026080300064,O20260802000064,2026-08-03 12:00:00.000000,16250
t_demo,demo_20260921_v1,s1,R2026080300065,O20260802000065,2026-08-03 12:00:00.000000,16250
t_demo,demo_20260921_v1,s1,R2026080300066,O20260802000066,2026-08-03 12:00:00.000000,16250
t_demo,demo_20260921_v1,s1,R2026080300067,O20260802000067,2026-08-03 12:00:00.000000,16250
t_demo,demo_20260921_v1,s1,R2026080300068,O20260802000068,2026-08-03 12:00:00.000000,16250
t_demo,demo_20260921_v1,s1,R2026080300069,O20260802000069,2026-08-03 12:00:00.000000,16250
t_demo,demo_20260921_v1,s1,R2026080300070,O20260802000070,2026-08-03 12:00:00.000000,16250
t_demo,demo_20260921_v1,s1,R2026080300071,O20260802000071,2026-08-03 12:00:00.000000,16250
t_demo,demo_20260921_v1,s1,R2026080300072,O20260802000072,2026-08-03 12:00:00.000000,16250
t_demo,demo_20260921_v1,s1,R2026080300073,O20260802000073,2026-08-03 12:00:00.000000,16250
t_demo,demo_20260921_v1,s1,R2026080300074,O20260802000074,2026-08-03 12:00:00.000000,16250
t_demo,demo_20260921_v1,s1,R2026080300075,O20260802000075,2026-08-03 12:00:00.000000,16250
t_demo,demo_20260921_v1,s1,R2026080300076,O20260802000076,2026-08-03 12:00:00.000000,16250
t_demo,demo_20260921_v1,s1,R2026080300077,O20260802000077,2026-08-03 12:00:00.000000,16250
t_demo,demo_20260921_v1,s1,R2026080300078,O20260802000078,2026-08-03 12:00:00.000000,16250
t_demo,demo_20260921_v1,s1,R2026080300079,O20260802000079,2026-08-03 12:00:00.000000,16250
t_demo,demo_20260921_v1,s1,R2026080300080,O20260802000080,2026-08-03 12:00:00.000000,16250
t_demo,demo_20260921_v1,s1,R2026080400001,O20260803000001,2026-08-04 12:00:00.000000,16250
t_demo,demo_20260921_v1,s1,R2026080400002,O20260803000002,2026-08-04 12:00:00.000000,16250
t_demo,demo_20260921_v1,s1,R2026080400003,O20260803000003,2026-08-04 12:00:00.000000,16250
t_demo,demo_20260921_v1,s1,R2026080400004,O20260803000004,2026-08-04 12:00:00.000000,16250
t_demo,demo_20260921_v1,s1,R2026080400005,O20260803000005,2026-08-04 12:00:00.000000,16250
t_demo,demo_20260921_v1,s1,R2026080400006,O20260803000006,2026-08-04 12:00:00.000000,16250
t_demo,demo_20260921_v1,s1,R2026080400007,O20260803000007,2026-08-04 12:00:00.000000,16250
t_demo,demo_20260921_v1,s1,R2026080400008,O20260803000008,2026-08-04 12:00:00.000000,16250
t_demo,demo_20260921_v1,s1,R2026080400009,O20260803000009,2026-08-04 12:00:00.000000,16250
t_demo,demo_20260921_v1,s1,R2026080400010,O20260803000010,2026-08-04 12:00:00.000000,16250
t_demo,demo_20260921_v1,s1,R2026080400011,O20260803000011,2026-08-04 12:00:00.000000,16250
t_demo,demo_20260921_v1,s1,R2026080400012,O20260803000012,2026-08-04 12:00:00.000000,16250
t_demo,demo_20260921_v1,s1,R2026080400013,O20260803000013,2026-08-04 12:00:00.000000,16250
t_demo,demo_20260921_v1,s1,R2026080400014,O20260803000014,2026-08-04 12:00:00.000000,16250
t_demo,demo_20260921_v1,s1,R2026080400015,O20260803000015,2026-08-04 12:00:00.000000,16250
t_demo,demo_20260921_v1,s1,R2026080400016,O20260803000016,2026-08-04 12:00:00.000000,16250
t_demo,demo_20260921_v1,s1,R2026080400017,O20260803000017,2026-08-04 12:00:00.000000,16250
t_demo,demo_20260921_v1,s1,R2026080400018,O20260803000018,2026-08-04 12:00:00.000000,16250
t_demo,demo_20260921_v1,s1,R2026080400019,O20260803000019,2026-08-04 12:00:00.000000,16250
t_demo,demo_20260921_v1,s1,R2026080400020,O20260803000020,2026-08-04 12:00:00.000000,16250
t_demo,demo_20260921_v1,s1,R2026080400021,O20260803000021,2026-08-04 12:00:00.000000,16250
t_demo,demo_20260921_v1,s1,R2026080400022,O20260803000022,2026-08-04 12:00:00.000000,16250
t_demo,demo_20260921_v1,s1,R2026080400023,O20260803000023,2026-08-04 12:00:00.000000,16250
t_demo,demo_20260921_v1,s1,R2026080400024,O20260803000024,2026-08-04 12:00:00.000000,16250
t_demo,demo_20260921_v1,s1,R2026080400025,O20260803000025,2026-08-04 12:00:00.000000,16250
t_demo,demo_20260921_v1,s1,R2026080400026,O20260803000026,2026-08-04 12:00:00.000000,16250
t_demo,demo_20260921_v1,s1,R2026080400027,O20260803000027,2026-08-04 12:00:00.000000,16250
t_demo,demo_20260921_v1,s1,R2026080400028,O20260803000028,2026-08-04 12:00:00.000000,16250
t_demo,demo_20260921_v1,s1,R2026080400029,O20260803000029,2026-08-04 12:00:00.000000,16250
t_demo,demo_20260921_v1,s1,R2026080400030,O20260803000030,2026-08-04 12:00:00.000000,16250
t_demo,demo_20260921_v1,s1,R2026080400031,O20260803000031,2026-08-04 12:00:00.000000,16250
t_demo,demo_20260921_v1,s1,R2026080400032,O20260803000032,2026-08-04 12:00:00.000000,16250
t_demo,demo_20260921_v1,s1,R2026080400033,O20260803000033,2026-08-04 12:00:00.000000,16250
t_demo,demo_20260921_v1,s1,R2026080400034,O20260803000034,2026-08-04 12:00:00.000000,16250
t_demo,demo_20260921_v1,s1,R2026080400035,O20260803000035,2026-08-04 12:00:00.000000,16250
t_demo,demo_20260921_v1,s1,R2026080400036,O20260803000036,2026-08-04 12:00:00.000000,16250
t_demo,demo_20260921_v1,s1,R2026080400037,O20260803000037,2026-08-04 12:00:00.000000,16250
t_demo,demo_20260921_v1,s1,R2026080400038,O20260803000038,2026-08-04 12:00:00.000000,16250
t_demo,demo_20260921_v1,s1,R2026080400039,O20260803000039,2026-08-04 12:00:00.000000,16250
t_demo,demo_20260921_v1,s1,R2026080400040,O20260803000040,2026-08-04 12:00:00.000000,16250
t_demo,demo_20260921_v1,s1,R2026080400041,O20260803000041,2026-08-04 12:00:00.000000,16250
t_demo,demo_20260921_v1,s1,R2026080400042,O20260803000042,2026-08-04 12:00:00.000000,16250
t_demo,demo_20260921_v1,s1,R2026080400043,O20260803000043,2026-08-04 12:00:00.000000,16250
t_demo,demo_20260921_v1,s1,R2026080400044,O20260803000044,2026-08-04 12:00:00.000000,16250
t_demo,demo_20260921_v1,s1,R2026080400045,O20260803000045,2026-08-04 12:00:00.000000,16250
t_demo,demo_20260921_v1,s1,R2026080400046,O20260803000046,2026-08-04 12:00:00.000000,16250
t_demo,demo_20260921_v1,s1,R2026080400047,O20260803000047,2026-08-04 12:00:00.000000,16250
t_demo,demo_20260921_v1,s1,R2026080400048,O20260803000048,2026-08-04 12:00:00.000000,16250
t_demo,demo_20260921_v1,s1,R2026080400049,O20260803000049,2026-08-04 12:00:00.000000,16250
t_demo,demo_20260921_v1,s1,R2026080400050,O20260803000050,2026-08-04 12:00:00.000000,16250
t_demo,demo_20260921_v1,s1,R2026080400051,O20260803000051,2026-08-04 12:00:00.000000,16250
t_demo,demo_20260921_v1,s1,R2026080400052,O20260803000052,2026-08-04 12:00:00.000000,16250
t_demo,demo_20260921_v1,s1,R2026080400053,O20260803000053,2026-08-04 12:00:00.000000,16250
t_demo,demo_20260921_v1,s1,R2026080400054,O20260803000054,2026-08-04 12:00:00.000000,16250
t_demo,demo_20260921_v1,s1,R2026080400055,O20260803000055,2026-08-04 12:00:00.000000,16250
t_demo,demo_20260921_v1,s1,R2026080400056,O20260803000056,2026-08-04 12:00:00.000000,16250
t_demo,demo_20260921_v1,s1,R2026080400057,O20260803000057,2026-08-04 12:00:00.000000,16250
t_demo,demo_20260921_v1,s1,R2026080400058,O20260803000058,2026-08-04 12:00:00.000000,16250
t_demo,demo_20260921_v1,s1,R2026080400059,O20260803000059,2026-08-04 12:00:00.000000,16250
t_demo,demo_20260921_v1,s1,R2026080400060,O20260803000060,2026-08-04 12:00:00.000000,16250
t_demo,demo_20260921_v1,s1,R2026080400061,O20260803000061,2026-08-04 12:00:00.000000,16250
t_demo,demo_20260921_v1,s1,R2026080400062,O20260803000062,2026-08-04 12:00:00.000000,16250
t_demo,demo_20260921_v1,s1,R2026080400063,O20260803000063,2026-08-04 12:00:00.000000,16250
t_demo,demo_20260921_v1,s1,R2026080400064,O20260803000064,2026-08-04 12:00:00.000000,16250
t_demo,demo_20260921_v1,s1,R2026080400065,O20260803000065,2026-08-04 12:00:00.000000,16250
t_demo,demo_20260921_v1,s1,R2026080400066,O20260803000066,2026-08-04 12:00:00.000000,16250
t_demo,demo_20260921_v1,s1,R2026080400067,O20260803000067,2026-08-04 12:00:00.000000,16250
t_demo,demo_20260921_v1,s1,R2026080400068,O20260803000068,2026-08-04 12:00:00.000000,16250
t_demo,demo_20260921_v1,s1,R2026080400069,O20260803000069,2026-08-04 12:00:00.000000,16250
t_demo,demo_20260921_v1,s1,R2026080400070,O20260803000070,2026-08-04 12:00:00.000000,16250
t_demo,demo_20260921_v1,s1,R2026080400071,O20260803000071,2026-08-04 12:00:00.000000,16250
t_demo,demo_20260921_v1,s1,R2026080400072,O20260803000072,2026-08-04 12:00:00.000000,16250
t_demo,demo_20260921_v1,s1,R2026080400073,O20260803000073,2026-08-04 12:00:00.000000,16250
t_demo,demo_20260921_v1,s1,R2026080400074,O20260803000074,2026-08-04 12:00:00.000000,16250
t_demo,demo_20260921_v1,s1,R2026080400075,O20260803000075,2026-08-04 12:00:00.000000,16250
t_demo,demo_20260921_v1,s1,R2026080400076,O20260803000076,2026-08-04 12:00:00.000000,16250
t_demo,demo_20260921_v1,s1,R2026080400077,O20260803000077,2026-08-04 12:00:00.000000,16250
t_demo,demo_20260921_v1,s1,R2026080400078,O20260803000078,2026-08-04 12:00:00.000000,16250
t_demo,demo_20260921_v1,s1,R2026080400079,O20260803000079,2026-08-04 12:00:00.000000,16250
t_demo,demo_20260921_v1,s1,R2026080400080,O20260803000080,2026-08-04 12:00:00.000000,16250
t_demo,demo_20260921_v1,s1,R2026080500001,O20260804000001,2026-08-05 12:00:00.000000,16250
t_demo,demo_20260921_v1,s1,R2026080500002,O20260804000002,2026-08-05 12:00:00.000000,16250
t_demo,demo_20260921_v1,s1,R2026080500003,O20260804000003,2026-08-05 12:00:00.000000,16250
t_demo,demo_20260921_v1,s1,R2026080500004,O20260804000004,2026-08-05 12:00:00.000000,16250
t_demo,demo_20260921_v1,s1,R2026080500005,O20260804000005,2026-08-05 12:00:00.000000,16250
t_demo,demo_20260921_v1,s1,R2026080500006,O20260804000006,2026-08-05 12:00:00.000000,16250
t_demo,demo_20260921_v1,s1,R2026080500007,O20260804000007,2026-08-05 12:00:00.000000,16250
t_demo,demo_20260921_v1,s1,R2026080500008,O20260804000008,2026-08-05 12:00:00.000000,16250
t_demo,demo_20260921_v1,s1,R2026080500009,O20260804000009,2026-08-05 12:00:00.000000,16250
t_demo,demo_20260921_v1,s1,R2026080500010,O20260804000010,2026-08-05 12:00:00.000000,16250
t_demo,demo_20260921_v1,s1,R2026080500011,O20260804000011,2026-08-05 12:00:00.000000,16250
t_demo,demo_20260921_v1,s1,R2026080500012,O20260804000012,2026-08-05 12:00:00.000000,16250
t_demo,demo_20260921_v1,s1,R2026080500013,O20260804000013,2026-08-05 12:00:00.000000,16250
t_demo,demo_20260921_v1,s1,R2026080500014,O20260804000014,2026-08-05 12:00:00.000000,16250
t_demo,demo_20260921_v1,s1,R2026080500015,O20260804000015,2026-08-05 12:00:00.000000,16250
t_demo,demo_20260921_v1,s1,R2026080500016,O20260804000016,2026-08-05 12:00:00.000000,16250
t_demo,demo_20260921_v1,s1,R2026080500017,O20260804000017,2026-08-05 12:00:00.000000,16250
t_demo,demo_20260921_v1,s1,R2026080500018,O20260804000018,2026-08-05 12:00:00.000000,16250
t_demo,demo_20260921_v1,s1,R2026080500019,O20260804000019,2026-08-05 12:00:00.000000,16250
t_demo,demo_20260921_v1,s1,R2026080500020,O20260804000020,2026-08-05 12:00:00.000000,16250
t_demo,demo_20260921_v1,s1,R2026080500021,O20260804000021,2026-08-05 12:00:00.000000,16250
t_demo,demo_20260921_v1,s1,R2026080500022,O20260804000022,2026-08-05 12:00:00.000000,16250
t_demo,demo_20260921_v1,s1,R2026080500023,O20260804000023,2026-08-05 12:00:00.000000,16250
t_demo,demo_20260921_v1,s1,R2026080500024,O20260804000024,2026-08-05 12:00:00.000000,16250
t_demo,demo_20260921_v1,s1,R2026080500025,O20260804000025,2026-08-05 12:00:00.000000,16250
t_demo,demo_20260921_v1,s1,R2026080500026,O20260804000026,2026-08-05 12:00:00.000000,16250
t_demo,demo_20260921_v1,s1,R2026080500027,O20260804000027,2026-08-05 12:00:00.000000,16250
t_demo,demo_20260921_v1,s1,R2026080500028,O20260804000028,2026-08-05 12:00:00.000000,16250
t_demo,demo_20260921_v1,s1,R2026080500029,O20260804000029,2026-08-05 12:00:00.000000,16250
t_demo,demo_20260921_v1,s1,R2026080500030,O20260804000030,2026-08-05 12:00:00.000000,16250
t_demo,demo_20260921_v1,s1,R2026080500031,O20260804000031,2026-08-05 12:00:00.000000,16250
t_demo,demo_20260921_v1,s1,R2026080500032,O20260804000032,2026-08-05 12:00:00.000000,16250
t_demo,demo_20260921_v1,s1,R2026080500033,O20260804000033,2026-08-05 12:00:00.000000,16250
t_demo,demo_20260921_v1,s1,R2026080500034,O20260804000034,2026-08-05 12:00:00.000000,16250
t_demo,demo_20260921_v1,s1,R2026080500035,O20260804000035,2026-08-05 12:00:00.000000,16250
t_demo,demo_20260921_v1,s1,R2026080500036,O20260804000036,2026-08-05 12:00:00.000000,16250
t_demo,demo_20260921_v1,s1,R2026080500037,O20260804000037,2026-08-05 12:00:00.000000,16250
t_demo,demo_20260921_v1,s1,R2026080500038,O20260804000038,2026-08-05 12:00:00.000000,16250
t_demo,demo_20260921_v1,s1,R2026080500039,O20260804000039,2026-08-05 12:00:00.000000,16250
t_demo,demo_20260921_v1,s1,R2026080500040,O20260804000040,2026-08-05 12:00:00.000000,16250
t_demo,demo_20260921_v1,s1,R2026080500041,O20260804000041,2026-08-05 12:00:00.000000,16250
t_demo,demo_20260921_v1,s1,R2026080500042,O20260804000042,2026-08-05 12:00:00.000000,16250
t_demo,demo_20260921_v1,s1,R2026080500043,O20260804000043,2026-08-05 12:00:00.000000,16250
t_demo,demo_20260921_v1,s1,R2026080500044,O20260804000044,2026-08-05 12:00:00.000000,16250
t_demo,demo_20260921_v1,s1,R2026080500045,O20260804000045,2026-08-05 12:00:00.000000,16250
t_demo,demo_20260921_v1,s1,R2026080500046,O20260804000046,2026-08-05 12:00:00.000000,16250
t_demo,demo_20260921_v1,s1,R2026080500047,O20260804000047,2026-08-05 12:00:00.000000,16250
t_demo,demo_20260921_v1,s1,R2026080500048,O20260804000048,2026-08-05 12:00:00.000000,16250
t_demo,demo_20260921_v1,s1,R2026080500049,O20260804000049,2026-08-05 12:00:00.000000,16250
t_demo,demo_20260921_v1,s1,R2026080500050,O20260804000050,2026-08-05 12:00:00.000000,16250
t_demo,demo_20260921_v1,s1,R2026080500051,O20260804000051,2026-08-05 12:00:00.000000,16250
t_demo,demo_20260921_v1,s1,R2026080500052,O20260804000052,2026-08-05 12:00:00.000000,16250
t_demo,demo_20260921_v1,s1,R2026080500053,O20260804000053,2026-08-05 12:00:00.000000,16250
t_demo,demo_20260921_v1,s1,R2026080500054,O20260804000054,2026-08-05 12:00:00.000000,16250
t_demo,demo_20260921_v1,s1,R2026080500055,O20260804000055,2026-08-05 12:00:00.000000,16250
t_demo,demo_20260921_v1,s1,R2026080500056,O20260804000056,2026-08-05 12:00:00.000000,16250
t_demo,demo_20260921_v1,s1,R2026080500057,O20260804000057,2026-08-05 12:00:00.000000,16250
t_demo,demo_20260921_v1,s1,R2026080500058,O20260804000058,2026-08-05 12:00:00.000000,16250
t_demo,demo_20260921_v1,s1,R2026080500059,O20260804000059,2026-08-05 12:00:00.000000,16250
t_demo,demo_20260921_v1,s1,R2026080500060,O20260804000060,2026-08-05 12:00:00.000000,16250
t_demo,demo_20260921_v1,s1,R2026080500061,O20260804000061,2026-08-05 12:00:00.000000,16250
t_demo,demo_20260921_v1,s1,R2026080500062,O20260804000062,2026-08-05 12:00:00.000000,16250
t_demo,demo_20260921_v1,s1,R2026080500063,O20260804000063,2026-08-05 12:00:00.000000,16250
t_demo,demo_20260921_v1,s1,R2026080500064,O20260804000064,2026-08-05 12:00:00.000000,16250
t_demo,demo_20260921_v1,s1,R2026080500065,O20260804000065,2026-08-05 12:00:00.000000,16250
t_demo,demo_20260921_v1,s1,R2026080500066,O20260804000066,2026-08-05 12:00:00.000000,16250
t_demo,demo_20260921_v1,s1,R2026080500067,O20260804000067,2026-08-05 12:00:00.000000,16250
t_demo,demo_20260921_v1,s1,R2026080500068,O20260804000068,2026-08-05 12:00:00.000000,16250
t_demo,demo_20260921_v1,s1,R2026080500069,O20260804000069,2026-08-05 12:00:00.000000,16250
t_demo,demo_20260921_v1,s1,R2026080500070,O20260804000070,2026-08-05 12:00:00.000000,16250
t_demo,demo_20260921_v1,s1,R2026080500071,O20260804000071,2026-08-05 12:00:00.000000,16250
t_demo,demo_20260921_v1,s1,R2026080500072,O20260804000072,2026-08-05 12:00:00.000000,16250
t_demo,demo_20260921_v1,s1,R2026080500073,O20260804000073,2026-08-05 12:00:00.000000,16250
t_demo,demo_20260921_v1,s1,R2026080500074,O20260804000074,2026-08-05 12:00:00.000000,16250
t_demo,demo_20260921_v1,s1,R2026080500075,O20260804000075,2026-08-05 12:00:00.000000,16250
t_demo,demo_20260921_v1,s1,R2026080500076,O20260804000076,2026-08-05 12:00:00.000000,16250
t_demo,demo_20260921_v1,s1,R2026080500077,O20260804000077,2026-08-05 12:00:00.000000,16250
t_demo,demo_20260921_v1,s1,R2026080500078,O20260804000078,2026-08-05 12:00:00.000000,16250
t_demo,demo_20260921_v1,s1,R2026080500079,O20260804000079,2026-08-05 12:00:00.000000,16250
t_demo,demo_20260921_v1,s1,R2026080500080,O20260804000080,2026-08-05 12:00:00.000000,16250
t_demo,demo_20260921_v1,s1,R2026080600001,O20260805000001,2026-08-06 12:00:00.000000,16250
t_demo,demo_20260921_v1,s1,R2026080600002,O20260805000002,2026-08-06 12:00:00.000000,16250
t_demo,demo_20260921_v1,s1,R2026080600003,O20260805000003,2026-08-06 12:00:00.000000,16250
t_demo,demo_20260921_v1,s1,R2026080600004,O20260805000004,2026-08-06 12:00:00.000000,16250
t_demo,demo_20260921_v1,s1,R2026080600005,O20260805000005,2026-08-06 12:00:00.000000,16250
t_demo,demo_20260921_v1,s1,R2026080600006,O20260805000006,2026-08-06 12:00:00.000000,16250
t_demo,demo_20260921_v1,s1,R2026080600007,O20260805000007,2026-08-06 12:00:00.000000,16250
t_demo,demo_20260921_v1,s1,R2026080600008,O20260805000008,2026-08-06 12:00:00.000000,16250
t_demo,demo_20260921_v1,s1,R2026080600009,O20260805000009,2026-08-06 12:00:00.000000,16250
t_demo,demo_20260921_v1,s1,R2026080600010,O20260805000010,2026-08-06 12:00:00.000000,16250
t_demo,demo_20260921_v1,s1,R2026080600011,O20260805000011,2026-08-06 12:00:00.000000,16250
t_demo,demo_20260921_v1,s1,R2026080600012,O20260805000012,2026-08-06 12:00:00.000000,16250
t_demo,demo_20260921_v1,s1,R2026080600013,O20260805000013,2026-08-06 12:00:00.000000,16250
t_demo,demo_20260921_v1,s1,R2026080600014,O20260805000014,2026-08-06 12:00:00.000000,16250
t_demo,demo_20260921_v1,s1,R2026080600015,O20260805000015,2026-08-06 12:00:00.000000,16250
t_demo,demo_20260921_v1,s1,R2026080600016,O20260805000016,2026-08-06 12:00:00.000000,16250
t_demo,demo_20260921_v1,s1,R2026080600017,O20260805000017,2026-08-06 12:00:00.000000,16250
t_demo,demo_20260921_v1,s1,R2026080600018,O20260805000018,2026-08-06 12:00:00.000000,16250
t_demo,demo_20260921_v1,s1,R2026080600019,O20260805000019,2026-08-06 12:00:00.000000,16250
t_demo,demo_20260921_v1,s1,R2026080600020,O20260805000020,2026-08-06 12:00:00.000000,16250
t_demo,demo_20260921_v1,s1,R2026080600021,O20260805000021,2026-08-06 12:00:00.000000,16250
t_demo,demo_20260921_v1,s1,R2026080600022,O20260805000022,2026-08-06 12:00:00.000000,16250
t_demo,demo_20260921_v1,s1,R2026080600023,O20260805000023,2026-08-06 12:00:00.000000,16250
t_demo,demo_20260921_v1,s1,R2026080600024,O20260805000024,2026-08-06 12:00:00.000000,16250
t_demo,demo_20260921_v1,s1,R2026080600025,O20260805000025,2026-08-06 12:00:00.000000,16250
t_demo,demo_20260921_v1,s1,R2026080600026,O20260805000026,2026-08-06 12:00:00.000000,16250
t_demo,demo_20260921_v1,s1,R2026080600027,O20260805000027,2026-08-06 12:00:00.000000,16250
t_demo,demo_20260921_v1,s1,R2026080600028,O20260805000028,2026-08-06 12:00:00.000000,16250
t_demo,demo_20260921_v1,s1,R2026080600029,O20260805000029,2026-08-06 12:00:00.000000,16250
t_demo,demo_20260921_v1,s1,R2026080600030,O20260805000030,2026-08-06 12:00:00.000000,16250
t_demo,demo_20260921_v1,s1,R2026080600031,O20260805000031,2026-08-06 12:00:00.000000,16250
t_demo,demo_20260921_v1,s1,R2026080600032,O20260805000032,2026-08-06 12:00:00.000000,16250
t_demo,demo_20260921_v1,s1,R2026080600033,O20260805000033,2026-08-06 12:00:00.000000,16250
t_demo,demo_20260921_v1,s1,R2026080600034,O20260805000034,2026-08-06 12:00:00.000000,16250
t_demo,demo_20260921_v1,s1,R2026080600035,O20260805000035,2026-08-06 12:00:00.000000,16250
t_demo,demo_20260921_v1,s1,R2026080600036,O20260805000036,2026-08-06 12:00:00.000000,16250
t_demo,demo_20260921_v1,s1,R2026080600037,O20260805000037,2026-08-06 12:00:00.000000,16250
t_demo,demo_20260921_v1,s1,R2026080600038,O20260805000038,2026-08-06 12:00:00.000000,16250
t_demo,demo_20260921_v1,s1,R2026080600039,O20260805000039,2026-08-06 12:00:00.000000,16250
t_demo,demo_20260921_v1,s1,R2026080600040,O20260805000040,2026-08-06 12:00:00.000000,16250
t_demo,demo_20260921_v1,s1,R2026080600041,O20260805000041,2026-08-06 12:00:00.000000,16250
t_demo,demo_20260921_v1,s1,R2026080600042,O20260805000042,2026-08-06 12:00:00.000000,16250
t_demo,demo_20260921_v1,s1,R2026080600043,O20260805000043,2026-08-06 12:00:00.000000,16250
t_demo,demo_20260921_v1,s1,R2026080600044,O20260805000044,2026-08-06 12:00:00.000000,16250
t_demo,demo_20260921_v1,s1,R2026080600045,O20260805000045,2026-08-06 12:00:00.000000,16250
t_demo,demo_20260921_v1,s1,R2026080600046,O20260805000046,2026-08-06 12:00:00.000000,16250
t_demo,demo_20260921_v1,s1,R2026080600047,O20260805000047,2026-08-06 12:00:00.000000,16250
t_demo,demo_20260921_v1,s1,R2026080600048,O20260805000048,2026-08-06 12:00:00.000000,16250
t_demo,demo_20260921_v1,s1,R2026080600049,O20260805000049,2026-08-06 12:00:00.000000,16250
t_demo,demo_20260921_v1,s1,R2026080600050,O20260805000050,2026-08-06 12:00:00.000000,16250
t_demo,demo_20260921_v1,s1,R2026080600051,O20260805000051,2026-08-06 12:00:00.000000,16250
t_demo,demo_20260921_v1,s1,R2026080600052,O20260805000052,2026-08-06 12:00:00.000000,16250
t_demo,demo_20260921_v1,s1,R2026080600053,O20260805000053,2026-08-06 12:00:00.000000,16250
t_demo,demo_20260921_v1,s1,R2026080600054,O20260805000054,2026-08-06 12:00:00.000000,16250
t_demo,demo_20260921_v1,s1,R2026080600055,O20260805000055,2026-08-06 12:00:00.000000,16250
t_demo,demo_20260921_v1,s1,R2026080600056,O20260805000056,2026-08-06 12:00:00.000000,16250
t_demo,demo_20260921_v1,s1,R2026080600057,O20260805000057,2026-08-06 12:00:00.000000,16250
t_demo,demo_20260921_v1,s1,R2026080600058,O20260805000058,2026-08-06 12:00:00.000000,16250
t_demo,demo_20260921_v1,s1,R2026080600059,O20260805000059,2026-08-06 12:00:00.000000,16250
t_demo,demo_20260921_v1,s1,R2026080600060,O20260805000060,2026-08-06 12:00:00.000000,16250
t_demo,demo_20260921_v1,s1,R2026080600061,O20260805000061,2026-08-06 12:00:00.000000,16250
t_demo,demo_20260921_v1,s1,R2026080600062,O20260805000062,2026-08-06 12:00:00.000000,16250
t_demo,demo_20260921_v1,s1,R2026080600063,O20260805000063,2026-08-06 12:00:00.000000,16250
t_demo,demo_20260921_v1,s1,R2026080600064,O20260805000064,2026-08-06 12:00:00.000000,16250
t_demo,demo_20260921_v1,s1,R2026080600065,O20260805000065,2026-08-06 12:00:00.000000,16250
t_demo,demo_20260921_v1,s1,R2026080600066,O20260805000066,2026-08-06 12:00:00.000000,16250
t_demo,demo_20260921_v1,s1,R2026080600067,O20260805000067,2026-08-06 12:00:00.000000,16250
t_demo,demo_20260921_v1,s1,R2026080600068,O20260805000068,2026-08-06 12:00:00.000000,16250
t_demo,demo_20260921_v1,s1,R2026080600069,O20260805000069,2026-08-06 12:00:00.000000,16250
t_demo,demo_20260921_v1,s1,R2026080600070,O20260805000070,2026-08-06 12:00:00.000000,16250
t_demo,demo_20260921_v1,s1,R2026080600071,O20260805000071,2026-08-06 12:00:00.000000,16250
t_demo,demo_20260921_v1,s1,R2026080600072,O20260805000072,2026-08-06 12:00:00.000000,16250
t_demo,demo_20260921_v1,s1,R2026080600073,O20260805000073,2026-08-06 12:00:00.000000,16250
t_demo,demo_20260921_v1,s1,R2026080600074,O20260805000074,2026-08-06 12:00:00.000000,16250
t_demo,demo_20260921_v1,s1,R2026080600075,O20260805000075,2026-08-06 12:00:00.000000,16250
t_demo,demo_20260921_v1,s1,R2026080600076,O20260805000076,2026-08-06 12:00:00.000000,16250
t_demo,demo_20260921_v1,s1,R2026080600077,O20260805000077,2026-08-06 12:00:00.000000,16250
t_demo,demo_20260921_v1,s1,R2026080600078,O20260805000078,2026-08-06 12:00:00.000000,16250
t_demo,demo_20260921_v1,s1,R2026080600079,O20260805000079,2026-08-06 12:00:00.000000,16250
t_demo,demo_20260921_v1,s1,R2026080600080,O20260805000080,2026-08-06 12:00:00.000000,16250
t_demo,demo_20260921_v1,s1,R2026080700001,O20260806000001,2026-08-07 12:00:00.000000,16250
t_demo,demo_20260921_v1,s1,R2026080700002,O20260806000002,2026-08-07 12:00:00.000000,16250
t_demo,demo_20260921_v1,s1,R2026080700003,O20260806000003,2026-08-07 12:00:00.000000,16250
t_demo,demo_20260921_v1,s1,R2026080700004,O20260806000004,2026-08-07 12:00:00.000000,16250
t_demo,demo_20260921_v1,s1,R2026080700005,O20260806000005,2026-08-07 12:00:00.000000,16250
t_demo,demo_20260921_v1,s1,R2026080700006,O20260806000006,2026-08-07 12:00:00.000000,16250
t_demo,demo_20260921_v1,s1,R2026080700007,O20260806000007,2026-08-07 12:00:00.000000,16250
t_demo,demo_20260921_v1,s1,R2026080700008,O20260806000008,2026-08-07 12:00:00.000000,16250
t_demo,demo_20260921_v1,s1,R2026080700009,O20260806000009,2026-08-07 12:00:00.000000,16250
t_demo,demo_20260921_v1,s1,R2026080700010,O20260806000010,2026-08-07 12:00:00.000000,16250
t_demo,demo_20260921_v1,s1,R2026080700011,O20260806000011,2026-08-07 12:00:00.000000,16250
t_demo,demo_20260921_v1,s1,R2026080700012,O20260806000012,2026-08-07 12:00:00.000000,16250
t_demo,demo_20260921_v1,s1,R2026080700013,O20260806000013,2026-08-07 12:00:00.000000,16250
t_demo,demo_20260921_v1,s1,R2026080700014,O20260806000014,2026-08-07 12:00:00.000000,16250
t_demo,demo_20260921_v1,s1,R2026080700015,O20260806000015,2026-08-07 12:00:00.000000,16250
t_demo,demo_20260921_v1,s1,R2026080700016,O20260806000016,2026-08-07 12:00:00.000000,16250
t_demo,demo_20260921_v1,s1,R2026080700017,O20260806000017,2026-08-07 12:00:00.000000,16250
t_demo,demo_20260921_v1,s1,R2026080700018,O20260806000018,2026-08-07 12:00:00.000000,16250
t_demo,demo_20260921_v1,s1,R2026080700019,O20260806000019,2026-08-07 12:00:00.000000,16250
t_demo,demo_20260921_v1,s1,R2026080700020,O20260806000020,2026-08-07 12:00:00.000000,16250
t_demo,demo_20260921_v1,s1,R2026080700021,O20260806000021,2026-08-07 12:00:00.000000,16250
t_demo,demo_20260921_v1,s1,R2026080700022,O20260806000022,2026-08-07 12:00:00.000000,16250
t_demo,demo_20260921_v1,s1,R2026080700023,O20260806000023,2026-08-07 12:00:00.000000,16250
t_demo,demo_20260921_v1,s1,R2026080700024,O20260806000024,2026-08-07 12:00:00.000000,16250
t_demo,demo_20260921_v1,s1,R2026080700025,O20260806000025,2026-08-07 12:00:00.000000,16250
t_demo,demo_20260921_v1,s1,R2026080700026,O20260806000026,2026-08-07 12:00:00.000000,16250
t_demo,demo_20260921_v1,s1,R2026080700027,O20260806000027,2026-08-07 12:00:00.000000,16250
t_demo,demo_20260921_v1,s1,R2026080700028,O20260806000028,2026-08-07 12:00:00.000000,16250
t_demo,demo_20260921_v1,s1,R2026080700029,O20260806000029,2026-08-07 12:00:00.000000,16250
t_demo,demo_20260921_v1,s1,R2026080700030,O20260806000030,2026-08-07 12:00:00.000000,16250
t_demo,demo_20260921_v1,s1,R2026080700031,O20260806000031,2026-08-07 12:00:00.000000,16250
t_demo,demo_20260921_v1,s1,R2026080700032,O20260806000032,2026-08-07 12:00:00.000000,16250
t_demo,demo_20260921_v1,s1,R2026080700033,O20260806000033,2026-08-07 12:00:00.000000,16250
t_demo,demo_20260921_v1,s1,R2026080700034,O20260806000034,2026-08-07 12:00:00.000000,16250
t_demo,demo_20260921_v1,s1,R2026080700035,O20260806000035,2026-08-07 12:00:00.000000,16250
t_demo,demo_20260921_v1,s1,R2026080700036,O20260806000036,2026-08-07 12:00:00.000000,16250
t_demo,demo_20260921_v1,s1,R2026080700037,O20260806000037,2026-08-07 12:00:00.000000,16250
t_demo,demo_20260921_v1,s1,R2026080700038,O20260806000038,2026-08-07 12:00:00.000000,16250
t_demo,demo_20260921_v1,s1,R2026080700039,O20260806000039,2026-08-07 12:00:00.000000,16250
t_demo,demo_20260921_v1,s1,R2026080700040,O20260806000040,2026-08-07 12:00:00.000000,16250
t_demo,demo_20260921_v1,s1,R2026080700041,O20260806000041,2026-08-07 12:00:00.000000,16250
t_demo,demo_20260921_v1,s1,R2026080700042,O20260806000042,2026-08-07 12:00:00.000000,16250
t_demo,demo_20260921_v1,s1,R2026080700043,O20260806000043,2026-08-07 12:00:00.000000,16250
t_demo,demo_20260921_v1,s1,R2026080700044,O20260806000044,2026-08-07 12:00:00.000000,16250
t_demo,demo_20260921_v1,s1,R2026080700045,O20260806000045,2026-08-07 12:00:00.000000,16250
t_demo,demo_20260921_v1,s1,R2026080700046,O20260806000046,2026-08-07 12:00:00.000000,16250
t_demo,demo_20260921_v1,s1,R2026080700047,O20260806000047,2026-08-07 12:00:00.000000,16250
t_demo,demo_20260921_v1,s1,R2026080700048,O20260806000048,2026-08-07 12:00:00.000000,16250
t_demo,demo_20260921_v1,s1,R2026080700049,O20260806000049,2026-08-07 12:00:00.000000,16250
t_demo,demo_20260921_v1,s1,R2026080700050,O20260806000050,2026-08-07 12:00:00.000000,16250
t_demo,demo_20260921_v1,s1,R2026080700051,O20260806000051,2026-08-07 12:00:00.000000,16250
t_demo,demo_20260921_v1,s1,R2026080700052,O20260806000052,2026-08-07 12:00:00.000000,16250
t_demo,demo_20260921_v1,s1,R2026080700053,O20260806000053,2026-08-07 12:00:00.000000,16250
t_demo,demo_20260921_v1,s1,R2026080700054,O20260806000054,2026-08-07 12:00:00.000000,16250
t_demo,demo_20260921_v1,s1,R2026080700055,O20260806000055,2026-08-07 12:00:00.000000,16250
t_demo,demo_20260921_v1,s1,R2026080700056,O20260806000056,2026-08-07 12:00:00.000000,16250
t_demo,demo_20260921_v1,s1,R2026080700057,O20260806000057,2026-08-07 12:00:00.000000,16250
t_demo,demo_20260921_v1,s1,R2026080700058,O20260806000058,2026-08-07 12:00:00.000000,16250
t_demo,demo_20260921_v1,s1,R2026080700059,O20260806000059,2026-08-07 12:00:00.000000,16250
t_demo,demo_20260921_v1,s1,R2026080700060,O20260806000060,2026-08-07 12:00:00.000000,16250
t_demo,demo_20260921_v1,s1,R2026080700061,O20260806000061,2026-08-07 12:00:00.000000,16250
t_demo,demo_20260921_v1,s1,R2026080700062,O20260806000062,2026-08-07 12:00:00.000000,16250
t_demo,demo_20260921_v1,s1,R2026080700063,O20260806000063,2026-08-07 12:00:00.000000,16250
t_demo,demo_20260921_v1,s1,R2026080700064,O20260806000064,2026-08-07 12:00:00.000000,16250
t_demo,demo_20260921_v1,s1,R2026080700065,O20260806000065,2026-08-07 12:00:00.000000,16250
t_demo,demo_20260921_v1,s1,R2026080700066,O20260806000066,2026-08-07 12:00:00.000000,16250
t_demo,demo_20260921_v1,s1,R2026080700067,O20260806000067,2026-08-07 12:00:00.000000,16250
t_demo,demo_20260921_v1,s1,R2026080700068,O20260806000068,2026-08-07 12:00:00.000000,16250
t_demo,demo_20260921_v1,s1,R2026080700069,O20260806000069,2026-08-07 12:00:00.000000,16250
t_demo,demo_20260921_v1,s1,R2026080700070,O20260806000070,2026-08-07 12:00:00.000000,16250
t_demo,demo_20260921_v1,s1,R2026080700071,O20260806000071,2026-08-07 12:00:00.000000,16250
t_demo,demo_20260921_v1,s1,R2026080700072,O20260806000072,2026-08-07 12:00:00.000000,16250
t_demo,demo_20260921_v1,s1,R2026080700073,O20260806000073,2026-08-07 12:00:00.000000,16250
t_demo,demo_20260921_v1,s1,R2026080700074,O20260806000074,2026-08-07 12:00:00.000000,16250
t_demo,demo_20260921_v1,s1,R2026080700075,O20260806000075,2026-08-07 12:00:00.000000,16250
t_demo,demo_20260921_v1,s1,R2026080700076,O20260806000076,2026-08-07 12:00:00.000000,16250
t_demo,demo_20260921_v1,s1,R2026080700077,O20260806000077,2026-08-07 12:00:00.000000,16250
t_demo,demo_20260921_v1,s1,R2026080700078,O20260806000078,2026-08-07 12:00:00.000000,16250
t_demo,demo_20260921_v1,s1,R2026080700079,O20260806000079,2026-08-07 12:00:00.000000,16250
t_demo,demo_20260921_v1,s1,R2026080700080,O20260806000080,2026-08-07 12:00:00.000000,16250
t_demo,demo_20260921_v1,s1,R2026080800001,O20260807000001,2026-08-08 12:00:00.000000,16250
t_demo,demo_20260921_v1,s1,R2026080800002,O20260807000002,2026-08-08 12:00:00.000000,16250
t_demo,demo_20260921_v1,s1,R2026080800003,O20260807000003,2026-08-08 12:00:00.000000,16250
t_demo,demo_20260921_v1,s1,R2026080800004,O20260807000004,2026-08-08 12:00:00.000000,16250
t_demo,demo_20260921_v1,s1,R2026080800005,O20260807000005,2026-08-08 12:00:00.000000,16250
t_demo,demo_20260921_v1,s1,R2026080800006,O20260807000006,2026-08-08 12:00:00.000000,16250
t_demo,demo_20260921_v1,s1,R2026080800007,O20260807000007,2026-08-08 12:00:00.000000,16250
t_demo,demo_20260921_v1,s1,R2026080800008,O20260807000008,2026-08-08 12:00:00.000000,16250
t_demo,demo_20260921_v1,s1,R2026080800009,O20260807000009,2026-08-08 12:00:00.000000,16250
t_demo,demo_20260921_v1,s1,R2026080800010,O20260807000010,2026-08-08 12:00:00.000000,16250
t_demo,demo_20260921_v1,s1,R2026080800011,O20260807000011,2026-08-08 12:00:00.000000,16250
t_demo,demo_20260921_v1,s1,R2026080800012,O20260807000012,2026-08-08 12:00:00.000000,16250
t_demo,demo_20260921_v1,s1,R2026080800013,O20260807000013,2026-08-08 12:00:00.000000,16250
t_demo,demo_20260921_v1,s1,R2026080800014,O20260807000014,2026-08-08 12:00:00.000000,16250
t_demo,demo_20260921_v1,s1,R2026080800015,O20260807000015,2026-08-08 12:00:00.000000,16250
t_demo,demo_20260921_v1,s1,R2026080800016,O20260807000016,2026-08-08 12:00:00.000000,16250
t_demo,demo_20260921_v1,s1,R2026080800017,O20260807000017,2026-08-08 12:00:00.000000,16250
t_demo,demo_20260921_v1,s1,R2026080800018,O20260807000018,2026-08-08 12:00:00.000000,16250
t_demo,demo_20260921_v1,s1,R2026080800019,O20260807000019,2026-08-08 12:00:00.000000,16250
t_demo,demo_20260921_v1,s1,R2026080800020,O20260807000020,2026-08-08 12:00:00.000000,16250
t_demo,demo_20260921_v1,s1,R2026080800021,O20260807000021,2026-08-08 12:00:00.000000,16250
t_demo,demo_20260921_v1,s1,R2026080800022,O20260807000022,2026-08-08 12:00:00.000000,16250
t_demo,demo_20260921_v1,s1,R2026080800023,O20260807000023,2026-08-08 12:00:00.000000,16250
t_demo,demo_20260921_v1,s1,R2026080800024,O20260807000024,2026-08-08 12:00:00.000000,16250
t_demo,demo_20260921_v1,s1,R2026080800025,O20260807000025,2026-08-08 12:00:00.000000,16250
t_demo,demo_20260921_v1,s1,R2026080800026,O20260807000026,2026-08-08 12:00:00.000000,16250
t_demo,demo_20260921_v1,s1,R2026080800027,O20260807000027,2026-08-08 12:00:00.000000,16250
t_demo,demo_20260921_v1,s1,R2026080800028,O20260807000028,2026-08-08 12:00:00.000000,16250
t_demo,demo_20260921_v1,s1,R2026080800029,O20260807000029,2026-08-08 12:00:00.000000,16250
t_demo,demo_20260921_v1,s1,R2026080800030,O20260807000030,2026-08-08 12:00:00.000000,16250
t_demo,demo_20260921_v1,s1,R2026080800031,O20260807000031,2026-08-08 12:00:00.000000,16250
t_demo,demo_20260921_v1,s1,R2026080800032,O20260807000032,2026-08-08 12:00:00.000000,16250
t_demo,demo_20260921_v1,s1,R2026080800033,O20260807000033,2026-08-08 12:00:00.000000,16250
t_demo,demo_20260921_v1,s1,R2026080800034,O20260807000034,2026-08-08 12:00:00.000000,16250
t_demo,demo_20260921_v1,s1,R2026080800035,O20260807000035,2026-08-08 12:00:00.000000,16250
t_demo,demo_20260921_v1,s1,R2026080800036,O20260807000036,2026-08-08 12:00:00.000000,16250
t_demo,demo_20260921_v1,s1,R2026080800037,O20260807000037,2026-08-08 12:00:00.000000,16250
t_demo,demo_20260921_v1,s1,R2026080800038,O20260807000038,2026-08-08 12:00:00.000000,16250
t_demo,demo_20260921_v1,s1,R2026080800039,O20260807000039,2026-08-08 12:00:00.000000,16250
t_demo,demo_20260921_v1,s1,R2026080800040,O20260807000040,2026-08-08 12:00:00.000000,16250
t_demo,demo_20260921_v1,s1,R2026080800041,O20260807000041,2026-08-08 12:00:00.000000,16250
t_demo,demo_20260921_v1,s1,R2026080800042,O20260807000042,2026-08-08 12:00:00.000000,16250
t_demo,demo_20260921_v1,s1,R2026080800043,O20260807000043,2026-08-08 12:00:00.000000,16250
t_demo,demo_20260921_v1,s1,R2026080800044,O20260807000044,2026-08-08 12:00:00.000000,16250
t_demo,demo_20260921_v1,s1,R2026080800045,O20260807000045,2026-08-08 12:00:00.000000,16250
t_demo,demo_20260921_v1,s1,R2026080800046,O20260807000046,2026-08-08 12:00:00.000000,16250
t_demo,demo_20260921_v1,s1,R2026080800047,O20260807000047,2026-08-08 12:00:00.000000,16250
t_demo,demo_20260921_v1,s1,R2026080800048,O20260807000048,2026-08-08 12:00:00.000000,16250
t_demo,demo_20260921_v1,s1,R2026080800049,O20260807000049,2026-08-08 12:00:00.000000,16250
t_demo,demo_20260921_v1,s1,R2026080800050,O20260807000050,2026-08-08 12:00:00.000000,16250
t_demo,demo_20260921_v1,s1,R2026080800051,O20260807000051,2026-08-08 12:00:00.000000,16250
t_demo,demo_20260921_v1,s1,R2026080800052,O20260807000052,2026-08-08 12:00:00.000000,16250
t_demo,demo_20260921_v1,s1,R2026080800053,O20260807000053,2026-08-08 12:00:00.000000,16250
t_demo,demo_20260921_v1,s1,R2026080800054,O20260807000054,2026-08-08 12:00:00.000000,16250
t_demo,demo_20260921_v1,s1,R2026080800055,O20260807000055,2026-08-08 12:00:00.000000,16250
t_demo,demo_20260921_v1,s1,R2026080800056,O20260807000056,2026-08-08 12:00:00.000000,16250
t_demo,demo_20260921_v1,s1,R2026080800057,O20260807000057,2026-08-08 12:00:00.000000,16250
t_demo,demo_20260921_v1,s1,R2026080800058,O20260807000058,2026-08-08 12:00:00.000000,16250
t_demo,demo_20260921_v1,s1,R2026080800059,O20260807000059,2026-08-08 12:00:00.000000,16250
t_demo,demo_20260921_v1,s1,R2026080800060,O20260807000060,2026-08-08 12:00:00.000000,16250
t_demo,demo_20260921_v1,s1,R2026080800061,O20260807000061,2026-08-08 12:00:00.000000,16250
t_demo,demo_20260921_v1,s1,R2026080800062,O20260807000062,2026-08-08 12:00:00.000000,16250
t_demo,demo_20260921_v1,s1,R2026080800063,O20260807000063,2026-08-08 12:00:00.000000,16250
t_demo,demo_20260921_v1,s1,R2026080800064,O20260807000064,2026-08-08 12:00:00.000000,16250
t_demo,demo_20260921_v1,s1,R2026080800065,O20260807000065,2026-08-08 12:00:00.000000,16250
t_demo,demo_20260921_v1,s1,R2026080800066,O20260807000066,2026-08-08 12:00:00.000000,16250
t_demo,demo_20260921_v1,s1,R2026080800067,O20260807000067,2026-08-08 12:00:00.000000,16250
t_demo,demo_20260921_v1,s1,R2026080800068,O20260807000068,2026-08-08 12:00:00.000000,16250
t_demo,demo_20260921_v1,s1,R2026080800069,O20260807000069,2026-08-08 12:00:00.000000,16250
t_demo,demo_20260921_v1,s1,R2026080800070,O20260807000070,2026-08-08 12:00:00.000000,16250
t_demo,demo_20260921_v1,s1,R2026080800071,O20260807000071,2026-08-08 12:00:00.000000,16250
t_demo,demo_20260921_v1,s1,R2026080800072,O20260807000072,2026-08-08 12:00:00.000000,16250
t_demo,demo_20260921_v1,s1,R2026080800073,O20260807000073,2026-08-08 12:00:00.000000,16250
t_demo,demo_20260921_v1,s1,R2026080800074,O20260807000074,2026-08-08 12:00:00.000000,16250
t_demo,demo_20260921_v1,s1,R2026080800075,O20260807000075,2026-08-08 12:00:00.000000,16250
t_demo,demo_20260921_v1,s1,R2026080800076,O20260807000076,2026-08-08 12:00:00.000000,16250
t_demo,demo_20260921_v1,s1,R2026080800077,O20260807000077,2026-08-08 12:00:00.000000,16250
t_demo,demo_20260921_v1,s1,R2026080800078,O20260807000078,2026-08-08 12:00:00.000000,16250
t_demo,demo_20260921_v1,s1,R2026080800079,O20260807000079,2026-08-08 12:00:00.000000,16250
t_demo,demo_20260921_v1,s1,R2026080800080,O20260807000080,2026-08-08 12:00:00.000000,16250
t_demo,demo_20260921_v1,s1,R2026080900001,O20260808000001,2026-08-09 12:00:00.000000,16250
t_demo,demo_20260921_v1,s1,R2026080900002,O20260808000002,2026-08-09 12:00:00.000000,16250
t_demo,demo_20260921_v1,s1,R2026080900003,O20260808000003,2026-08-09 12:00:00.000000,16250
t_demo,demo_20260921_v1,s1,R2026080900004,O20260808000004,2026-08-09 12:00:00.000000,16250
t_demo,demo_20260921_v1,s1,R2026080900005,O20260808000005,2026-08-09 12:00:00.000000,16250
t_demo,demo_20260921_v1,s1,R2026080900006,O20260808000006,2026-08-09 12:00:00.000000,16250
t_demo,demo_20260921_v1,s1,R2026080900007,O20260808000007,2026-08-09 12:00:00.000000,16250
t_demo,demo_20260921_v1,s1,R2026080900008,O20260808000008,2026-08-09 12:00:00.000000,16250
t_demo,demo_20260921_v1,s1,R2026080900009,O20260808000009,2026-08-09 12:00:00.000000,16250
t_demo,demo_20260921_v1,s1,R2026080900010,O20260808000010,2026-08-09 12:00:00.000000,16250
t_demo,demo_20260921_v1,s1,R2026080900011,O20260808000011,2026-08-09 12:00:00.000000,16250
t_demo,demo_20260921_v1,s1,R2026080900012,O20260808000012,2026-08-09 12:00:00.000000,16250
t_demo,demo_20260921_v1,s1,R2026080900013,O20260808000013,2026-08-09 12:00:00.000000,16250
t_demo,demo_20260921_v1,s1,R2026080900014,O20260808000014,2026-08-09 12:00:00.000000,16250
t_demo,demo_20260921_v1,s1,R2026080900015,O20260808000015,2026-08-09 12:00:00.000000,16250
t_demo,demo_20260921_v1,s1,R2026080900016,O20260808000016,2026-08-09 12:00:00.000000,16250
t_demo,demo_20260921_v1,s1,R2026080900017,O20260808000017,2026-08-09 12:00:00.000000,16250
t_demo,demo_20260921_v1,s1,R2026080900018,O20260808000018,2026-08-09 12:00:00.000000,16250
t_demo,demo_20260921_v1,s1,R2026080900019,O20260808000019,2026-08-09 12:00:00.000000,16250
t_demo,demo_20260921_v1,s1,R2026080900020,O20260808000020,2026-08-09 12:00:00.000000,16250
t_demo,demo_20260921_v1,s1,R2026080900021,O20260808000021,2026-08-09 12:00:00.000000,16250
t_demo,demo_20260921_v1,s1,R2026080900022,O20260808000022,2026-08-09 12:00:00.000000,16250
t_demo,demo_20260921_v1,s1,R2026080900023,O20260808000023,2026-08-09 12:00:00.000000,16250
t_demo,demo_20260921_v1,s1,R2026080900024,O20260808000024,2026-08-09 12:00:00.000000,16250
t_demo,demo_20260921_v1,s1,R2026080900025,O20260808000025,2026-08-09 12:00:00.000000,16250
t_demo,demo_20260921_v1,s1,R2026080900026,O20260808000026,2026-08-09 12:00:00.000000,16250
t_demo,demo_20260921_v1,s1,R2026080900027,O20260808000027,2026-08-09 12:00:00.000000,16250
t_demo,demo_20260921_v1,s1,R2026080900028,O20260808000028,2026-08-09 12:00:00.000000,16250
t_demo,demo_20260921_v1,s1,R2026080900029,O20260808000029,2026-08-09 12:00:00.000000,16250
t_demo,demo_20260921_v1,s1,R2026080900030,O20260808000030,2026-08-09 12:00:00.000000,16250
t_demo,demo_20260921_v1,s1,R2026080900031,O20260808000031,2026-08-09 12:00:00.000000,16250
t_demo,demo_20260921_v1,s1,R2026080900032,O20260808000032,2026-08-09 12:00:00.000000,16250
t_demo,demo_20260921_v1,s1,R2026080900033,O20260808000033,2026-08-09 12:00:00.000000,16250
t_demo,demo_20260921_v1,s1,R2026080900034,O20260808000034,2026-08-09 12:00:00.000000,16250
t_demo,demo_20260921_v1,s1,R2026080900035,O20260808000035,2026-08-09 12:00:00.000000,16250
t_demo,demo_20260921_v1,s1,R2026080900036,O20260808000036,2026-08-09 12:00:00.000000,16250
t_demo,demo_20260921_v1,s1,R2026080900037,O20260808000037,2026-08-09 12:00:00.000000,16250
t_demo,demo_20260921_v1,s1,R2026080900038,O20260808000038,2026-08-09 12:00:00.000000,16250
t_demo,demo_20260921_v1,s1,R2026080900039,O20260808000039,2026-08-09 12:00:00.000000,16250
t_demo,demo_20260921_v1,s1,R2026080900040,O20260808000040,2026-08-09 12:00:00.000000,16250
t_demo,demo_20260921_v1,s1,R2026080900041,O20260808000041,2026-08-09 12:00:00.000000,16250
t_demo,demo_20260921_v1,s1,R2026080900042,O20260808000042,2026-08-09 12:00:00.000000,16250
t_demo,demo_20260921_v1,s1,R2026080900043,O20260808000043,2026-08-09 12:00:00.000000,16250
t_demo,demo_20260921_v1,s1,R2026080900044,O20260808000044,2026-08-09 12:00:00.000000,16250
t_demo,demo_20260921_v1,s1,R2026080900045,O20260808000045,2026-08-09 12:00:00.000000,16250
t_demo,demo_20260921_v1,s1,R2026080900046,O20260808000046,2026-08-09 12:00:00.000000,16250
t_demo,demo_20260921_v1,s1,R2026080900047,O20260808000047,2026-08-09 12:00:00.000000,16250
t_demo,demo_20260921_v1,s1,R2026080900048,O20260808000048,2026-08-09 12:00:00.000000,16250
t_demo,demo_20260921_v1,s1,R2026080900049,O20260808000049,2026-08-09 12:00:00.000000,16250
t_demo,demo_20260921_v1,s1,R2026080900050,O20260808000050,2026-08-09 12:00:00.000000,16250
t_demo,demo_20260921_v1,s1,R2026080900051,O20260808000051,2026-08-09 12:00:00.000000,16250
t_demo,demo_20260921_v1,s1,R2026080900052,O20260808000052,2026-08-09 12:00:00.000000,16250
t_demo,demo_20260921_v1,s1,R2026080900053,O20260808000053,2026-08-09 12:00:00.000000,16250
t_demo,demo_20260921_v1,s1,R2026080900054,O20260808000054,2026-08-09 12:00:00.000000,16250
t_demo,demo_20260921_v1,s1,R2026080900055,O20260808000055,2026-08-09 12:00:00.000000,16250
t_demo,demo_20260921_v1,s1,R2026080900056,O20260808000056,2026-08-09 12:00:00.000000,16250
t_demo,demo_20260921_v1,s1,R2026080900057,O20260808000057,2026-08-09 12:00:00.000000,16250
t_demo,demo_20260921_v1,s1,R2026080900058,O20260808000058,2026-08-09 12:00:00.000000,16250
t_demo,demo_20260921_v1,s1,R2026080900059,O20260808000059,2026-08-09 12:00:00.000000,16250
t_demo,demo_20260921_v1,s1,R2026080900060,O20260808000060,2026-08-09 12:00:00.000000,16250
t_demo,demo_20260921_v1,s1,R2026080900061,O20260808000061,2026-08-09 12:00:00.000000,16250
t_demo,demo_20260921_v1,s1,R2026080900062,O20260808000062,2026-08-09 12:00:00.000000,16250
t_demo,demo_20260921_v1,s1,R2026080900063,O20260808000063,2026-08-09 12:00:00.000000,16250
t_demo,demo_20260921_v1,s1,R2026080900064,O20260808000064,2026-08-09 12:00:00.000000,16250
t_demo,demo_20260921_v1,s1,R2026080900065,O20260808000065,2026-08-09 12:00:00.000000,16250
t_demo,demo_20260921_v1,s1,R2026080900066,O20260808000066,2026-08-09 12:00:00.000000,16250
t_demo,demo_20260921_v1,s1,R2026080900067,O20260808000067,2026-08-09 12:00:00.000000,16250
t_demo,demo_20260921_v1,s1,R2026080900068,O20260808000068,2026-08-09 12:00:00.000000,16250
t_demo,demo_20260921_v1,s1,R2026080900069,O20260808000069,2026-08-09 12:00:00.000000,16250
t_demo,demo_20260921_v1,s1,R2026080900070,O20260808000070,2026-08-09 12:00:00.000000,16250
t_demo,demo_20260921_v1,s1,R2026080900071,O20260808000071,2026-08-09 12:00:00.000000,16250
t_demo,demo_20260921_v1,s1,R2026080900072,O20260808000072,2026-08-09 12:00:00.000000,16250
t_demo,demo_20260921_v1,s1,R2026080900073,O20260808000073,2026-08-09 12:00:00.000000,16250
t_demo,demo_20260921_v1,s1,R2026080900074,O20260808000074,2026-08-09 12:00:00.000000,16250
t_demo,demo_20260921_v1,s1,R2026080900075,O20260808000075,2026-08-09 12:00:00.000000,16250
t_demo,demo_20260921_v1,s1,R2026080900076,O20260808000076,2026-08-09 12:00:00.000000,16250
t_demo,demo_20260921_v1,s1,R2026080900077,O20260808000077,2026-08-09 12:00:00.000000,16250
t_demo,demo_20260921_v1,s1,R2026080900078,O20260808000078,2026-08-09 12:00:00.000000,16250
t_demo,demo_20260921_v1,s1,R2026080900079,O20260808000079,2026-08-09 12:00:00.000000,16250
t_demo,demo_20260921_v1,s1,R2026080900080,O20260808000080,2026-08-09 12:00:00.000000,16250
t_demo,demo_20260921_v1,s1,R2026081000001,O20260809000001,2026-08-10 12:00:00.000000,16250
t_demo,demo_20260921_v1,s1,R2026081000002,O20260809000002,2026-08-10 12:00:00.000000,16250
t_demo,demo_20260921_v1,s1,R2026081000003,O20260809000003,2026-08-10 12:00:00.000000,16250
t_demo,demo_20260921_v1,s1,R2026081000004,O20260809000004,2026-08-10 12:00:00.000000,16250
t_demo,demo_20260921_v1,s1,R2026081000005,O20260809000005,2026-08-10 12:00:00.000000,16250
t_demo,demo_20260921_v1,s1,R2026081000006,O20260809000006,2026-08-10 12:00:00.000000,16250
t_demo,demo_20260921_v1,s1,R2026081000007,O20260809000007,2026-08-10 12:00:00.000000,16250
t_demo,demo_20260921_v1,s1,R2026081000008,O20260809000008,2026-08-10 12:00:00.000000,16250
t_demo,demo_20260921_v1,s1,R2026081000009,O20260809000009,2026-08-10 12:00:00.000000,16250
t_demo,demo_20260921_v1,s1,R2026081000010,O20260809000010,2026-08-10 12:00:00.000000,16250
t_demo,demo_20260921_v1,s1,R2026081000011,O20260809000011,2026-08-10 12:00:00.000000,16250
t_demo,demo_20260921_v1,s1,R2026081000012,O20260809000012,2026-08-10 12:00:00.000000,16250
t_demo,demo_20260921_v1,s1,R2026081000013,O20260809000013,2026-08-10 12:00:00.000000,16250
t_demo,demo_20260921_v1,s1,R2026081000014,O20260809000014,2026-08-10 12:00:00.000000,16250
t_demo,demo_20260921_v1,s1,R2026081000015,O20260809000015,2026-08-10 12:00:00.000000,16250
t_demo,demo_20260921_v1,s1,R2026081000016,O20260809000016,2026-08-10 12:00:00.000000,16250
t_demo,demo_20260921_v1,s1,R2026081000017,O20260809000017,2026-08-10 12:00:00.000000,16250
t_demo,demo_20260921_v1,s1,R2026081000018,O20260809000018,2026-08-10 12:00:00.000000,16250
t_demo,demo_20260921_v1,s1,R2026081000019,O20260809000019,2026-08-10 12:00:00.000000,16250
t_demo,demo_20260921_v1,s1,R2026081000020,O20260809000020,2026-08-10 12:00:00.000000,16250
t_demo,demo_20260921_v1,s1,R2026081000021,O20260809000021,2026-08-10 12:00:00.000000,16250
t_demo,demo_20260921_v1,s1,R2026081000022,O20260809000022,2026-08-10 12:00:00.000000,16250
t_demo,demo_20260921_v1,s1,R2026081000023,O20260809000023,2026-08-10 12:00:00.000000,16250
t_demo,demo_20260921_v1,s1,R2026081000024,O20260809000024,2026-08-10 12:00:00.000000,16250
t_demo,demo_20260921_v1,s1,R2026081000025,O20260809000025,2026-08-10 12:00:00.000000,16250
t_demo,demo_20260921_v1,s1,R2026081000026,O20260809000026,2026-08-10 12:00:00.000000,16250
t_demo,demo_20260921_v1,s1,R2026081000027,O20260809000027,2026-08-10 12:00:00.000000,16250
t_demo,demo_20260921_v1,s1,R2026081000028,O20260809000028,2026-08-10 12:00:00.000000,16250
t_demo,demo_20260921_v1,s1,R2026081000029,O20260809000029,2026-08-10 12:00:00.000000,16250
t_demo,demo_20260921_v1,s1,R2026081000030,O20260809000030,2026-08-10 12:00:00.000000,16250
t_demo,demo_20260921_v1,s1,R2026081000031,O20260809000031,2026-08-10 12:00:00.000000,16250
t_demo,demo_20260921_v1,s1,R2026081000032,O20260809000032,2026-08-10 12:00:00.000000,16250
t_demo,demo_20260921_v1,s1,R2026081000033,O20260809000033,2026-08-10 12:00:00.000000,16250
t_demo,demo_20260921_v1,s1,R2026081000034,O20260809000034,2026-08-10 12:00:00.000000,16250
t_demo,demo_20260921_v1,s1,R2026081000035,O20260809000035,2026-08-10 12:00:00.000000,16250
t_demo,demo_20260921_v1,s1,R2026081000036,O20260809000036,2026-08-10 12:00:00.000000,16250
t_demo,demo_20260921_v1,s1,R2026081000037,O20260809000037,2026-08-10 12:00:00.000000,16250
t_demo,demo_20260921_v1,s1,R2026081000038,O20260809000038,2026-08-10 12:00:00.000000,16250
t_demo,demo_20260921_v1,s1,R2026081000039,O20260809000039,2026-08-10 12:00:00.000000,16250
t_demo,demo_20260921_v1,s1,R2026081000040,O20260809000040,2026-08-10 12:00:00.000000,16250
t_demo,demo_20260921_v1,s1,R2026081000041,O20260809000041,2026-08-10 12:00:00.000000,16250
t_demo,demo_20260921_v1,s1,R2026081000042,O20260809000042,2026-08-10 12:00:00.000000,16250
t_demo,demo_20260921_v1,s1,R2026081000043,O20260809000043,2026-08-10 12:00:00.000000,16250
t_demo,demo_20260921_v1,s1,R2026081000044,O20260809000044,2026-08-10 12:00:00.000000,16250
t_demo,demo_20260921_v1,s1,R2026081000045,O20260809000045,2026-08-10 12:00:00.000000,16250
t_demo,demo_20260921_v1,s1,R2026081000046,O20260809000046,2026-08-10 12:00:00.000000,16250
t_demo,demo_20260921_v1,s1,R2026081000047,O20260809000047,2026-08-10 12:00:00.000000,16250
t_demo,demo_20260921_v1,s1,R2026081000048,O20260809000048,2026-08-10 12:00:00.000000,16250
t_demo,demo_20260921_v1,s1,R2026081000049,O20260809000049,2026-08-10 12:00:00.000000,16250
t_demo,demo_20260921_v1,s1,R2026081000050,O20260809000050,2026-08-10 12:00:00.000000,16250
t_demo,demo_20260921_v1,s1,R2026081000051,O20260809000051,2026-08-10 12:00:00.000000,16250
t_demo,demo_20260921_v1,s1,R2026081000052,O20260809000052,2026-08-10 12:00:00.000000,16250
t_demo,demo_20260921_v1,s1,R2026081000053,O20260809000053,2026-08-10 12:00:00.000000,16250
t_demo,demo_20260921_v1,s1,R2026081000054,O20260809000054,2026-08-10 12:00:00.000000,16250
t_demo,demo_20260921_v1,s1,R2026081000055,O20260809000055,2026-08-10 12:00:00.000000,16250
t_demo,demo_20260921_v1,s1,R2026081000056,O20260809000056,2026-08-10 12:00:00.000000,16250
t_demo,demo_20260921_v1,s1,R2026081000057,O20260809000057,2026-08-10 12:00:00.000000,16250
t_demo,demo_20260921_v1,s1,R2026081000058,O20260809000058,2026-08-10 12:00:00.000000,16250
t_demo,demo_20260921_v1,s1,R2026081000059,O20260809000059,2026-08-10 12:00:00.000000,16250
t_demo,demo_20260921_v1,s1,R2026081000060,O20260809000060,2026-08-10 12:00:00.000000,16250
t_demo,demo_20260921_v1,s1,R2026081000061,O20260809000061,2026-08-10 12:00:00.000000,16250
t_demo,demo_20260921_v1,s1,R2026081000062,O20260809000062,2026-08-10 12:00:00.000000,16250
t_demo,demo_20260921_v1,s1,R2026081000063,O20260809000063,2026-08-10 12:00:00.000000,16250
t_demo,demo_20260921_v1,s1,R2026081000064,O20260809000064,2026-08-10 12:00:00.000000,16250
t_demo,demo_20260921_v1,s1,R2026081000065,O20260809000065,2026-08-10 12:00:00.000000,16250
t_demo,demo_20260921_v1,s1,R2026081000066,O20260809000066,2026-08-10 12:00:00.000000,16250
t_demo,demo_20260921_v1,s1,R2026081000067,O20260809000067,2026-08-10 12:00:00.000000,16250
t_demo,demo_20260921_v1,s1,R2026081000068,O20260809000068,2026-08-10 12:00:00.000000,16250
t_demo,demo_20260921_v1,s1,R2026081000069,O20260809000069,2026-08-10 12:00:00.000000,16250
t_demo,demo_20260921_v1,s1,R2026081000070,O20260809000070,2026-08-10 12:00:00.000000,16250
t_demo,demo_20260921_v1,s1,R2026081000071,O20260809000071,2026-08-10 12:00:00.000000,16250
t_demo,demo_20260921_v1,s1,R2026081000072,O20260809000072,2026-08-10 12:00:00.000000,16250
t_demo,demo_20260921_v1,s1,R2026081000073,O20260809000073,2026-08-10 12:00:00.000000,16250
t_demo,demo_20260921_v1,s1,R2026081000074,O20260809000074,2026-08-10 12:00:00.000000,16250
t_demo,demo_20260921_v1,s1,R2026081000075,O20260809000075,2026-08-10 12:00:00.000000,16250
t_demo,demo_20260921_v1,s1,R2026081000076,O20260809000076,2026-08-10 12:00:00.000000,16250
t_demo,demo_20260921_v1,s1,R2026081000077,O20260809000077,2026-08-10 12:00:00.000000,16250
t_demo,demo_20260921_v1,s1,R2026081000078,O20260809000078,2026-08-10 12:00:00.000000,16250
t_demo,demo_20260921_v1,s1,R2026081000079,O20260809000079,2026-08-10 12:00:00.000000,16250
t_demo,demo_20260921_v1,s1,R2026081000080,O20260809000080,2026-08-10 12:00:00.000000,16250
t_demo,demo_20260921_v1,s1,R2026081100001,O20260810000001,2026-08-11 12:00:00.000000,16250
t_demo,demo_20260921_v1,s1,R2026081100002,O20260810000002,2026-08-11 12:00:00.000000,16250
t_demo,demo_20260921_v1,s1,R2026081100003,O20260810000003,2026-08-11 12:00:00.000000,16250
t_demo,demo_20260921_v1,s1,R2026081100004,O20260810000004,2026-08-11 12:00:00.000000,16250
t_demo,demo_20260921_v1,s1,R2026081100005,O20260810000005,2026-08-11 12:00:00.000000,16250
t_demo,demo_20260921_v1,s1,R2026081100006,O20260810000006,2026-08-11 12:00:00.000000,16250
t_demo,demo_20260921_v1,s1,R2026081100007,O20260810000007,2026-08-11 12:00:00.000000,16250
t_demo,demo_20260921_v1,s1,R2026081100008,O20260810000008,2026-08-11 12:00:00.000000,16250
t_demo,demo_20260921_v1,s1,R2026081100009,O20260810000009,2026-08-11 12:00:00.000000,16250
t_demo,demo_20260921_v1,s1,R2026081100010,O20260810000010,2026-08-11 12:00:00.000000,16250
t_demo,demo_20260921_v1,s1,R2026081100011,O20260810000011,2026-08-11 12:00:00.000000,16250
t_demo,demo_20260921_v1,s1,R2026081100012,O20260810000012,2026-08-11 12:00:00.000000,16250
t_demo,demo_20260921_v1,s1,R2026081100013,O20260810000013,2026-08-11 12:00:00.000000,16250
t_demo,demo_20260921_v1,s1,R2026081100014,O20260810000014,2026-08-11 12:00:00.000000,16250
t_demo,demo_20260921_v1,s1,R2026081100015,O20260810000015,2026-08-11 12:00:00.000000,16250
t_demo,demo_20260921_v1,s1,R2026081100016,O20260810000016,2026-08-11 12:00:00.000000,16250
t_demo,demo_20260921_v1,s1,R2026081100017,O20260810000017,2026-08-11 12:00:00.000000,16250
t_demo,demo_20260921_v1,s1,R2026081100018,O20260810000018,2026-08-11 12:00:00.000000,16250
t_demo,demo_20260921_v1,s1,R2026081100019,O20260810000019,2026-08-11 12:00:00.000000,16250
t_demo,demo_20260921_v1,s1,R2026081100020,O20260810000020,2026-08-11 12:00:00.000000,16250
t_demo,demo_20260921_v1,s1,R2026081100021,O20260810000021,2026-08-11 12:00:00.000000,16250
t_demo,demo_20260921_v1,s1,R2026081100022,O20260810000022,2026-08-11 12:00:00.000000,16250
t_demo,demo_20260921_v1,s1,R2026081100023,O20260810000023,2026-08-11 12:00:00.000000,16250
t_demo,demo_20260921_v1,s1,R2026081100024,O20260810000024,2026-08-11 12:00:00.000000,16250
t_demo,demo_20260921_v1,s1,R2026081100025,O20260810000025,2026-08-11 12:00:00.000000,16250
t_demo,demo_20260921_v1,s1,R2026081100026,O20260810000026,2026-08-11 12:00:00.000000,16250
t_demo,demo_20260921_v1,s1,R2026081100027,O20260810000027,2026-08-11 12:00:00.000000,16250
t_demo,demo_20260921_v1,s1,R2026081100028,O20260810000028,2026-08-11 12:00:00.000000,16250
t_demo,demo_20260921_v1,s1,R2026081100029,O20260810000029,2026-08-11 12:00:00.000000,16250
t_demo,demo_20260921_v1,s1,R2026081100030,O20260810000030,2026-08-11 12:00:00.000000,16250
t_demo,demo_20260921_v1,s1,R2026081100031,O20260810000031,2026-08-11 12:00:00.000000,16250
t_demo,demo_20260921_v1,s1,R2026081100032,O20260810000032,2026-08-11 12:00:00.000000,16250
t_demo,demo_20260921_v1,s1,R2026081100033,O20260810000033,2026-08-11 12:00:00.000000,16250
t_demo,demo_20260921_v1,s1,R2026081100034,O20260810000034,2026-08-11 12:00:00.000000,16250
t_demo,demo_20260921_v1,s1,R2026081100035,O20260810000035,2026-08-11 12:00:00.000000,16250
t_demo,demo_20260921_v1,s1,R2026081100036,O20260810000036,2026-08-11 12:00:00.000000,16250
t_demo,demo_20260921_v1,s1,R2026081100037,O20260810000037,2026-08-11 12:00:00.000000,16250
t_demo,demo_20260921_v1,s1,R2026081100038,O20260810000038,2026-08-11 12:00:00.000000,16250
t_demo,demo_20260921_v1,s1,R2026081100039,O20260810000039,2026-08-11 12:00:00.000000,16250
t_demo,demo_20260921_v1,s1,R2026081100040,O20260810000040,2026-08-11 12:00:00.000000,16250
t_demo,demo_20260921_v1,s1,R2026081100041,O20260810000041,2026-08-11 12:00:00.000000,16250
t_demo,demo_20260921_v1,s1,R2026081100042,O20260810000042,2026-08-11 12:00:00.000000,16250
t_demo,demo_20260921_v1,s1,R2026081100043,O20260810000043,2026-08-11 12:00:00.000000,16250
t_demo,demo_20260921_v1,s1,R2026081100044,O20260810000044,2026-08-11 12:00:00.000000,16250
t_demo,demo_20260921_v1,s1,R2026081100045,O20260810000045,2026-08-11 12:00:00.000000,16250
t_demo,demo_20260921_v1,s1,R2026081100046,O20260810000046,2026-08-11 12:00:00.000000,16250
t_demo,demo_20260921_v1,s1,R2026081100047,O20260810000047,2026-08-11 12:00:00.000000,16250
t_demo,demo_20260921_v1,s1,R2026081100048,O20260810000048,2026-08-11 12:00:00.000000,16250
t_demo,demo_20260921_v1,s1,R2026081100049,O20260810000049,2026-08-11 12:00:00.000000,16250
t_demo,demo_20260921_v1,s1,R2026081100050,O20260810000050,2026-08-11 12:00:00.000000,16250
t_demo,demo_20260921_v1,s1,R2026081100051,O20260810000051,2026-08-11 12:00:00.000000,16250
t_demo,demo_20260921_v1,s1,R2026081100052,O20260810000052,2026-08-11 12:00:00.000000,16250
t_demo,demo_20260921_v1,s1,R2026081100053,O20260810000053,2026-08-11 12:00:00.000000,16250
t_demo,demo_20260921_v1,s1,R2026081100054,O20260810000054,2026-08-11 12:00:00.000000,16250
t_demo,demo_20260921_v1,s1,R2026081100055,O20260810000055,2026-08-11 12:00:00.000000,16250
t_demo,demo_20260921_v1,s1,R2026081100056,O20260810000056,2026-08-11 12:00:00.000000,16250
t_demo,demo_20260921_v1,s1,R2026081100057,O20260810000057,2026-08-11 12:00:00.000000,16250
t_demo,demo_20260921_v1,s1,R2026081100058,O20260810000058,2026-08-11 12:00:00.000000,16250
t_demo,demo_20260921_v1,s1,R2026081100059,O20260810000059,2026-08-11 12:00:00.000000,16250
t_demo,demo_20260921_v1,s1,R2026081100060,O20260810000060,2026-08-11 12:00:00.000000,16250
t_demo,demo_20260921_v1,s1,R2026081100061,O20260810000061,2026-08-11 12:00:00.000000,16250
t_demo,demo_20260921_v1,s1,R2026081100062,O20260810000062,2026-08-11 12:00:00.000000,16250
t_demo,demo_20260921_v1,s1,R2026081100063,O20260810000063,2026-08-11 12:00:00.000000,16250
t_demo,demo_20260921_v1,s1,R2026081100064,O20260810000064,2026-08-11 12:00:00.000000,16250
t_demo,demo_20260921_v1,s1,R2026081100065,O20260810000065,2026-08-11 12:00:00.000000,16250
t_demo,demo_20260921_v1,s1,R2026081100066,O20260810000066,2026-08-11 12:00:00.000000,16250
t_demo,demo_20260921_v1,s1,R2026081100067,O20260810000067,2026-08-11 12:00:00.000000,16250
t_demo,demo_20260921_v1,s1,R2026081100068,O20260810000068,2026-08-11 12:00:00.000000,16250
t_demo,demo_20260921_v1,s1,R2026081100069,O20260810000069,2026-08-11 12:00:00.000000,16250
t_demo,demo_20260921_v1,s1,R2026081100070,O20260810000070,2026-08-11 12:00:00.000000,16250
t_demo,demo_20260921_v1,s1,R2026081100071,O20260810000071,2026-08-11 12:00:00.000000,16250
t_demo,demo_20260921_v1,s1,R2026081100072,O20260810000072,2026-08-11 12:00:00.000000,16250
t_demo,demo_20260921_v1,s1,R2026081100073,O20260810000073,2026-08-11 12:00:00.000000,16250
t_demo,demo_20260921_v1,s1,R2026081100074,O20260810000074,2026-08-11 12:00:00.000000,16250
t_demo,demo_20260921_v1,s1,R2026081100075,O20260810000075,2026-08-11 12:00:00.000000,16250
t_demo,demo_20260921_v1,s1,R2026081100076,O20260810000076,2026-08-11 12:00:00.000000,16250
t_demo,demo_20260921_v1,s1,R2026081100077,O20260810000077,2026-08-11 12:00:00.000000,16250
t_demo,demo_20260921_v1,s1,R2026081100078,O20260810000078,2026-08-11 12:00:00.000000,16250
t_demo,demo_20260921_v1,s1,R2026081100079,O20260810000079,2026-08-11 12:00:00.000000,16250
t_demo,demo_20260921_v1,s1,R2026081100080,O20260810000080,2026-08-11 12:00:00.000000,16250
t_demo,demo_20260921_v1,s1,R2026081200001,O20260811000001,2026-08-12 12:00:00.000000,16250
t_demo,demo_20260921_v1,s1,R2026081200002,O20260811000002,2026-08-12 12:00:00.000000,16250
t_demo,demo_20260921_v1,s1,R2026081200003,O20260811000003,2026-08-12 12:00:00.000000,16250
t_demo,demo_20260921_v1,s1,R2026081200004,O20260811000004,2026-08-12 12:00:00.000000,16250
t_demo,demo_20260921_v1,s1,R2026081200005,O20260811000005,2026-08-12 12:00:00.000000,16250
t_demo,demo_20260921_v1,s1,R2026081200006,O20260811000006,2026-08-12 12:00:00.000000,16250
t_demo,demo_20260921_v1,s1,R2026081200007,O20260811000007,2026-08-12 12:00:00.000000,16250
t_demo,demo_20260921_v1,s1,R2026081200008,O20260811000008,2026-08-12 12:00:00.000000,16250
t_demo,demo_20260921_v1,s1,R2026081200009,O20260811000009,2026-08-12 12:00:00.000000,16250
t_demo,demo_20260921_v1,s1,R2026081200010,O20260811000010,2026-08-12 12:00:00.000000,16250
t_demo,demo_20260921_v1,s1,R2026081200011,O20260811000011,2026-08-12 12:00:00.000000,16250
t_demo,demo_20260921_v1,s1,R2026081200012,O20260811000012,2026-08-12 12:00:00.000000,16250
t_demo,demo_20260921_v1,s1,R2026081200013,O20260811000013,2026-08-12 12:00:00.000000,16250
t_demo,demo_20260921_v1,s1,R2026081200014,O20260811000014,2026-08-12 12:00:00.000000,16250
t_demo,demo_20260921_v1,s1,R2026081200015,O20260811000015,2026-08-12 12:00:00.000000,16250
t_demo,demo_20260921_v1,s1,R2026081200016,O20260811000016,2026-08-12 12:00:00.000000,16250
t_demo,demo_20260921_v1,s1,R2026081200017,O20260811000017,2026-08-12 12:00:00.000000,16250
t_demo,demo_20260921_v1,s1,R2026081200018,O20260811000018,2026-08-12 12:00:00.000000,16250
t_demo,demo_20260921_v1,s1,R2026081200019,O20260811000019,2026-08-12 12:00:00.000000,16250
t_demo,demo_20260921_v1,s1,R2026081200020,O20260811000020,2026-08-12 12:00:00.000000,16250
t_demo,demo_20260921_v1,s1,R2026081200021,O20260811000021,2026-08-12 12:00:00.000000,16250
t_demo,demo_20260921_v1,s1,R2026081200022,O20260811000022,2026-08-12 12:00:00.000000,16250
t_demo,demo_20260921_v1,s1,R2026081200023,O20260811000023,2026-08-12 12:00:00.000000,16250
t_demo,demo_20260921_v1,s1,R2026081200024,O20260811000024,2026-08-12 12:00:00.000000,16250
t_demo,demo_20260921_v1,s1,R2026081200025,O20260811000025,2026-08-12 12:00:00.000000,16250
t_demo,demo_20260921_v1,s1,R2026081200026,O20260811000026,2026-08-12 12:00:00.000000,16250
t_demo,demo_20260921_v1,s1,R2026081200027,O20260811000027,2026-08-12 12:00:00.000000,16250
t_demo,demo_20260921_v1,s1,R2026081200028,O20260811000028,2026-08-12 12:00:00.000000,16250
t_demo,demo_20260921_v1,s1,R2026081200029,O20260811000029,2026-08-12 12:00:00.000000,16250
t_demo,demo_20260921_v1,s1,R2026081200030,O20260811000030,2026-08-12 12:00:00.000000,16250
t_demo,demo_20260921_v1,s1,R2026081200031,O20260811000031,2026-08-12 12:00:00.000000,16250
t_demo,demo_20260921_v1,s1,R2026081200032,O20260811000032,2026-08-12 12:00:00.000000,16250
t_demo,demo_20260921_v1,s1,R2026081200033,O20260811000033,2026-08-12 12:00:00.000000,16250
t_demo,demo_20260921_v1,s1,R2026081200034,O20260811000034,2026-08-12 12:00:00.000000,16250
t_demo,demo_20260921_v1,s1,R2026081200035,O20260811000035,2026-08-12 12:00:00.000000,16250
t_demo,demo_20260921_v1,s1,R2026081200036,O20260811000036,2026-08-12 12:00:00.000000,16250
t_demo,demo_20260921_v1,s1,R2026081200037,O20260811000037,2026-08-12 12:00:00.000000,16250
t_demo,demo_20260921_v1,s1,R2026081200038,O20260811000038,2026-08-12 12:00:00.000000,16250
t_demo,demo_20260921_v1,s1,R2026081200039,O20260811000039,2026-08-12 12:00:00.000000,16250
t_demo,demo_20260921_v1,s1,R2026081200040,O20260811000040,2026-08-12 12:00:00.000000,16250
t_demo,demo_20260921_v1,s1,R2026081200041,O20260811000041,2026-08-12 12:00:00.000000,16250
t_demo,demo_20260921_v1,s1,R2026081200042,O20260811000042,2026-08-12 12:00:00.000000,16250
t_demo,demo_20260921_v1,s1,R2026081200043,O20260811000043,2026-08-12 12:00:00.000000,16250
t_demo,demo_20260921_v1,s1,R2026081200044,O20260811000044,2026-08-12 12:00:00.000000,16250
t_demo,demo_20260921_v1,s1,R2026081200045,O20260811000045,2026-08-12 12:00:00.000000,16250
t_demo,demo_20260921_v1,s1,R2026081200046,O20260811000046,2026-08-12 12:00:00.000000,16250
t_demo,demo_20260921_v1,s1,R2026081200047,O20260811000047,2026-08-12 12:00:00.000000,16250
t_demo,demo_20260921_v1,s1,R2026081200048,O20260811000048,2026-08-12 12:00:00.000000,16250
t_demo,demo_20260921_v1,s1,R2026081200049,O20260811000049,2026-08-12 12:00:00.000000,16250
t_demo,demo_20260921_v1,s1,R2026081200050,O20260811000050,2026-08-12 12:00:00.000000,16250
t_demo,demo_20260921_v1,s1,R2026081200051,O20260811000051,2026-08-12 12:00:00.000000,16250
t_demo,demo_20260921_v1,s1,R2026081200052,O20260811000052,2026-08-12 12:00:00.000000,16250
t_demo,demo_20260921_v1,s1,R2026081200053,O20260811000053,2026-08-12 12:00:00.000000,16250
t_demo,demo_20260921_v1,s1,R2026081200054,O20260811000054,2026-08-12 12:00:00.000000,16250
t_demo,demo_20260921_v1,s1,R2026081200055,O20260811000055,2026-08-12 12:00:00.000000,16250
t_demo,demo_20260921_v1,s1,R2026081200056,O20260811000056,2026-08-12 12:00:00.000000,16250
t_demo,demo_20260921_v1,s1,R2026081200057,O20260811000057,2026-08-12 12:00:00.000000,16250
t_demo,demo_20260921_v1,s1,R2026081200058,O20260811000058,2026-08-12 12:00:00.000000,16250
t_demo,demo_20260921_v1,s1,R2026081200059,O20260811000059,2026-08-12 12:00:00.000000,16250
t_demo,demo_20260921_v1,s1,R2026081200060,O20260811000060,2026-08-12 12:00:00.000000,16250
t_demo,demo_20260921_v1,s1,R2026081200061,O20260811000061,2026-08-12 12:00:00.000000,16250
t_demo,demo_20260921_v1,s1,R2026081200062,O20260811000062,2026-08-12 12:00:00.000000,16250
t_demo,demo_20260921_v1,s1,R2026081200063,O20260811000063,2026-08-12 12:00:00.000000,16250
t_demo,demo_20260921_v1,s1,R2026081200064,O20260811000064,2026-08-12 12:00:00.000000,16250
t_demo,demo_20260921_v1,s1,R2026081200065,O20260811000065,2026-08-12 12:00:00.000000,16250
t_demo,demo_20260921_v1,s1,R2026081200066,O20260811000066,2026-08-12 12:00:00.000000,16250
t_demo,demo_20260921_v1,s1,R2026081200067,O20260811000067,2026-08-12 12:00:00.000000,16250
t_demo,demo_20260921_v1,s1,R2026081200068,O20260811000068,2026-08-12 12:00:00.000000,16250
t_demo,demo_20260921_v1,s1,R2026081200069,O20260811000069,2026-08-12 12:00:00.000000,16250
t_demo,demo_20260921_v1,s1,R2026081200070,O20260811000070,2026-08-12 12:00:00.000000,16250
t_demo,demo_20260921_v1,s1,R2026081200071,O20260811000071,2026-08-12 12:00:00.000000,16250
t_demo,demo_20260921_v1,s1,R2026081200072,O20260811000072,2026-08-12 12:00:00.000000,16250
t_demo,demo_20260921_v1,s1,R2026081200073,O20260811000073,2026-08-12 12:00:00.000000,16250
t_demo,demo_20260921_v1,s1,R2026081200074,O20260811000074,2026-08-12 12:00:00.000000,16250
t_demo,demo_20260921_v1,s1,R2026081200075,O20260811000075,2026-08-12 12:00:00.000000,16250
t_demo,demo_20260921_v1,s1,R2026081200076,O20260811000076,2026-08-12 12:00:00.000000,16250
t_demo,demo_20260921_v1,s1,R2026081200077,O20260811000077,2026-08-12 12:00:00.000000,16250
t_demo,demo_20260921_v1,s1,R2026081200078,O20260811000078,2026-08-12 12:00:00.000000,16250
t_demo,demo_20260921_v1,s1,R2026081200079,O20260811000079,2026-08-12 12:00:00.000000,16250
t_demo,demo_20260921_v1,s1,R2026081200080,O20260811000080,2026-08-12 12:00:00.000000,16250
t_demo,demo_20260921_v1,s1,R2026081300001,O20260812000001,2026-08-13 12:00:00.000000,16250
t_demo,demo_20260921_v1,s1,R2026081300002,O20260812000002,2026-08-13 12:00:00.000000,16250
t_demo,demo_20260921_v1,s1,R2026081300003,O20260812000003,2026-08-13 12:00:00.000000,16250
t_demo,demo_20260921_v1,s1,R2026081300004,O20260812000004,2026-08-13 12:00:00.000000,16250
t_demo,demo_20260921_v1,s1,R2026081300005,O20260812000005,2026-08-13 12:00:00.000000,16250
t_demo,demo_20260921_v1,s1,R2026081300006,O20260812000006,2026-08-13 12:00:00.000000,16250
t_demo,demo_20260921_v1,s1,R2026081300007,O20260812000007,2026-08-13 12:00:00.000000,16250
t_demo,demo_20260921_v1,s1,R2026081300008,O20260812000008,2026-08-13 12:00:00.000000,16250
t_demo,demo_20260921_v1,s1,R2026081300009,O20260812000009,2026-08-13 12:00:00.000000,16250
t_demo,demo_20260921_v1,s1,R2026081300010,O20260812000010,2026-08-13 12:00:00.000000,16250
t_demo,demo_20260921_v1,s1,R2026081300011,O20260812000011,2026-08-13 12:00:00.000000,16250
t_demo,demo_20260921_v1,s1,R2026081300012,O20260812000012,2026-08-13 12:00:00.000000,16250
t_demo,demo_20260921_v1,s1,R2026081300013,O20260812000013,2026-08-13 12:00:00.000000,16250
t_demo,demo_20260921_v1,s1,R2026081300014,O20260812000014,2026-08-13 12:00:00.000000,16250
t_demo,demo_20260921_v1,s1,R2026081300015,O20260812000015,2026-08-13 12:00:00.000000,16250
t_demo,demo_20260921_v1,s1,R2026081300016,O20260812000016,2026-08-13 12:00:00.000000,16250
t_demo,demo_20260921_v1,s1,R2026081300017,O20260812000017,2026-08-13 12:00:00.000000,16250
t_demo,demo_20260921_v1,s1,R2026081300018,O20260812000018,2026-08-13 12:00:00.000000,16250
t_demo,demo_20260921_v1,s1,R2026081300019,O20260812000019,2026-08-13 12:00:00.000000,16250
t_demo,demo_20260921_v1,s1,R2026081300020,O20260812000020,2026-08-13 12:00:00.000000,16250
t_demo,demo_20260921_v1,s1,R2026081300021,O20260812000021,2026-08-13 12:00:00.000000,16250
t_demo,demo_20260921_v1,s1,R2026081300022,O20260812000022,2026-08-13 12:00:00.000000,16250
t_demo,demo_20260921_v1,s1,R2026081300023,O20260812000023,2026-08-13 12:00:00.000000,16250
t_demo,demo_20260921_v1,s1,R2026081300024,O20260812000024,2026-08-13 12:00:00.000000,16250
t_demo,demo_20260921_v1,s1,R2026081300025,O20260812000025,2026-08-13 12:00:00.000000,16250
t_demo,demo_20260921_v1,s1,R2026081300026,O20260812000026,2026-08-13 12:00:00.000000,16250
t_demo,demo_20260921_v1,s1,R2026081300027,O20260812000027,2026-08-13 12:00:00.000000,16250
t_demo,demo_20260921_v1,s1,R2026081300028,O20260812000028,2026-08-13 12:00:00.000000,16250
t_demo,demo_20260921_v1,s1,R2026081300029,O20260812000029,2026-08-13 12:00:00.000000,16250
t_demo,demo_20260921_v1,s1,R2026081300030,O20260812000030,2026-08-13 12:00:00.000000,16250
t_demo,demo_20260921_v1,s1,R2026081300031,O20260812000031,2026-08-13 12:00:00.000000,16250
t_demo,demo_20260921_v1,s1,R2026081300032,O20260812000032,2026-08-13 12:00:00.000000,16250
t_demo,demo_20260921_v1,s1,R2026081300033,O20260812000033,2026-08-13 12:00:00.000000,16250
t_demo,demo_20260921_v1,s1,R2026081300034,O20260812000034,2026-08-13 12:00:00.000000,16250
t_demo,demo_20260921_v1,s1,R2026081300035,O20260812000035,2026-08-13 12:00:00.000000,16250
t_demo,demo_20260921_v1,s1,R2026081300036,O20260812000036,2026-08-13 12:00:00.000000,16250
t_demo,demo_20260921_v1,s1,R2026081300037,O20260812000037,2026-08-13 12:00:00.000000,16250
t_demo,demo_20260921_v1,s1,R2026081300038,O20260812000038,2026-08-13 12:00:00.000000,16250
t_demo,demo_20260921_v1,s1,R2026081300039,O20260812000039,2026-08-13 12:00:00.000000,16250
t_demo,demo_20260921_v1,s1,R2026081300040,O20260812000040,2026-08-13 12:00:00.000000,16250
t_demo,demo_20260921_v1,s1,R2026081300041,O20260812000041,2026-08-13 12:00:00.000000,16250
t_demo,demo_20260921_v1,s1,R2026081300042,O20260812000042,2026-08-13 12:00:00.000000,16250
t_demo,demo_20260921_v1,s1,R2026081300043,O20260812000043,2026-08-13 12:00:00.000000,16250
t_demo,demo_20260921_v1,s1,R2026081300044,O20260812000044,2026-08-13 12:00:00.000000,16250
t_demo,demo_20260921_v1,s1,R2026081300045,O20260812000045,2026-08-13 12:00:00.000000,16250
t_demo,demo_20260921_v1,s1,R2026081300046,O20260812000046,2026-08-13 12:00:00.000000,16250
t_demo,demo_20260921_v1,s1,R2026081300047,O20260812000047,2026-08-13 12:00:00.000000,16250
t_demo,demo_20260921_v1,s1,R2026081300048,O20260812000048,2026-08-13 12:00:00.000000,16250
t_demo,demo_20260921_v1,s1,R2026081300049,O20260812000049,2026-08-13 12:00:00.000000,16250
t_demo,demo_20260921_v1,s1,R2026081300050,O20260812000050,2026-08-13 12:00:00.000000,16250
t_demo,demo_20260921_v1,s1,R2026081300051,O20260812000051,2026-08-13 12:00:00.000000,16250
t_demo,demo_20260921_v1,s1,R2026081300052,O20260812000052,2026-08-13 12:00:00.000000,16250
t_demo,demo_20260921_v1,s1,R2026081300053,O20260812000053,2026-08-13 12:00:00.000000,16250
t_demo,demo_20260921_v1,s1,R2026081300054,O20260812000054,2026-08-13 12:00:00.000000,16250
t_demo,demo_20260921_v1,s1,R2026081300055,O20260812000055,2026-08-13 12:00:00.000000,16250
t_demo,demo_20260921_v1,s1,R2026081300056,O20260812000056,2026-08-13 12:00:00.000000,16250
t_demo,demo_20260921_v1,s1,R2026081300057,O20260812000057,2026-08-13 12:00:00.000000,16250
t_demo,demo_20260921_v1,s1,R2026081300058,O20260812000058,2026-08-13 12:00:00.000000,16250
t_demo,demo_20260921_v1,s1,R2026081300059,O20260812000059,2026-08-13 12:00:00.000000,16250
t_demo,demo_20260921_v1,s1,R2026081300060,O20260812000060,2026-08-13 12:00:00.000000,16250
t_demo,demo_20260921_v1,s1,R2026081300061,O20260812000061,2026-08-13 12:00:00.000000,16250
t_demo,demo_20260921_v1,s1,R2026081300062,O20260812000062,2026-08-13 12:00:00.000000,16250
t_demo,demo_20260921_v1,s1,R2026081300063,O20260812000063,2026-08-13 12:00:00.000000,16250
t_demo,demo_20260921_v1,s1,R2026081300064,O20260812000064,2026-08-13 12:00:00.000000,16250
t_demo,demo_20260921_v1,s1,R2026081300065,O20260812000065,2026-08-13 12:00:00.000000,16250
t_demo,demo_20260921_v1,s1,R2026081300066,O20260812000066,2026-08-13 12:00:00.000000,16250
t_demo,demo_20260921_v1,s1,R2026081300067,O20260812000067,2026-08-13 12:00:00.000000,16250
t_demo,demo_20260921_v1,s1,R2026081300068,O20260812000068,2026-08-13 12:00:00.000000,16250
t_demo,demo_20260921_v1,s1,R2026081300069,O20260812000069,2026-08-13 12:00:00.000000,16250
t_demo,demo_20260921_v1,s1,R2026081300070,O20260812000070,2026-08-13 12:00:00.000000,16250
t_demo,demo_20260921_v1,s1,R2026081300071,O20260812000071,2026-08-13 12:00:00.000000,16250
t_demo,demo_20260921_v1,s1,R2026081300072,O20260812000072,2026-08-13 12:00:00.000000,16250
t_demo,demo_20260921_v1,s1,R2026081300073,O20260812000073,2026-08-13 12:00:00.000000,16250
t_demo,demo_20260921_v1,s1,R2026081300074,O20260812000074,2026-08-13 12:00:00.000000,16250
t_demo,demo_20260921_v1,s1,R2026081300075,O20260812000075,2026-08-13 12:00:00.000000,16250
t_demo,demo_20260921_v1,s1,R2026081300076,O20260812000076,2026-08-13 12:00:00.000000,16250
t_demo,demo_20260921_v1,s1,R2026081300077,O20260812000077,2026-08-13 12:00:00.000000,16250
t_demo,demo_20260921_v1,s1,R2026081300078,O20260812000078,2026-08-13 12:00:00.000000,16250
t_demo,demo_20260921_v1,s1,R2026081300079,O20260812000079,2026-08-13 12:00:00.000000,16250
t_demo,demo_20260921_v1,s1,R2026081300080,O20260812000080,2026-08-13 12:00:00.000000,16250
t_demo,demo_20260921_v1,s1,R2026081400001,O20260813000001,2026-08-14 12:00:00.000000,16250
t_demo,demo_20260921_v1,s1,R2026081400002,O20260813000002,2026-08-14 12:00:00.000000,16250
t_demo,demo_20260921_v1,s1,R2026081400003,O20260813000003,2026-08-14 12:00:00.000000,16250
t_demo,demo_20260921_v1,s1,R2026081400004,O20260813000004,2026-08-14 12:00:00.000000,16250
t_demo,demo_20260921_v1,s1,R2026081400005,O20260813000005,2026-08-14 12:00:00.000000,16250
t_demo,demo_20260921_v1,s1,R2026081400006,O20260813000006,2026-08-14 12:00:00.000000,16250
t_demo,demo_20260921_v1,s1,R2026081400007,O20260813000007,2026-08-14 12:00:00.000000,16250
t_demo,demo_20260921_v1,s1,R2026081400008,O20260813000008,2026-08-14 12:00:00.000000,16250
t_demo,demo_20260921_v1,s1,R2026081400009,O20260813000009,2026-08-14 12:00:00.000000,16250
t_demo,demo_20260921_v1,s1,R2026081400010,O20260813000010,2026-08-14 12:00:00.000000,16250
t_demo,demo_20260921_v1,s1,R2026081400011,O20260813000011,2026-08-14 12:00:00.000000,16250
t_demo,demo_20260921_v1,s1,R2026081400012,O20260813000012,2026-08-14 12:00:00.000000,16250
t_demo,demo_20260921_v1,s1,R2026081400013,O20260813000013,2026-08-14 12:00:00.000000,16250
t_demo,demo_20260921_v1,s1,R2026081400014,O20260813000014,2026-08-14 12:00:00.000000,16250
t_demo,demo_20260921_v1,s1,R2026081400015,O20260813000015,2026-08-14 12:00:00.000000,16250
t_demo,demo_20260921_v1,s1,R2026081400016,O20260813000016,2026-08-14 12:00:00.000000,16250
t_demo,demo_20260921_v1,s1,R2026081400017,O20260813000017,2026-08-14 12:00:00.000000,16250
t_demo,demo_20260921_v1,s1,R2026081400018,O20260813000018,2026-08-14 12:00:00.000000,16250
t_demo,demo_20260921_v1,s1,R2026081400019,O20260813000019,2026-08-14 12:00:00.000000,16250
t_demo,demo_20260921_v1,s1,R2026081400020,O20260813000020,2026-08-14 12:00:00.000000,16250
t_demo,demo_20260921_v1,s1,R2026081400021,O20260813000021,2026-08-14 12:00:00.000000,16250
t_demo,demo_20260921_v1,s1,R2026081400022,O20260813000022,2026-08-14 12:00:00.000000,16250
t_demo,demo_20260921_v1,s1,R2026081400023,O20260813000023,2026-08-14 12:00:00.000000,16250
t_demo,demo_20260921_v1,s1,R2026081400024,O20260813000024,2026-08-14 12:00:00.000000,16250
t_demo,demo_20260921_v1,s1,R2026081400025,O20260813000025,2026-08-14 12:00:00.000000,16250
t_demo,demo_20260921_v1,s1,R2026081400026,O20260813000026,2026-08-14 12:00:00.000000,16250
t_demo,demo_20260921_v1,s1,R2026081400027,O20260813000027,2026-08-14 12:00:00.000000,16250
t_demo,demo_20260921_v1,s1,R2026081400028,O20260813000028,2026-08-14 12:00:00.000000,16250
t_demo,demo_20260921_v1,s1,R2026081400029,O20260813000029,2026-08-14 12:00:00.000000,16250
t_demo,demo_20260921_v1,s1,R2026081400030,O20260813000030,2026-08-14 12:00:00.000000,16250
t_demo,demo_20260921_v1,s1,R2026081400031,O20260813000031,2026-08-14 12:00:00.000000,16250
t_demo,demo_20260921_v1,s1,R2026081400032,O20260813000032,2026-08-14 12:00:00.000000,16250
t_demo,demo_20260921_v1,s1,R2026081400033,O20260813000033,2026-08-14 12:00:00.000000,16250
t_demo,demo_20260921_v1,s1,R2026081400034,O20260813000034,2026-08-14 12:00:00.000000,16250
t_demo,demo_20260921_v1,s1,R2026081400035,O20260813000035,2026-08-14 12:00:00.000000,16250
t_demo,demo_20260921_v1,s1,R2026081400036,O20260813000036,2026-08-14 12:00:00.000000,16250
t_demo,demo_20260921_v1,s1,R2026081400037,O20260813000037,2026-08-14 12:00:00.000000,16250
t_demo,demo_20260921_v1,s1,R2026081400038,O20260813000038,2026-08-14 12:00:00.000000,16250
t_demo,demo_20260921_v1,s1,R2026081400039,O20260813000039,2026-08-14 12:00:00.000000,16250
t_demo,demo_20260921_v1,s1,R2026081400040,O20260813000040,2026-08-14 12:00:00.000000,16250
t_demo,demo_20260921_v1,s1,R2026081400041,O20260813000041,2026-08-14 12:00:00.000000,16250
t_demo,demo_20260921_v1,s1,R2026081400042,O20260813000042,2026-08-14 12:00:00.000000,16250
t_demo,demo_20260921_v1,s1,R2026081400043,O20260813000043,2026-08-14 12:00:00.000000,16250
t_demo,demo_20260921_v1,s1,R2026081400044,O20260813000044,2026-08-14 12:00:00.000000,16250
t_demo,demo_20260921_v1,s1,R2026081400045,O20260813000045,2026-08-14 12:00:00.000000,16250
t_demo,demo_20260921_v1,s1,R2026081400046,O20260813000046,2026-08-14 12:00:00.000000,16250
t_demo,demo_20260921_v1,s1,R2026081400047,O20260813000047,2026-08-14 12:00:00.000000,16250
t_demo,demo_20260921_v1,s1,R2026081400048,O20260813000048,2026-08-14 12:00:00.000000,16250
t_demo,demo_20260921_v1,s1,R2026081400049,O20260813000049,2026-08-14 12:00:00.000000,16250
t_demo,demo_20260921_v1,s1,R2026081400050,O20260813000050,2026-08-14 12:00:00.000000,16250
t_demo,demo_20260921_v1,s1,R2026081400051,O20260813000051,2026-08-14 12:00:00.000000,16250
t_demo,demo_20260921_v1,s1,R2026081400052,O20260813000052,2026-08-14 12:00:00.000000,16250
t_demo,demo_20260921_v1,s1,R2026081400053,O20260813000053,2026-08-14 12:00:00.000000,16250
t_demo,demo_20260921_v1,s1,R2026081400054,O20260813000054,2026-08-14 12:00:00.000000,16250
t_demo,demo_20260921_v1,s1,R2026081400055,O20260813000055,2026-08-14 12:00:00.000000,16250
t_demo,demo_20260921_v1,s1,R2026081400056,O20260813000056,2026-08-14 12:00:00.000000,16250
t_demo,demo_20260921_v1,s1,R2026081400057,O20260813000057,2026-08-14 12:00:00.000000,16250
t_demo,demo_20260921_v1,s1,R2026081400058,O20260813000058,2026-08-14 12:00:00.000000,16250
t_demo,demo_20260921_v1,s1,R2026081400059,O20260813000059,2026-08-14 12:00:00.000000,16250
t_demo,demo_20260921_v1,s1,R2026081400060,O20260813000060,2026-08-14 12:00:00.000000,16250
t_demo,demo_20260921_v1,s1,R2026081400061,O20260813000061,2026-08-14 12:00:00.000000,16250
t_demo,demo_20260921_v1,s1,R2026081400062,O20260813000062,2026-08-14 12:00:00.000000,16250
t_demo,demo_20260921_v1,s1,R2026081400063,O20260813000063,2026-08-14 12:00:00.000000,16250
t_demo,demo_20260921_v1,s1,R2026081400064,O20260813000064,2026-08-14 12:00:00.000000,16250
t_demo,demo_20260921_v1,s1,R2026081400065,O20260813000065,2026-08-14 12:00:00.000000,16250
t_demo,demo_20260921_v1,s1,R2026081400066,O20260813000066,2026-08-14 12:00:00.000000,16250
t_demo,demo_20260921_v1,s1,R2026081400067,O20260813000067,2026-08-14 12:00:00.000000,16250
t_demo,demo_20260921_v1,s1,R2026081400068,O20260813000068,2026-08-14 12:00:00.000000,16250
t_demo,demo_20260921_v1,s1,R2026081400069,O20260813000069,2026-08-14 12:00:00.000000,16250
t_demo,demo_20260921_v1,s1,R2026081400070,O20260813000070,2026-08-14 12:00:00.000000,16250
t_demo,demo_20260921_v1,s1,R2026081400071,O20260813000071,2026-08-14 12:00:00.000000,16250
t_demo,demo_20260921_v1,s1,R2026081400072,O20260813000072,2026-08-14 12:00:00.000000,16250
t_demo,demo_20260921_v1,s1,R2026081400073,O20260813000073,2026-08-14 12:00:00.000000,16250
t_demo,demo_20260921_v1,s1,R2026081400074,O20260813000074,2026-08-14 12:00:00.000000,16250
t_demo,demo_20260921_v1,s1,R2026081400075,O20260813000075,2026-08-14 12:00:00.000000,16250
t_demo,demo_20260921_v1,s1,R2026081400076,O20260813000076,2026-08-14 12:00:00.000000,16250
t_demo,demo_20260921_v1,s1,R2026081400077,O20260813000077,2026-08-14 12:00:00.000000,16250
t_demo,demo_20260921_v1,s1,R2026081400078,O20260813000078,2026-08-14 12:00:00.000000,16250
t_demo,demo_20260921_v1,s1,R2026081400079,O20260813000079,2026-08-14 12:00:00.000000,16250
t_demo,demo_20260921_v1,s1,R2026081400080,O20260813000080,2026-08-14 12:00:00.000000,16250
t_demo,demo_20260921_v1,s1,R2026081500001,O20260814000001,2026-08-15 12:00:00.000000,16250
t_demo,demo_20260921_v1,s1,R2026081500002,O20260814000002,2026-08-15 12:00:00.000000,16250
t_demo,demo_20260921_v1,s1,R2026081500003,O20260814000003,2026-08-15 12:00:00.000000,16250
t_demo,demo_20260921_v1,s1,R2026081500004,O20260814000004,2026-08-15 12:00:00.000000,16250
t_demo,demo_20260921_v1,s1,R2026081500005,O20260814000005,2026-08-15 12:00:00.000000,16250
t_demo,demo_20260921_v1,s1,R2026081500006,O20260814000006,2026-08-15 12:00:00.000000,16250
t_demo,demo_20260921_v1,s1,R2026081500007,O20260814000007,2026-08-15 12:00:00.000000,16250
t_demo,demo_20260921_v1,s1,R2026081500008,O20260814000008,2026-08-15 12:00:00.000000,16250
t_demo,demo_20260921_v1,s1,R2026081500009,O20260814000009,2026-08-15 12:00:00.000000,16250
t_demo,demo_20260921_v1,s1,R2026081500010,O20260814000010,2026-08-15 12:00:00.000000,16250
t_demo,demo_20260921_v1,s1,R2026081500011,O20260814000011,2026-08-15 12:00:00.000000,16250
t_demo,demo_20260921_v1,s1,R2026081500012,O20260814000012,2026-08-15 12:00:00.000000,16250
t_demo,demo_20260921_v1,s1,R2026081500013,O20260814000013,2026-08-15 12:00:00.000000,16250
t_demo,demo_20260921_v1,s1,R2026081500014,O20260814000014,2026-08-15 12:00:00.000000,16250
t_demo,demo_20260921_v1,s1,R2026081500015,O20260814000015,2026-08-15 12:00:00.000000,16250
t_demo,demo_20260921_v1,s1,R2026081500016,O20260814000016,2026-08-15 12:00:00.000000,16250
t_demo,demo_20260921_v1,s1,R2026081500017,O20260814000017,2026-08-15 12:00:00.000000,16250
t_demo,demo_20260921_v1,s1,R2026081500018,O20260814000018,2026-08-15 12:00:00.000000,16250
t_demo,demo_20260921_v1,s1,R2026081500019,O20260814000019,2026-08-15 12:00:00.000000,16250
t_demo,demo_20260921_v1,s1,R2026081500020,O20260814000020,2026-08-15 12:00:00.000000,16250
t_demo,demo_20260921_v1,s1,R2026081500021,O20260814000021,2026-08-15 12:00:00.000000,16250
t_demo,demo_20260921_v1,s1,R2026081500022,O20260814000022,2026-08-15 12:00:00.000000,16250
t_demo,demo_20260921_v1,s1,R2026081500023,O20260814000023,2026-08-15 12:00:00.000000,16250
t_demo,demo_20260921_v1,s1,R2026081500024,O20260814000024,2026-08-15 12:00:00.000000,16250
t_demo,demo_20260921_v1,s1,R2026081500025,O20260814000025,2026-08-15 12:00:00.000000,16250
t_demo,demo_20260921_v1,s1,R2026081500026,O20260814000026,2026-08-15 12:00:00.000000,16250
t_demo,demo_20260921_v1,s1,R2026081500027,O20260814000027,2026-08-15 12:00:00.000000,16250
t_demo,demo_20260921_v1,s1,R2026081500028,O20260814000028,2026-08-15 12:00:00.000000,16250
t_demo,demo_20260921_v1,s1,R2026081500029,O20260814000029,2026-08-15 12:00:00.000000,16250
t_demo,demo_20260921_v1,s1,R2026081500030,O20260814000030,2026-08-15 12:00:00.000000,16250
t_demo,demo_20260921_v1,s1,R2026081500031,O20260814000031,2026-08-15 12:00:00.000000,16250
t_demo,demo_20260921_v1,s1,R2026081500032,O20260814000032,2026-08-15 12:00:00.000000,16250
t_demo,demo_20260921_v1,s1,R2026081500033,O20260814000033,2026-08-15 12:00:00.000000,16250
t_demo,demo_20260921_v1,s1,R2026081500034,O20260814000034,2026-08-15 12:00:00.000000,16250
t_demo,demo_20260921_v1,s1,R2026081500035,O20260814000035,2026-08-15 12:00:00.000000,16250
t_demo,demo_20260921_v1,s1,R2026081500036,O20260814000036,2026-08-15 12:00:00.000000,16250
t_demo,demo_20260921_v1,s1,R2026081500037,O20260814000037,2026-08-15 12:00:00.000000,16250
t_demo,demo_20260921_v1,s1,R2026081500038,O20260814000038,2026-08-15 12:00:00.000000,16250
t_demo,demo_20260921_v1,s1,R2026081500039,O20260814000039,2026-08-15 12:00:00.000000,16250
t_demo,demo_20260921_v1,s1,R2026081500040,O20260814000040,2026-08-15 12:00:00.000000,16250
t_demo,demo_20260921_v1,s1,R2026081500041,O20260814000041,2026-08-15 12:00:00.000000,16250
t_demo,demo_20260921_v1,s1,R2026081500042,O20260814000042,2026-08-15 12:00:00.000000,16250
t_demo,demo_20260921_v1,s1,R2026081500043,O20260814000043,2026-08-15 12:00:00.000000,16250
t_demo,demo_20260921_v1,s1,R2026081500044,O20260814000044,2026-08-15 12:00:00.000000,16250
t_demo,demo_20260921_v1,s1,R2026081500045,O20260814000045,2026-08-15 12:00:00.000000,16250
t_demo,demo_20260921_v1,s1,R2026081500046,O20260814000046,2026-08-15 12:00:00.000000,16250
t_demo,demo_20260921_v1,s1,R2026081500047,O20260814000047,2026-08-15 12:00:00.000000,16250
t_demo,demo_20260921_v1,s1,R2026081500048,O20260814000048,2026-08-15 12:00:00.000000,16250
t_demo,demo_20260921_v1,s1,R2026081500049,O20260814000049,2026-08-15 12:00:00.000000,16250
t_demo,demo_20260921_v1,s1,R2026081500050,O20260814000050,2026-08-15 12:00:00.000000,16250
t_demo,demo_20260921_v1,s1,R2026081500051,O20260814000051,2026-08-15 12:00:00.000000,16250
t_demo,demo_20260921_v1,s1,R2026081500052,O20260814000052,2026-08-15 12:00:00.000000,16250
t_demo,demo_20260921_v1,s1,R2026081500053,O20260814000053,2026-08-15 12:00:00.000000,16250
t_demo,demo_20260921_v1,s1,R2026081500054,O20260814000054,2026-08-15 12:00:00.000000,16250
t_demo,demo_20260921_v1,s1,R2026081500055,O20260814000055,2026-08-15 12:00:00.000000,16250
t_demo,demo_20260921_v1,s1,R2026081500056,O20260814000056,2026-08-15 12:00:00.000000,16250
t_demo,demo_20260921_v1,s1,R2026081500057,O20260814000057,2026-08-15 12:00:00.000000,16250
t_demo,demo_20260921_v1,s1,R2026081500058,O20260814000058,2026-08-15 12:00:00.000000,16250
t_demo,demo_20260921_v1,s1,R2026081500059,O20260814000059,2026-08-15 12:00:00.000000,16250
t_demo,demo_20260921_v1,s1,R2026081500060,O20260814000060,2026-08-15 12:00:00.000000,16250
t_demo,demo_20260921_v1,s1,R2026081500061,O20260814000061,2026-08-15 12:00:00.000000,16250
t_demo,demo_20260921_v1,s1,R2026081500062,O20260814000062,2026-08-15 12:00:00.000000,16250
t_demo,demo_20260921_v1,s1,R2026081500063,O20260814000063,2026-08-15 12:00:00.000000,16250
t_demo,demo_20260921_v1,s1,R2026081500064,O20260814000064,2026-08-15 12:00:00.000000,16250
t_demo,demo_20260921_v1,s1,R2026081500065,O20260814000065,2026-08-15 12:00:00.000000,16250
t_demo,demo_20260921_v1,s1,R2026081500066,O20260814000066,2026-08-15 12:00:00.000000,16250
t_demo,demo_20260921_v1,s1,R2026081500067,O20260814000067,2026-08-15 12:00:00.000000,16250
t_demo,demo_20260921_v1,s1,R2026081500068,O20260814000068,2026-08-15 12:00:00.000000,16250
t_demo,demo_20260921_v1,s1,R2026081500069,O20260814000069,2026-08-15 12:00:00.000000,16250
t_demo,demo_20260921_v1,s1,R2026081500070,O20260814000070,2026-08-15 12:00:00.000000,16250
t_demo,demo_20260921_v1,s1,R2026081500071,O20260814000071,2026-08-15 12:00:00.000000,16250
t_demo,demo_20260921_v1,s1,R2026081500072,O20260814000072,2026-08-15 12:00:00.000000,16250
t_demo,demo_20260921_v1,s1,R2026081500073,O20260814000073,2026-08-15 12:00:00.000000,16250
t_demo,demo_20260921_v1,s1,R2026081500074,O20260814000074,2026-08-15 12:00:00.000000,16250
t_demo,demo_20260921_v1,s1,R2026081500075,O20260814000075,2026-08-15 12:00:00.000000,16250
t_demo,demo_20260921_v1,s1,R2026081500076,O20260814000076,2026-08-15 12:00:00.000000,16250
t_demo,demo_20260921_v1,s1,R2026081500077,O20260814000077,2026-08-15 12:00:00.000000,16250
t_demo,demo_20260921_v1,s1,R2026081500078,O20260814000078,2026-08-15 12:00:00.000000,16250
t_demo,demo_20260921_v1,s1,R2026081500079,O20260814000079,2026-08-15 12:00:00.000000,16250
t_demo,demo_20260921_v1,s1,R2026081500080,O20260814000080,2026-08-15 12:00:00.000000,16250
t_demo,demo_20260921_v1,s1,R2026081600001,O20260815000001,2026-08-16 12:00:00.000000,16250
t_demo,demo_20260921_v1,s1,R2026081600002,O20260815000002,2026-08-16 12:00:00.000000,16250
t_demo,demo_20260921_v1,s1,R2026081600003,O20260815000003,2026-08-16 12:00:00.000000,16250
t_demo,demo_20260921_v1,s1,R2026081600004,O20260815000004,2026-08-16 12:00:00.000000,16250
t_demo,demo_20260921_v1,s1,R2026081600005,O20260815000005,2026-08-16 12:00:00.000000,16250
t_demo,demo_20260921_v1,s1,R2026081600006,O20260815000006,2026-08-16 12:00:00.000000,16250
t_demo,demo_20260921_v1,s1,R2026081600007,O20260815000007,2026-08-16 12:00:00.000000,16250
t_demo,demo_20260921_v1,s1,R2026081600008,O20260815000008,2026-08-16 12:00:00.000000,16250
t_demo,demo_20260921_v1,s1,R2026081600009,O20260815000009,2026-08-16 12:00:00.000000,16250
t_demo,demo_20260921_v1,s1,R2026081600010,O20260815000010,2026-08-16 12:00:00.000000,16250
t_demo,demo_20260921_v1,s1,R2026081600011,O20260815000011,2026-08-16 12:00:00.000000,16250
t_demo,demo_20260921_v1,s1,R2026081600012,O20260815000012,2026-08-16 12:00:00.000000,16250
t_demo,demo_20260921_v1,s1,R2026081600013,O20260815000013,2026-08-16 12:00:00.000000,16250
t_demo,demo_20260921_v1,s1,R2026081600014,O20260815000014,2026-08-16 12:00:00.000000,16250
t_demo,demo_20260921_v1,s1,R2026081600015,O20260815000015,2026-08-16 12:00:00.000000,16250
t_demo,demo_20260921_v1,s1,R2026081600016,O20260815000016,2026-08-16 12:00:00.000000,16250
t_demo,demo_20260921_v1,s1,R2026081600017,O20260815000017,2026-08-16 12:00:00.000000,16250
t_demo,demo_20260921_v1,s1,R2026081600018,O20260815000018,2026-08-16 12:00:00.000000,16250
t_demo,demo_20260921_v1,s1,R2026081600019,O20260815000019,2026-08-16 12:00:00.000000,16250
t_demo,demo_20260921_v1,s1,R2026081600020,O20260815000020,2026-08-16 12:00:00.000000,16250
t_demo,demo_20260921_v1,s1,R2026081600021,O20260815000021,2026-08-16 12:00:00.000000,16250
t_demo,demo_20260921_v1,s1,R2026081600022,O20260815000022,2026-08-16 12:00:00.000000,16250
t_demo,demo_20260921_v1,s1,R2026081600023,O20260815000023,2026-08-16 12:00:00.000000,16250
t_demo,demo_20260921_v1,s1,R2026081600024,O20260815000024,2026-08-16 12:00:00.000000,16250
t_demo,demo_20260921_v1,s1,R2026081600025,O20260815000025,2026-08-16 12:00:00.000000,16250
t_demo,demo_20260921_v1,s1,R2026081600026,O20260815000026,2026-08-16 12:00:00.000000,16250
t_demo,demo_20260921_v1,s1,R2026081600027,O20260815000027,2026-08-16 12:00:00.000000,16250
t_demo,demo_20260921_v1,s1,R2026081600028,O20260815000028,2026-08-16 12:00:00.000000,16250
t_demo,demo_20260921_v1,s1,R2026081600029,O20260815000029,2026-08-16 12:00:00.000000,16250
t_demo,demo_20260921_v1,s1,R2026081600030,O20260815000030,2026-08-16 12:00:00.000000,16250
t_demo,demo_20260921_v1,s1,R2026081600031,O20260815000031,2026-08-16 12:00:00.000000,16250
t_demo,demo_20260921_v1,s1,R2026081600032,O20260815000032,2026-08-16 12:00:00.000000,16250
t_demo,demo_20260921_v1,s1,R2026081600033,O20260815000033,2026-08-16 12:00:00.000000,16250
t_demo,demo_20260921_v1,s1,R2026081600034,O20260815000034,2026-08-16 12:00:00.000000,16250
t_demo,demo_20260921_v1,s1,R2026081600035,O20260815000035,2026-08-16 12:00:00.000000,16250
t_demo,demo_20260921_v1,s1,R2026081600036,O20260815000036,2026-08-16 12:00:00.000000,16250
t_demo,demo_20260921_v1,s1,R2026081600037,O20260815000037,2026-08-16 12:00:00.000000,16250
t_demo,demo_20260921_v1,s1,R2026081600038,O20260815000038,2026-08-16 12:00:00.000000,16250
t_demo,demo_20260921_v1,s1,R2026081600039,O20260815000039,2026-08-16 12:00:00.000000,16250
t_demo,demo_20260921_v1,s1,R2026081600040,O20260815000040,2026-08-16 12:00:00.000000,16250
t_demo,demo_20260921_v1,s1,R2026081600041,O20260815000041,2026-08-16 12:00:00.000000,16250
t_demo,demo_20260921_v1,s1,R2026081600042,O20260815000042,2026-08-16 12:00:00.000000,16250
t_demo,demo_20260921_v1,s1,R2026081600043,O20260815000043,2026-08-16 12:00:00.000000,16250
t_demo,demo_20260921_v1,s1,R2026081600044,O20260815000044,2026-08-16 12:00:00.000000,16250
t_demo,demo_20260921_v1,s1,R2026081600045,O20260815000045,2026-08-16 12:00:00.000000,16250
t_demo,demo_20260921_v1,s1,R2026081600046,O20260815000046,2026-08-16 12:00:00.000000,16250
t_demo,demo_20260921_v1,s1,R2026081600047,O20260815000047,2026-08-16 12:00:00.000000,16250
t_demo,demo_20260921_v1,s1,R2026081600048,O20260815000048,2026-08-16 12:00:00.000000,16250
t_demo,demo_20260921_v1,s1,R2026081600049,O20260815000049,2026-08-16 12:00:00.000000,16250
t_demo,demo_20260921_v1,s1,R2026081600050,O20260815000050,2026-08-16 12:00:00.000000,16250
t_demo,demo_20260921_v1,s1,R2026081600051,O20260815000051,2026-08-16 12:00:00.000000,16250
t_demo,demo_20260921_v1,s1,R2026081600052,O20260815000052,2026-08-16 12:00:00.000000,16250
t_demo,demo_20260921_v1,s1,R2026081600053,O20260815000053,2026-08-16 12:00:00.000000,16250
t_demo,demo_20260921_v1,s1,R2026081600054,O20260815000054,2026-08-16 12:00:00.000000,16250
t_demo,demo_20260921_v1,s1,R2026081600055,O20260815000055,2026-08-16 12:00:00.000000,16250
t_demo,demo_20260921_v1,s1,R2026081600056,O20260815000056,2026-08-16 12:00:00.000000,16250
t_demo,demo_20260921_v1,s1,R2026081600057,O20260815000057,2026-08-16 12:00:00.000000,16250
t_demo,demo_20260921_v1,s1,R2026081600058,O20260815000058,2026-08-16 12:00:00.000000,16250
t_demo,demo_20260921_v1,s1,R2026081600059,O20260815000059,2026-08-16 12:00:00.000000,16250
t_demo,demo_20260921_v1,s1,R2026081600060,O20260815000060,2026-08-16 12:00:00.000000,16250
t_demo,demo_20260921_v1,s1,R2026081600061,O20260815000061,2026-08-16 12:00:00.000000,16250
t_demo,demo_20260921_v1,s1,R2026081600062,O20260815000062,2026-08-16 12:00:00.000000,16250
t_demo,demo_20260921_v1,s1,R2026081600063,O20260815000063,2026-08-16 12:00:00.000000,16250
t_demo,demo_20260921_v1,s1,R2026081600064,O20260815000064,2026-08-16 12:00:00.000000,16250
t_demo,demo_20260921_v1,s1,R2026081600065,O20260815000065,2026-08-16 12:00:00.000000,16250
t_demo,demo_20260921_v1,s1,R2026081600066,O20260815000066,2026-08-16 12:00:00.000000,16250
t_demo,demo_20260921_v1,s1,R2026081600067,O20260815000067,2026-08-16 12:00:00.000000,16250
t_demo,demo_20260921_v1,s1,R2026081600068,O20260815000068,2026-08-16 12:00:00.000000,16250
t_demo,demo_20260921_v1,s1,R2026081600069,O20260815000069,2026-08-16 12:00:00.000000,16250
t_demo,demo_20260921_v1,s1,R2026081600070,O20260815000070,2026-08-16 12:00:00.000000,16250
t_demo,demo_20260921_v1,s1,R2026081600071,O20260815000071,2026-08-16 12:00:00.000000,16250
t_demo,demo_20260921_v1,s1,R2026081600072,O20260815000072,2026-08-16 12:00:00.000000,16250
t_demo,demo_20260921_v1,s1,R2026081600073,O20260815000073,2026-08-16 12:00:00.000000,16250
t_demo,demo_20260921_v1,s1,R2026081600074,O20260815000074,2026-08-16 12:00:00.000000,16250
t_demo,demo_20260921_v1,s1,R2026081600075,O20260815000075,2026-08-16 12:00:00.000000,16250
t_demo,demo_20260921_v1,s1,R2026081600076,O20260815000076,2026-08-16 12:00:00.000000,16250
t_demo,demo_20260921_v1,s1,R2026081600077,O20260815000077,2026-08-16 12:00:00.000000,16250
t_demo,demo_20260921_v1,s1,R2026081600078,O20260815000078,2026-08-16 12:00:00.000000,16250
t_demo,demo_20260921_v1,s1,R2026081600079,O20260815000079,2026-08-16 12:00:00.000000,16250
t_demo,demo_20260921_v1,s1,R2026081600080,O20260815000080,2026-08-16 12:00:00.000000,16250
t_demo,demo_20260921_v1,s1,R2026081700001,O20260816000001,2026-08-17 12:00:00.000000,16250
t_demo,demo_20260921_v1,s1,R2026081700002,O20260816000002,2026-08-17 12:00:00.000000,16250
t_demo,demo_20260921_v1,s1,R2026081700003,O20260816000003,2026-08-17 12:00:00.000000,16250
t_demo,demo_20260921_v1,s1,R2026081700004,O20260816000004,2026-08-17 12:00:00.000000,16250
t_demo,demo_20260921_v1,s1,R2026081700005,O20260816000005,2026-08-17 12:00:00.000000,16250
t_demo,demo_20260921_v1,s1,R2026081700006,O20260816000006,2026-08-17 12:00:00.000000,16250
t_demo,demo_20260921_v1,s1,R2026081700007,O20260816000007,2026-08-17 12:00:00.000000,16250
t_demo,demo_20260921_v1,s1,R2026081700008,O20260816000008,2026-08-17 12:00:00.000000,16250
t_demo,demo_20260921_v1,s1,R2026081700009,O20260816000009,2026-08-17 12:00:00.000000,16250
t_demo,demo_20260921_v1,s1,R2026081700010,O20260816000010,2026-08-17 12:00:00.000000,16250
t_demo,demo_20260921_v1,s1,R2026081700011,O20260816000011,2026-08-17 12:00:00.000000,16250
t_demo,demo_20260921_v1,s1,R2026081700012,O20260816000012,2026-08-17 12:00:00.000000,16250
t_demo,demo_20260921_v1,s1,R2026081700013,O20260816000013,2026-08-17 12:00:00.000000,16250
t_demo,demo_20260921_v1,s1,R2026081700014,O20260816000014,2026-08-17 12:00:00.000000,16250
t_demo,demo_20260921_v1,s1,R2026081700015,O20260816000015,2026-08-17 12:00:00.000000,16250
t_demo,demo_20260921_v1,s1,R2026081700016,O20260816000016,2026-08-17 12:00:00.000000,16250
t_demo,demo_20260921_v1,s1,R2026081700017,O20260816000017,2026-08-17 12:00:00.000000,16250
t_demo,demo_20260921_v1,s1,R2026081700018,O20260816000018,2026-08-17 12:00:00.000000,16250
t_demo,demo_20260921_v1,s1,R2026081700019,O20260816000019,2026-08-17 12:00:00.000000,16250
t_demo,demo_20260921_v1,s1,R2026081700020,O20260816000020,2026-08-17 12:00:00.000000,16250
t_demo,demo_20260921_v1,s1,R2026081700021,O20260816000021,2026-08-17 12:00:00.000000,16250
t_demo,demo_20260921_v1,s1,R2026081700022,O20260816000022,2026-08-17 12:00:00.000000,16250
t_demo,demo_20260921_v1,s1,R2026081700023,O20260816000023,2026-08-17 12:00:00.000000,16250
t_demo,demo_20260921_v1,s1,R2026081700024,O20260816000024,2026-08-17 12:00:00.000000,16250
t_demo,demo_20260921_v1,s1,R2026081700025,O20260816000025,2026-08-17 12:00:00.000000,16250
t_demo,demo_20260921_v1,s1,R2026081700026,O20260816000026,2026-08-17 12:00:00.000000,16250
t_demo,demo_20260921_v1,s1,R2026081700027,O20260816000027,2026-08-17 12:00:00.000000,16250
t_demo,demo_20260921_v1,s1,R2026081700028,O20260816000028,2026-08-17 12:00:00.000000,16250
t_demo,demo_20260921_v1,s1,R2026081700029,O20260816000029,2026-08-17 12:00:00.000000,16250
t_demo,demo_20260921_v1,s1,R2026081700030,O20260816000030,2026-08-17 12:00:00.000000,16250
t_demo,demo_20260921_v1,s1,R2026081700031,O20260816000031,2026-08-17 12:00:00.000000,16250
t_demo,demo_20260921_v1,s1,R2026081700032,O20260816000032,2026-08-17 12:00:00.000000,16250
t_demo,demo_20260921_v1,s1,R2026081700033,O20260816000033,2026-08-17 12:00:00.000000,16250
t_demo,demo_20260921_v1,s1,R2026081700034,O20260816000034,2026-08-17 12:00:00.000000,16250
t_demo,demo_20260921_v1,s1,R2026081700035,O20260816000035,2026-08-17 12:00:00.000000,16250
t_demo,demo_20260921_v1,s1,R2026081700036,O20260816000036,2026-08-17 12:00:00.000000,16250
t_demo,demo_20260921_v1,s1,R2026081700037,O20260816000037,2026-08-17 12:00:00.000000,16250
t_demo,demo_20260921_v1,s1,R2026081700038,O20260816000038,2026-08-17 12:00:00.000000,16250
t_demo,demo_20260921_v1,s1,R2026081700039,O20260816000039,2026-08-17 12:00:00.000000,16250
t_demo,demo_20260921_v1,s1,R2026081700040,O20260816000040,2026-08-17 12:00:00.000000,16250
t_demo,demo_20260921_v1,s1,R2026081700041,O20260816000041,2026-08-17 12:00:00.000000,16250
t_demo,demo_20260921_v1,s1,R2026081700042,O20260816000042,2026-08-17 12:00:00.000000,16250
t_demo,demo_20260921_v1,s1,R2026081700043,O20260816000043,2026-08-17 12:00:00.000000,16250
t_demo,demo_20260921_v1,s1,R2026081700044,O20260816000044,2026-08-17 12:00:00.000000,16250
t_demo,demo_20260921_v1,s1,R2026081700045,O20260816000045,2026-08-17 12:00:00.000000,16250
t_demo,demo_20260921_v1,s1,R2026081700046,O20260816000046,2026-08-17 12:00:00.000000,16250
t_demo,demo_20260921_v1,s1,R2026081700047,O20260816000047,2026-08-17 12:00:00.000000,16250
t_demo,demo_20260921_v1,s1,R2026081700048,O20260816000048,2026-08-17 12:00:00.000000,16250
t_demo,demo_20260921_v1,s1,R2026081700049,O20260816000049,2026-08-17 12:00:00.000000,16250
t_demo,demo_20260921_v1,s1,R2026081700050,O20260816000050,2026-08-17 12:00:00.000000,16250
t_demo,demo_20260921_v1,s1,R2026081700051,O20260816000051,2026-08-17 12:00:00.000000,16250
t_demo,demo_20260921_v1,s1,R2026081700052,O20260816000052,2026-08-17 12:00:00.000000,16250
t_demo,demo_20260921_v1,s1,R2026081700053,O20260816000053,2026-08-17 12:00:00.000000,16250
t_demo,demo_20260921_v1,s1,R2026081700054,O20260816000054,2026-08-17 12:00:00.000000,16250
t_demo,demo_20260921_v1,s1,R2026081700055,O20260816000055,2026-08-17 12:00:00.000000,16250
t_demo,demo_20260921_v1,s1,R2026081700056,O20260816000056,2026-08-17 12:00:00.000000,16250
t_demo,demo_20260921_v1,s1,R2026081700057,O20260816000057,2026-08-17 12:00:00.000000,16250
t_demo,demo_20260921_v1,s1,R2026081700058,O20260816000058,2026-08-17 12:00:00.000000,16250
t_demo,demo_20260921_v1,s1,R2026081700059,O20260816000059,2026-08-17 12:00:00.000000,16250
t_demo,demo_20260921_v1,s1,R2026081700060,O20260816000060,2026-08-17 12:00:00.000000,16250
t_demo,demo_20260921_v1,s1,R2026081700061,O20260816000061,2026-08-17 12:00:00.000000,16250
t_demo,demo_20260921_v1,s1,R2026081700062,O20260816000062,2026-08-17 12:00:00.000000,16250
t_demo,demo_20260921_v1,s1,R2026081700063,O20260816000063,2026-08-17 12:00:00.000000,16250
t_demo,demo_20260921_v1,s1,R2026081700064,O20260816000064,2026-08-17 12:00:00.000000,16250
t_demo,demo_20260921_v1,s1,R2026081700065,O20260816000065,2026-08-17 12:00:00.000000,16250
t_demo,demo_20260921_v1,s1,R2026081700066,O20260816000066,2026-08-17 12:00:00.000000,16250
t_demo,demo_20260921_v1,s1,R2026081700067,O20260816000067,2026-08-17 12:00:00.000000,16250
t_demo,demo_20260921_v1,s1,R2026081700068,O20260816000068,2026-08-17 12:00:00.000000,16250
t_demo,demo_20260921_v1,s1,R2026081700069,O20260816000069,2026-08-17 12:00:00.000000,16250
t_demo,demo_20260921_v1,s1,R2026081700070,O20260816000070,2026-08-17 12:00:00.000000,16250
t_demo,demo_20260921_v1,s1,R2026081700071,O20260816000071,2026-08-17 12:00:00.000000,16250
t_demo,demo_20260921_v1,s1,R2026081700072,O20260816000072,2026-08-17 12:00:00.000000,16250
t_demo,demo_20260921_v1,s1,R2026081700073,O20260816000073,2026-08-17 12:00:00.000000,16250
t_demo,demo_20260921_v1,s1,R2026081700074,O20260816000074,2026-08-17 12:00:00.000000,16250
t_demo,demo_20260921_v1,s1,R2026081700075,O20260816000075,2026-08-17 12:00:00.000000,16250
t_demo,demo_20260921_v1,s1,R2026081700076,O20260816000076,2026-08-17 12:00:00.000000,16250
t_demo,demo_20260921_v1,s1,R2026081700077,O20260816000077,2026-08-17 12:00:00.000000,16250
t_demo,demo_20260921_v1,s1,R2026081700078,O20260816000078,2026-08-17 12:00:00.000000,16250
t_demo,demo_20260921_v1,s1,R2026081700079,O20260816000079,2026-08-17 12:00:00.000000,16250
t_demo,demo_20260921_v1,s1,R2026081700080,O20260816000080,2026-08-17 12:00:00.000000,16250
t_demo,demo_20260921_v1,s1,R2026081800001,O20260817000001,2026-08-18 12:00:00.000000,16250
t_demo,demo_20260921_v1,s1,R2026081800002,O20260817000002,2026-08-18 12:00:00.000000,16250
t_demo,demo_20260921_v1,s1,R2026081800003,O20260817000003,2026-08-18 12:00:00.000000,16250
t_demo,demo_20260921_v1,s1,R2026081800004,O20260817000004,2026-08-18 12:00:00.000000,16250
t_demo,demo_20260921_v1,s1,R2026081800005,O20260817000005,2026-08-18 12:00:00.000000,16250
t_demo,demo_20260921_v1,s1,R2026081800006,O20260817000006,2026-08-18 12:00:00.000000,16250
t_demo,demo_20260921_v1,s1,R2026081800007,O20260817000007,2026-08-18 12:00:00.000000,16250
t_demo,demo_20260921_v1,s1,R2026081800008,O20260817000008,2026-08-18 12:00:00.000000,16250
t_demo,demo_20260921_v1,s1,R2026081800009,O20260817000009,2026-08-18 12:00:00.000000,16250
t_demo,demo_20260921_v1,s1,R2026081800010,O20260817000010,2026-08-18 12:00:00.000000,16250
t_demo,demo_20260921_v1,s1,R2026081800011,O20260817000011,2026-08-18 12:00:00.000000,16250
t_demo,demo_20260921_v1,s1,R2026081800012,O20260817000012,2026-08-18 12:00:00.000000,16250
t_demo,demo_20260921_v1,s1,R2026081800013,O20260817000013,2026-08-18 12:00:00.000000,16250
t_demo,demo_20260921_v1,s1,R2026081800014,O20260817000014,2026-08-18 12:00:00.000000,16250
t_demo,demo_20260921_v1,s1,R2026081800015,O20260817000015,2026-08-18 12:00:00.000000,16250
t_demo,demo_20260921_v1,s1,R2026081800016,O20260817000016,2026-08-18 12:00:00.000000,16250
t_demo,demo_20260921_v1,s1,R2026081800017,O20260817000017,2026-08-18 12:00:00.000000,16250
t_demo,demo_20260921_v1,s1,R2026081800018,O20260817000018,2026-08-18 12:00:00.000000,16250
t_demo,demo_20260921_v1,s1,R2026081800019,O20260817000019,2026-08-18 12:00:00.000000,16250
t_demo,demo_20260921_v1,s1,R2026081800020,O20260817000020,2026-08-18 12:00:00.000000,16250
t_demo,demo_20260921_v1,s1,R2026081800021,O20260817000021,2026-08-18 12:00:00.000000,16250
t_demo,demo_20260921_v1,s1,R2026081800022,O20260817000022,2026-08-18 12:00:00.000000,16250
t_demo,demo_20260921_v1,s1,R2026081800023,O20260817000023,2026-08-18 12:00:00.000000,16250
t_demo,demo_20260921_v1,s1,R2026081800024,O20260817000024,2026-08-18 12:00:00.000000,16250
t_demo,demo_20260921_v1,s1,R2026081800025,O20260817000025,2026-08-18 12:00:00.000000,16250
t_demo,demo_20260921_v1,s1,R2026081800026,O20260817000026,2026-08-18 12:00:00.000000,16250
t_demo,demo_20260921_v1,s1,R2026081800027,O20260817000027,2026-08-18 12:00:00.000000,16250
t_demo,demo_20260921_v1,s1,R2026081800028,O20260817000028,2026-08-18 12:00:00.000000,16250
t_demo,demo_20260921_v1,s1,R2026081800029,O20260817000029,2026-08-18 12:00:00.000000,16250
t_demo,demo_20260921_v1,s1,R2026081800030,O20260817000030,2026-08-18 12:00:00.000000,16250
t_demo,demo_20260921_v1,s1,R2026081800031,O20260817000031,2026-08-18 12:00:00.000000,16250
t_demo,demo_20260921_v1,s1,R2026081800032,O20260817000032,2026-08-18 12:00:00.000000,16250
t_demo,demo_20260921_v1,s1,R2026081800033,O20260817000033,2026-08-18 12:00:00.000000,16250
t_demo,demo_20260921_v1,s1,R2026081800034,O20260817000034,2026-08-18 12:00:00.000000,16250
t_demo,demo_20260921_v1,s1,R2026081800035,O20260817000035,2026-08-18 12:00:00.000000,16250
t_demo,demo_20260921_v1,s1,R2026081800036,O20260817000036,2026-08-18 12:00:00.000000,16250
t_demo,demo_20260921_v1,s1,R2026081800037,O20260817000037,2026-08-18 12:00:00.000000,16250
t_demo,demo_20260921_v1,s1,R2026081800038,O20260817000038,2026-08-18 12:00:00.000000,16250
t_demo,demo_20260921_v1,s1,R2026081800039,O20260817000039,2026-08-18 12:00:00.000000,16250
t_demo,demo_20260921_v1,s1,R2026081800040,O20260817000040,2026-08-18 12:00:00.000000,16250
t_demo,demo_20260921_v1,s1,R2026081800041,O20260817000041,2026-08-18 12:00:00.000000,16250
t_demo,demo_20260921_v1,s1,R2026081800042,O20260817000042,2026-08-18 12:00:00.000000,16250
t_demo,demo_20260921_v1,s1,R2026081800043,O20260817000043,2026-08-18 12:00:00.000000,16250
t_demo,demo_20260921_v1,s1,R2026081800044,O20260817000044,2026-08-18 12:00:00.000000,16250
t_demo,demo_20260921_v1,s1,R2026081800045,O20260817000045,2026-08-18 12:00:00.000000,16250
t_demo,demo_20260921_v1,s1,R2026081800046,O20260817000046,2026-08-18 12:00:00.000000,16250
t_demo,demo_20260921_v1,s1,R2026081800047,O20260817000047,2026-08-18 12:00:00.000000,16250
t_demo,demo_20260921_v1,s1,R2026081800048,O20260817000048,2026-08-18 12:00:00.000000,16250
t_demo,demo_20260921_v1,s1,R2026081800049,O20260817000049,2026-08-18 12:00:00.000000,16250
t_demo,demo_20260921_v1,s1,R2026081800050,O20260817000050,2026-08-18 12:00:00.000000,16250
t_demo,demo_20260921_v1,s1,R2026081800051,O20260817000051,2026-08-18 12:00:00.000000,16250
t_demo,demo_20260921_v1,s1,R2026081800052,O20260817000052,2026-08-18 12:00:00.000000,16250
t_demo,demo_20260921_v1,s1,R2026081800053,O20260817000053,2026-08-18 12:00:00.000000,16250
t_demo,demo_20260921_v1,s1,R2026081800054,O20260817000054,2026-08-18 12:00:00.000000,16250
t_demo,demo_20260921_v1,s1,R2026081800055,O20260817000055,2026-08-18 12:00:00.000000,16250
t_demo,demo_20260921_v1,s1,R2026081800056,O20260817000056,2026-08-18 12:00:00.000000,16250
t_demo,demo_20260921_v1,s1,R2026081800057,O20260817000057,2026-08-18 12:00:00.000000,16250
t_demo,demo_20260921_v1,s1,R2026081800058,O20260817000058,2026-08-18 12:00:00.000000,16250
t_demo,demo_20260921_v1,s1,R2026081800059,O20260817000059,2026-08-18 12:00:00.000000,16250
t_demo,demo_20260921_v1,s1,R2026081800060,O20260817000060,2026-08-18 12:00:00.000000,16250
t_demo,demo_20260921_v1,s1,R2026081800061,O20260817000061,2026-08-18 12:00:00.000000,16250
t_demo,demo_20260921_v1,s1,R2026081800062,O20260817000062,2026-08-18 12:00:00.000000,16250
t_demo,demo_20260921_v1,s1,R2026081800063,O20260817000063,2026-08-18 12:00:00.000000,16250
t_demo,demo_20260921_v1,s1,R2026081800064,O20260817000064,2026-08-18 12:00:00.000000,16250
t_demo,demo_20260921_v1,s1,R2026081800065,O20260817000065,2026-08-18 12:00:00.000000,16250
t_demo,demo_20260921_v1,s1,R2026081800066,O20260817000066,2026-08-18 12:00:00.000000,16250
t_demo,demo_20260921_v1,s1,R2026081800067,O20260817000067,2026-08-18 12:00:00.000000,16250
t_demo,demo_20260921_v1,s1,R2026081800068,O20260817000068,2026-08-18 12:00:00.000000,16250
t_demo,demo_20260921_v1,s1,R2026081800069,O20260817000069,2026-08-18 12:00:00.000000,16250
t_demo,demo_20260921_v1,s1,R2026081800070,O20260817000070,2026-08-18 12:00:00.000000,16250
t_demo,demo_20260921_v1,s1,R2026081800071,O20260817000071,2026-08-18 12:00:00.000000,16250
t_demo,demo_20260921_v1,s1,R2026081800072,O20260817000072,2026-08-18 12:00:00.000000,16250
t_demo,demo_20260921_v1,s1,R2026081800073,O20260817000073,2026-08-18 12:00:00.000000,16250
t_demo,demo_20260921_v1,s1,R2026081800074,O20260817000074,2026-08-18 12:00:00.000000,16250
t_demo,demo_20260921_v1,s1,R2026081800075,O20260817000075,2026-08-18 12:00:00.000000,16250
t_demo,demo_20260921_v1,s1,R2026081800076,O20260817000076,2026-08-18 12:00:00.000000,16250
t_demo,demo_20260921_v1,s1,R2026081800077,O20260817000077,2026-08-18 12:00:00.000000,16250
t_demo,demo_20260921_v1,s1,R2026081800078,O20260817000078,2026-08-18 12:00:00.000000,16250
t_demo,demo_20260921_v1,s1,R2026081800079,O20260817000079,2026-08-18 12:00:00.000000,16250
t_demo,demo_20260921_v1,s1,R2026081800080,O20260817000080,2026-08-18 12:00:00.000000,16250
t_demo,demo_20260921_v1,s1,R2026081900001,O20260818000001,2026-08-19 12:00:00.000000,16250
t_demo,demo_20260921_v1,s1,R2026081900002,O20260818000002,2026-08-19 12:00:00.000000,16250
t_demo,demo_20260921_v1,s1,R2026081900003,O20260818000003,2026-08-19 12:00:00.000000,16250
t_demo,demo_20260921_v1,s1,R2026081900004,O20260818000004,2026-08-19 12:00:00.000000,16250
t_demo,demo_20260921_v1,s1,R2026081900005,O20260818000005,2026-08-19 12:00:00.000000,16250
t_demo,demo_20260921_v1,s1,R2026081900006,O20260818000006,2026-08-19 12:00:00.000000,16250
t_demo,demo_20260921_v1,s1,R2026081900007,O20260818000007,2026-08-19 12:00:00.000000,16250
t_demo,demo_20260921_v1,s1,R2026081900008,O20260818000008,2026-08-19 12:00:00.000000,16250
t_demo,demo_20260921_v1,s1,R2026081900009,O20260818000009,2026-08-19 12:00:00.000000,16250
t_demo,demo_20260921_v1,s1,R2026081900010,O20260818000010,2026-08-19 12:00:00.000000,16250
t_demo,demo_20260921_v1,s1,R2026081900011,O20260818000011,2026-08-19 12:00:00.000000,16250
t_demo,demo_20260921_v1,s1,R2026081900012,O20260818000012,2026-08-19 12:00:00.000000,16250
t_demo,demo_20260921_v1,s1,R2026081900013,O20260818000013,2026-08-19 12:00:00.000000,16250
t_demo,demo_20260921_v1,s1,R2026081900014,O20260818000014,2026-08-19 12:00:00.000000,16250
t_demo,demo_20260921_v1,s1,R2026081900015,O20260818000015,2026-08-19 12:00:00.000000,16250
t_demo,demo_20260921_v1,s1,R2026081900016,O20260818000016,2026-08-19 12:00:00.000000,16250
t_demo,demo_20260921_v1,s1,R2026081900017,O20260818000017,2026-08-19 12:00:00.000000,16250
t_demo,demo_20260921_v1,s1,R2026081900018,O20260818000018,2026-08-19 12:00:00.000000,16250
t_demo,demo_20260921_v1,s1,R2026081900019,O20260818000019,2026-08-19 12:00:00.000000,16250
t_demo,demo_20260921_v1,s1,R2026081900020,O20260818000020,2026-08-19 12:00:00.000000,16250
t_demo,demo_20260921_v1,s1,R2026081900021,O20260818000021,2026-08-19 12:00:00.000000,16250
t_demo,demo_20260921_v1,s1,R2026081900022,O20260818000022,2026-08-19 12:00:00.000000,16250
t_demo,demo_20260921_v1,s1,R2026081900023,O20260818000023,2026-08-19 12:00:00.000000,16250
t_demo,demo_20260921_v1,s1,R2026081900024,O20260818000024,2026-08-19 12:00:00.000000,16250
t_demo,demo_20260921_v1,s1,R2026081900025,O20260818000025,2026-08-19 12:00:00.000000,16250
t_demo,demo_20260921_v1,s1,R2026081900026,O20260818000026,2026-08-19 12:00:00.000000,16250
t_demo,demo_20260921_v1,s1,R2026081900027,O20260818000027,2026-08-19 12:00:00.000000,16250
t_demo,demo_20260921_v1,s1,R2026081900028,O20260818000028,2026-08-19 12:00:00.000000,16250
t_demo,demo_20260921_v1,s1,R2026081900029,O20260818000029,2026-08-19 12:00:00.000000,16250
t_demo,demo_20260921_v1,s1,R2026081900030,O20260818000030,2026-08-19 12:00:00.000000,16250
t_demo,demo_20260921_v1,s1,R2026081900031,O20260818000031,2026-08-19 12:00:00.000000,16250
t_demo,demo_20260921_v1,s1,R2026081900032,O20260818000032,2026-08-19 12:00:00.000000,16250
t_demo,demo_20260921_v1,s1,R2026081900033,O20260818000033,2026-08-19 12:00:00.000000,16250
t_demo,demo_20260921_v1,s1,R2026081900034,O20260818000034,2026-08-19 12:00:00.000000,16250
t_demo,demo_20260921_v1,s1,R2026081900035,O20260818000035,2026-08-19 12:00:00.000000,16250
t_demo,demo_20260921_v1,s1,R2026081900036,O20260818000036,2026-08-19 12:00:00.000000,16250
t_demo,demo_20260921_v1,s1,R2026081900037,O20260818000037,2026-08-19 12:00:00.000000,16250
t_demo,demo_20260921_v1,s1,R2026081900038,O20260818000038,2026-08-19 12:00:00.000000,16250
t_demo,demo_20260921_v1,s1,R2026081900039,O20260818000039,2026-08-19 12:00:00.000000,16250
t_demo,demo_20260921_v1,s1,R2026081900040,O20260818000040,2026-08-19 12:00:00.000000,16250
t_demo,demo_20260921_v1,s1,R2026081900041,O20260818000041,2026-08-19 12:00:00.000000,16250
t_demo,demo_20260921_v1,s1,R2026081900042,O20260818000042,2026-08-19 12:00:00.000000,16250
t_demo,demo_20260921_v1,s1,R2026081900043,O20260818000043,2026-08-19 12:00:00.000000,16250
t_demo,demo_20260921_v1,s1,R2026081900044,O20260818000044,2026-08-19 12:00:00.000000,16250
t_demo,demo_20260921_v1,s1,R2026081900045,O20260818000045,2026-08-19 12:00:00.000000,16250
t_demo,demo_20260921_v1,s1,R2026081900046,O20260818000046,2026-08-19 12:00:00.000000,16250
t_demo,demo_20260921_v1,s1,R2026081900047,O20260818000047,2026-08-19 12:00:00.000000,16250
t_demo,demo_20260921_v1,s1,R2026081900048,O20260818000048,2026-08-19 12:00:00.000000,16250
t_demo,demo_20260921_v1,s1,R2026081900049,O20260818000049,2026-08-19 12:00:00.000000,16250
t_demo,demo_20260921_v1,s1,R2026081900050,O20260818000050,2026-08-19 12:00:00.000000,16250
t_demo,demo_20260921_v1,s1,R2026081900051,O20260818000051,2026-08-19 12:00:00.000000,16250
t_demo,demo_20260921_v1,s1,R2026081900052,O20260818000052,2026-08-19 12:00:00.000000,16250
t_demo,demo_20260921_v1,s1,R2026081900053,O20260818000053,2026-08-19 12:00:00.000000,16250
t_demo,demo_20260921_v1,s1,R2026081900054,O20260818000054,2026-08-19 12:00:00.000000,16250
t_demo,demo_20260921_v1,s1,R2026081900055,O20260818000055,2026-08-19 12:00:00.000000,16250
t_demo,demo_20260921_v1,s1,R2026081900056,O20260818000056,2026-08-19 12:00:00.000000,16250
t_demo,demo_20260921_v1,s1,R2026081900057,O20260818000057,2026-08-19 12:00:00.000000,16250
t_demo,demo_20260921_v1,s1,R2026081900058,O20260818000058,2026-08-19 12:00:00.000000,16250
t_demo,demo_20260921_v1,s1,R2026081900059,O20260818000059,2026-08-19 12:00:00.000000,16250
t_demo,demo_20260921_v1,s1,R2026081900060,O20260818000060,2026-08-19 12:00:00.000000,16250
t_demo,demo_20260921_v1,s1,R2026081900061,O20260818000061,2026-08-19 12:00:00.000000,16250
t_demo,demo_20260921_v1,s1,R2026081900062,O20260818000062,2026-08-19 12:00:00.000000,16250
t_demo,demo_20260921_v1,s1,R2026081900063,O20260818000063,2026-08-19 12:00:00.000000,16250
t_demo,demo_20260921_v1,s1,R2026081900064,O20260818000064,2026-08-19 12:00:00.000000,16250
t_demo,demo_20260921_v1,s1,R2026081900065,O20260818000065,2026-08-19 12:00:00.000000,16250
t_demo,demo_20260921_v1,s1,R2026081900066,O20260818000066,2026-08-19 12:00:00.000000,16250
t_demo,demo_20260921_v1,s1,R2026081900067,O20260818000067,2026-08-19 12:00:00.000000,16250
t_demo,demo_20260921_v1,s1,R2026081900068,O20260818000068,2026-08-19 12:00:00.000000,16250
t_demo,demo_20260921_v1,s1,R2026081900069,O20260818000069,2026-08-19 12:00:00.000000,16250
t_demo,demo_20260921_v1,s1,R2026081900070,O20260818000070,2026-08-19 12:00:00.000000,16250
t_demo,demo_20260921_v1,s1,R2026081900071,O20260818000071,2026-08-19 12:00:00.000000,16250
t_demo,demo_20260921_v1,s1,R2026081900072,O20260818000072,2026-08-19 12:00:00.000000,16250
t_demo,demo_20260921_v1,s1,R2026081900073,O20260818000073,2026-08-19 12:00:00.000000,16250
t_demo,demo_20260921_v1,s1,R2026081900074,O20260818000074,2026-08-19 12:00:00.000000,16250
t_demo,demo_20260921_v1,s1,R2026081900075,O20260818000075,2026-08-19 12:00:00.000000,16250
t_demo,demo_20260921_v1,s1,R2026081900076,O20260818000076,2026-08-19 12:00:00.000000,16250
t_demo,demo_20260921_v1,s1,R2026081900077,O20260818000077,2026-08-19 12:00:00.000000,16250
t_demo,demo_20260921_v1,s1,R2026081900078,O20260818000078,2026-08-19 12:00:00.000000,16250
t_demo,demo_20260921_v1,s1,R2026081900079,O20260818000079,2026-08-19 12:00:00.000000,16250
t_demo,demo_20260921_v1,s1,R2026081900080,O20260818000080,2026-08-19 12:00:00.000000,16250
t_demo,demo_20260921_v1,s1,R2026082000001,O20260819000001,2026-08-20 12:00:00.000000,16250
t_demo,demo_20260921_v1,s1,R2026082000002,O20260819000002,2026-08-20 12:00:00.000000,16250
t_demo,demo_20260921_v1,s1,R2026082000003,O20260819000003,2026-08-20 12:00:00.000000,16250
t_demo,demo_20260921_v1,s1,R2026082000004,O20260819000004,2026-08-20 12:00:00.000000,16250
t_demo,demo_20260921_v1,s1,R2026082000005,O20260819000005,2026-08-20 12:00:00.000000,16250
t_demo,demo_20260921_v1,s1,R2026082000006,O20260819000006,2026-08-20 12:00:00.000000,16250
t_demo,demo_20260921_v1,s1,R2026082000007,O20260819000007,2026-08-20 12:00:00.000000,16250
t_demo,demo_20260921_v1,s1,R2026082000008,O20260819000008,2026-08-20 12:00:00.000000,16250
t_demo,demo_20260921_v1,s1,R2026082000009,O20260819000009,2026-08-20 12:00:00.000000,16250
t_demo,demo_20260921_v1,s1,R2026082000010,O20260819000010,2026-08-20 12:00:00.000000,16250
t_demo,demo_20260921_v1,s1,R2026082000011,O20260819000011,2026-08-20 12:00:00.000000,16250
t_demo,demo_20260921_v1,s1,R2026082000012,O20260819000012,2026-08-20 12:00:00.000000,16250
t_demo,demo_20260921_v1,s1,R2026082000013,O20260819000013,2026-08-20 12:00:00.000000,16250
t_demo,demo_20260921_v1,s1,R2026082000014,O20260819000014,2026-08-20 12:00:00.000000,16250
t_demo,demo_20260921_v1,s1,R2026082000015,O20260819000015,2026-08-20 12:00:00.000000,16250
t_demo,demo_20260921_v1,s1,R2026082000016,O20260819000016,2026-08-20 12:00:00.000000,16250
t_demo,demo_20260921_v1,s1,R2026082000017,O20260819000017,2026-08-20 12:00:00.000000,16250
t_demo,demo_20260921_v1,s1,R2026082000018,O20260819000018,2026-08-20 12:00:00.000000,16250
t_demo,demo_20260921_v1,s1,R2026082000019,O20260819000019,2026-08-20 12:00:00.000000,16250
t_demo,demo_20260921_v1,s1,R2026082000020,O20260819000020,2026-08-20 12:00:00.000000,16250
t_demo,demo_20260921_v1,s1,R2026082000021,O20260819000021,2026-08-20 12:00:00.000000,16250
t_demo,demo_20260921_v1,s1,R2026082000022,O20260819000022,2026-08-20 12:00:00.000000,16250
t_demo,demo_20260921_v1,s1,R2026082000023,O20260819000023,2026-08-20 12:00:00.000000,16250
t_demo,demo_20260921_v1,s1,R2026082000024,O20260819000024,2026-08-20 12:00:00.000000,16250
t_demo,demo_20260921_v1,s1,R2026082000025,O20260819000025,2026-08-20 12:00:00.000000,16250
t_demo,demo_20260921_v1,s1,R2026082000026,O20260819000026,2026-08-20 12:00:00.000000,16250
t_demo,demo_20260921_v1,s1,R2026082000027,O20260819000027,2026-08-20 12:00:00.000000,16250
t_demo,demo_20260921_v1,s1,R2026082000028,O20260819000028,2026-08-20 12:00:00.000000,16250
t_demo,demo_20260921_v1,s1,R2026082000029,O20260819000029,2026-08-20 12:00:00.000000,16250
t_demo,demo_20260921_v1,s1,R2026082000030,O20260819000030,2026-08-20 12:00:00.000000,16250
t_demo,demo_20260921_v1,s1,R2026082000031,O20260819000031,2026-08-20 12:00:00.000000,16250
t_demo,demo_20260921_v1,s1,R2026082000032,O20260819000032,2026-08-20 12:00:00.000000,16250
t_demo,demo_20260921_v1,s1,R2026082000033,O20260819000033,2026-08-20 12:00:00.000000,16250
t_demo,demo_20260921_v1,s1,R2026082000034,O20260819000034,2026-08-20 12:00:00.000000,16250
t_demo,demo_20260921_v1,s1,R2026082000035,O20260819000035,2026-08-20 12:00:00.000000,16250
t_demo,demo_20260921_v1,s1,R2026082000036,O20260819000036,2026-08-20 12:00:00.000000,16250
t_demo,demo_20260921_v1,s1,R2026082000037,O20260819000037,2026-08-20 12:00:00.000000,16250
t_demo,demo_20260921_v1,s1,R2026082000038,O20260819000038,2026-08-20 12:00:00.000000,16250
t_demo,demo_20260921_v1,s1,R2026082000039,O20260819000039,2026-08-20 12:00:00.000000,16250
t_demo,demo_20260921_v1,s1,R2026082000040,O20260819000040,2026-08-20 12:00:00.000000,16250
t_demo,demo_20260921_v1,s1,R2026082000041,O20260819000041,2026-08-20 12:00:00.000000,16250
t_demo,demo_20260921_v1,s1,R2026082000042,O20260819000042,2026-08-20 12:00:00.000000,16250
t_demo,demo_20260921_v1,s1,R2026082000043,O20260819000043,2026-08-20 12:00:00.000000,16250
t_demo,demo_20260921_v1,s1,R2026082000044,O20260819000044,2026-08-20 12:00:00.000000,16250
t_demo,demo_20260921_v1,s1,R2026082000045,O20260819000045,2026-08-20 12:00:00.000000,16250
t_demo,demo_20260921_v1,s1,R2026082000046,O20260819000046,2026-08-20 12:00:00.000000,16250
t_demo,demo_20260921_v1,s1,R2026082000047,O20260819000047,2026-08-20 12:00:00.000000,16250
t_demo,demo_20260921_v1,s1,R2026082000048,O20260819000048,2026-08-20 12:00:00.000000,16250
t_demo,demo_20260921_v1,s1,R2026082000049,O20260819000049,2026-08-20 12:00:00.000000,16250
t_demo,demo_20260921_v1,s1,R2026082000050,O20260819000050,2026-08-20 12:00:00.000000,16250
t_demo,demo_20260921_v1,s1,R2026082000051,O20260819000051,2026-08-20 12:00:00.000000,16250
t_demo,demo_20260921_v1,s1,R2026082000052,O20260819000052,2026-08-20 12:00:00.000000,16250
t_demo,demo_20260921_v1,s1,R2026082000053,O20260819000053,2026-08-20 12:00:00.000000,16250
t_demo,demo_20260921_v1,s1,R2026082000054,O20260819000054,2026-08-20 12:00:00.000000,16250
t_demo,demo_20260921_v1,s1,R2026082000055,O20260819000055,2026-08-20 12:00:00.000000,16250
t_demo,demo_20260921_v1,s1,R2026082000056,O20260819000056,2026-08-20 12:00:00.000000,16250
t_demo,demo_20260921_v1,s1,R2026082000057,O20260819000057,2026-08-20 12:00:00.000000,16250
t_demo,demo_20260921_v1,s1,R2026082000058,O20260819000058,2026-08-20 12:00:00.000000,16250
t_demo,demo_20260921_v1,s1,R2026082000059,O20260819000059,2026-08-20 12:00:00.000000,16250
t_demo,demo_20260921_v1,s1,R2026082000060,O20260819000060,2026-08-20 12:00:00.000000,16250
t_demo,demo_20260921_v1,s1,R2026082000061,O20260819000061,2026-08-20 12:00:00.000000,16250
t_demo,demo_20260921_v1,s1,R2026082000062,O20260819000062,2026-08-20 12:00:00.000000,16250
t_demo,demo_20260921_v1,s1,R2026082000063,O20260819000063,2026-08-20 12:00:00.000000,16250
t_demo,demo_20260921_v1,s1,R2026082000064,O20260819000064,2026-08-20 12:00:00.000000,16250
t_demo,demo_20260921_v1,s1,R2026082000065,O20260819000065,2026-08-20 12:00:00.000000,16250
t_demo,demo_20260921_v1,s1,R2026082000066,O20260819000066,2026-08-20 12:00:00.000000,16250
t_demo,demo_20260921_v1,s1,R2026082000067,O20260819000067,2026-08-20 12:00:00.000000,16250
t_demo,demo_20260921_v1,s1,R2026082000068,O20260819000068,2026-08-20 12:00:00.000000,16250
t_demo,demo_20260921_v1,s1,R2026082000069,O20260819000069,2026-08-20 12:00:00.000000,16250
t_demo,demo_20260921_v1,s1,R2026082000070,O20260819000070,2026-08-20 12:00:00.000000,16250
t_demo,demo_20260921_v1,s1,R2026082000071,O20260819000071,2026-08-20 12:00:00.000000,16250
t_demo,demo_20260921_v1,s1,R2026082000072,O20260819000072,2026-08-20 12:00:00.000000,16250
t_demo,demo_20260921_v1,s1,R2026082000073,O20260819000073,2026-08-20 12:00:00.000000,16250
t_demo,demo_20260921_v1,s1,R2026082000074,O20260819000074,2026-08-20 12:00:00.000000,16250
t_demo,demo_20260921_v1,s1,R2026082000075,O20260819000075,2026-08-20 12:00:00.000000,16250
t_demo,demo_20260921_v1,s1,R2026082000076,O20260819000076,2026-08-20 12:00:00.000000,16250
t_demo,demo_20260921_v1,s1,R2026082000077,O20260819000077,2026-08-20 12:00:00.000000,16250
t_demo,demo_20260921_v1,s1,R2026082000078,O20260819000078,2026-08-20 12:00:00.000000,16250
t_demo,demo_20260921_v1,s1,R2026082000079,O20260819000079,2026-08-20 12:00:00.000000,16250
t_demo,demo_20260921_v1,s1,R2026082000080,O20260819000080,2026-08-20 12:00:00.000000,16250
t_demo,demo_20260921_v1,s1,R2026082100001,O20260820000001,2026-08-21 12:00:00.000000,16250
t_demo,demo_20260921_v1,s1,R2026082100002,O20260820000002,2026-08-21 12:00:00.000000,16250
t_demo,demo_20260921_v1,s1,R2026082100003,O20260820000003,2026-08-21 12:00:00.000000,16250
t_demo,demo_20260921_v1,s1,R2026082100004,O20260820000004,2026-08-21 12:00:00.000000,16250
t_demo,demo_20260921_v1,s1,R2026082100005,O20260820000005,2026-08-21 12:00:00.000000,16250
t_demo,demo_20260921_v1,s1,R2026082100006,O20260820000006,2026-08-21 12:00:00.000000,16250
t_demo,demo_20260921_v1,s1,R2026082100007,O20260820000007,2026-08-21 12:00:00.000000,16250
t_demo,demo_20260921_v1,s1,R2026082100008,O20260820000008,2026-08-21 12:00:00.000000,16250
t_demo,demo_20260921_v1,s1,R2026082100009,O20260820000009,2026-08-21 12:00:00.000000,16250
t_demo,demo_20260921_v1,s1,R2026082100010,O20260820000010,2026-08-21 12:00:00.000000,16250
t_demo,demo_20260921_v1,s1,R2026082100011,O20260820000011,2026-08-21 12:00:00.000000,16250
t_demo,demo_20260921_v1,s1,R2026082100012,O20260820000012,2026-08-21 12:00:00.000000,16250
t_demo,demo_20260921_v1,s1,R2026082100013,O20260820000013,2026-08-21 12:00:00.000000,16250
t_demo,demo_20260921_v1,s1,R2026082100014,O20260820000014,2026-08-21 12:00:00.000000,16250
t_demo,demo_20260921_v1,s1,R2026082100015,O20260820000015,2026-08-21 12:00:00.000000,16250
t_demo,demo_20260921_v1,s1,R2026082100016,O20260820000016,2026-08-21 12:00:00.000000,16250
t_demo,demo_20260921_v1,s1,R2026082100017,O20260820000017,2026-08-21 12:00:00.000000,16250
t_demo,demo_20260921_v1,s1,R2026082100018,O20260820000018,2026-08-21 12:00:00.000000,16250
t_demo,demo_20260921_v1,s1,R2026082100019,O20260820000019,2026-08-21 12:00:00.000000,16250
t_demo,demo_20260921_v1,s1,R2026082100020,O20260820000020,2026-08-21 12:00:00.000000,16250
t_demo,demo_20260921_v1,s1,R2026082100021,O20260820000021,2026-08-21 12:00:00.000000,16250
t_demo,demo_20260921_v1,s1,R2026082100022,O20260820000022,2026-08-21 12:00:00.000000,16250
t_demo,demo_20260921_v1,s1,R2026082100023,O20260820000023,2026-08-21 12:00:00.000000,16250
t_demo,demo_20260921_v1,s1,R2026082100024,O20260820000024,2026-08-21 12:00:00.000000,16250
t_demo,demo_20260921_v1,s1,R2026082100025,O20260820000025,2026-08-21 12:00:00.000000,16250
t_demo,demo_20260921_v1,s1,R2026082100026,O20260820000026,2026-08-21 12:00:00.000000,16250
t_demo,demo_20260921_v1,s1,R2026082100027,O20260820000027,2026-08-21 12:00:00.000000,16250
t_demo,demo_20260921_v1,s1,R2026082100028,O20260820000028,2026-08-21 12:00:00.000000,16250
t_demo,demo_20260921_v1,s1,R2026082100029,O20260820000029,2026-08-21 12:00:00.000000,16250
t_demo,demo_20260921_v1,s1,R2026082100030,O20260820000030,2026-08-21 12:00:00.000000,16250
t_demo,demo_20260921_v1,s1,R2026082100031,O20260820000031,2026-08-21 12:00:00.000000,16250
t_demo,demo_20260921_v1,s1,R2026082100032,O20260820000032,2026-08-21 12:00:00.000000,16250
t_demo,demo_20260921_v1,s1,R2026082100033,O20260820000033,2026-08-21 12:00:00.000000,16250
t_demo,demo_20260921_v1,s1,R2026082100034,O20260820000034,2026-08-21 12:00:00.000000,16250
t_demo,demo_20260921_v1,s1,R2026082100035,O20260820000035,2026-08-21 12:00:00.000000,16250
t_demo,demo_20260921_v1,s1,R2026082100036,O20260820000036,2026-08-21 12:00:00.000000,16250
t_demo,demo_20260921_v1,s1,R2026082100037,O20260820000037,2026-08-21 12:00:00.000000,16250
t_demo,demo_20260921_v1,s1,R2026082100038,O20260820000038,2026-08-21 12:00:00.000000,16250
t_demo,demo_20260921_v1,s1,R2026082100039,O20260820000039,2026-08-21 12:00:00.000000,16250
t_demo,demo_20260921_v1,s1,R2026082100040,O20260820000040,2026-08-21 12:00:00.000000,16250
t_demo,demo_20260921_v1,s1,R2026082100041,O20260820000041,2026-08-21 12:00:00.000000,16250
t_demo,demo_20260921_v1,s1,R2026082100042,O20260820000042,2026-08-21 12:00:00.000000,16250
t_demo,demo_20260921_v1,s1,R2026082100043,O20260820000043,2026-08-21 12:00:00.000000,16250
t_demo,demo_20260921_v1,s1,R2026082100044,O20260820000044,2026-08-21 12:00:00.000000,16250
t_demo,demo_20260921_v1,s1,R2026082100045,O20260820000045,2026-08-21 12:00:00.000000,16250
t_demo,demo_20260921_v1,s1,R2026082100046,O20260820000046,2026-08-21 12:00:00.000000,16250
t_demo,demo_20260921_v1,s1,R2026082100047,O20260820000047,2026-08-21 12:00:00.000000,16250
t_demo,demo_20260921_v1,s1,R2026082100048,O20260820000048,2026-08-21 12:00:00.000000,16250
t_demo,demo_20260921_v1,s1,R2026082100049,O20260820000049,2026-08-21 12:00:00.000000,16250
t_demo,demo_20260921_v1,s1,R2026082100050,O20260820000050,2026-08-21 12:00:00.000000,16250
t_demo,demo_20260921_v1,s1,R2026082100051,O20260820000051,2026-08-21 12:00:00.000000,16250
t_demo,demo_20260921_v1,s1,R2026082100052,O20260820000052,2026-08-21 12:00:00.000000,16250
t_demo,demo_20260921_v1,s1,R2026082100053,O20260820000053,2026-08-21 12:00:00.000000,16250
t_demo,demo_20260921_v1,s1,R2026082100054,O20260820000054,2026-08-21 12:00:00.000000,16250
t_demo,demo_20260921_v1,s1,R2026082100055,O20260820000055,2026-08-21 12:00:00.000000,16250
t_demo,demo_20260921_v1,s1,R2026082100056,O20260820000056,2026-08-21 12:00:00.000000,16250
t_demo,demo_20260921_v1,s1,R2026082100057,O20260820000057,2026-08-21 12:00:00.000000,16250
t_demo,demo_20260921_v1,s1,R2026082100058,O20260820000058,2026-08-21 12:00:00.000000,16250
t_demo,demo_20260921_v1,s1,R2026082100059,O20260820000059,2026-08-21 12:00:00.000000,16250
t_demo,demo_20260921_v1,s1,R2026082100060,O20260820000060,2026-08-21 12:00:00.000000,16250
t_demo,demo_20260921_v1,s1,R2026082100061,O20260820000061,2026-08-21 12:00:00.000000,16250
t_demo,demo_20260921_v1,s1,R2026082100062,O20260820000062,2026-08-21 12:00:00.000000,16250
t_demo,demo_20260921_v1,s1,R2026082100063,O20260820000063,2026-08-21 12:00:00.000000,16250
t_demo,demo_20260921_v1,s1,R2026082100064,O20260820000064,2026-08-21 12:00:00.000000,16250
t_demo,demo_20260921_v1,s1,R2026082100065,O20260820000065,2026-08-21 12:00:00.000000,16250
t_demo,demo_20260921_v1,s1,R2026082100066,O20260820000066,2026-08-21 12:00:00.000000,16250
t_demo,demo_20260921_v1,s1,R2026082100067,O20260820000067,2026-08-21 12:00:00.000000,16250
t_demo,demo_20260921_v1,s1,R2026082100068,O20260820000068,2026-08-21 12:00:00.000000,16250
t_demo,demo_20260921_v1,s1,R2026082100069,O20260820000069,2026-08-21 12:00:00.000000,16250
t_demo,demo_20260921_v1,s1,R2026082100070,O20260820000070,2026-08-21 12:00:00.000000,16250
t_demo,demo_20260921_v1,s1,R2026082100071,O20260820000071,2026-08-21 12:00:00.000000,16250
t_demo,demo_20260921_v1,s1,R2026082100072,O20260820000072,2026-08-21 12:00:00.000000,16250
t_demo,demo_20260921_v1,s1,R2026082100073,O20260820000073,2026-08-21 12:00:00.000000,16250
t_demo,demo_20260921_v1,s1,R2026082100074,O20260820000074,2026-08-21 12:00:00.000000,16250
t_demo,demo_20260921_v1,s1,R2026082100075,O20260820000075,2026-08-21 12:00:00.000000,16250
t_demo,demo_20260921_v1,s1,R2026082100076,O20260820000076,2026-08-21 12:00:00.000000,16250
t_demo,demo_20260921_v1,s1,R2026082100077,O20260820000077,2026-08-21 12:00:00.000000,16250
t_demo,demo_20260921_v1,s1,R2026082100078,O20260820000078,2026-08-21 12:00:00.000000,16250
t_demo,demo_20260921_v1,s1,R2026082100079,O20260820000079,2026-08-21 12:00:00.000000,16250
t_demo,demo_20260921_v1,s1,R2026082100080,O20260820000080,2026-08-21 12:00:00.000000,16250
t_demo,demo_20260921_v1,s1,R2026082200001,O20260821000001,2026-08-22 12:00:00.000000,16250
t_demo,demo_20260921_v1,s1,R2026082200002,O20260821000002,2026-08-22 12:00:00.000000,16250
t_demo,demo_20260921_v1,s1,R2026082200003,O20260821000003,2026-08-22 12:00:00.000000,16250
t_demo,demo_20260921_v1,s1,R2026082200004,O20260821000004,2026-08-22 12:00:00.000000,16250
t_demo,demo_20260921_v1,s1,R2026082200005,O20260821000005,2026-08-22 12:00:00.000000,16250
t_demo,demo_20260921_v1,s1,R2026082200006,O20260821000006,2026-08-22 12:00:00.000000,16250
t_demo,demo_20260921_v1,s1,R2026082200007,O20260821000007,2026-08-22 12:00:00.000000,16250
t_demo,demo_20260921_v1,s1,R2026082200008,O20260821000008,2026-08-22 12:00:00.000000,16250
t_demo,demo_20260921_v1,s1,R2026082200009,O20260821000009,2026-08-22 12:00:00.000000,16250
t_demo,demo_20260921_v1,s1,R2026082200010,O20260821000010,2026-08-22 12:00:00.000000,16250
t_demo,demo_20260921_v1,s1,R2026082200011,O20260821000011,2026-08-22 12:00:00.000000,16250
t_demo,demo_20260921_v1,s1,R2026082200012,O20260821000012,2026-08-22 12:00:00.000000,16250
t_demo,demo_20260921_v1,s1,R2026082200013,O20260821000013,2026-08-22 12:00:00.000000,16250
t_demo,demo_20260921_v1,s1,R2026082200014,O20260821000014,2026-08-22 12:00:00.000000,16250
t_demo,demo_20260921_v1,s1,R2026082200015,O20260821000015,2026-08-22 12:00:00.000000,16250
t_demo,demo_20260921_v1,s1,R2026082200016,O20260821000016,2026-08-22 12:00:00.000000,16250
t_demo,demo_20260921_v1,s1,R2026082200017,O20260821000017,2026-08-22 12:00:00.000000,16250
t_demo,demo_20260921_v1,s1,R2026082200018,O20260821000018,2026-08-22 12:00:00.000000,16250
t_demo,demo_20260921_v1,s1,R2026082200019,O20260821000019,2026-08-22 12:00:00.000000,16250
t_demo,demo_20260921_v1,s1,R2026082200020,O20260821000020,2026-08-22 12:00:00.000000,16250
t_demo,demo_20260921_v1,s1,R2026082200021,O20260821000021,2026-08-22 12:00:00.000000,16250
t_demo,demo_20260921_v1,s1,R2026082200022,O20260821000022,2026-08-22 12:00:00.000000,16250
t_demo,demo_20260921_v1,s1,R2026082200023,O20260821000023,2026-08-22 12:00:00.000000,16250
t_demo,demo_20260921_v1,s1,R2026082200024,O20260821000024,2026-08-22 12:00:00.000000,16250
t_demo,demo_20260921_v1,s1,R2026082200025,O20260821000025,2026-08-22 12:00:00.000000,16250
t_demo,demo_20260921_v1,s1,R2026082200026,O20260821000026,2026-08-22 12:00:00.000000,16250
t_demo,demo_20260921_v1,s1,R2026082200027,O20260821000027,2026-08-22 12:00:00.000000,16250
t_demo,demo_20260921_v1,s1,R2026082200028,O20260821000028,2026-08-22 12:00:00.000000,16250
t_demo,demo_20260921_v1,s1,R2026082200029,O20260821000029,2026-08-22 12:00:00.000000,16250
t_demo,demo_20260921_v1,s1,R2026082200030,O20260821000030,2026-08-22 12:00:00.000000,16250
t_demo,demo_20260921_v1,s1,R2026082200031,O20260821000031,2026-08-22 12:00:00.000000,16250
t_demo,demo_20260921_v1,s1,R2026082200032,O20260821000032,2026-08-22 12:00:00.000000,16250
t_demo,demo_20260921_v1,s1,R2026082200033,O20260821000033,2026-08-22 12:00:00.000000,16250
t_demo,demo_20260921_v1,s1,R2026082200034,O20260821000034,2026-08-22 12:00:00.000000,16250
t_demo,demo_20260921_v1,s1,R2026082200035,O20260821000035,2026-08-22 12:00:00.000000,16250
t_demo,demo_20260921_v1,s1,R2026082200036,O20260821000036,2026-08-22 12:00:00.000000,16250
t_demo,demo_20260921_v1,s1,R2026082200037,O20260821000037,2026-08-22 12:00:00.000000,16250
t_demo,demo_20260921_v1,s1,R2026082200038,O20260821000038,2026-08-22 12:00:00.000000,16250
t_demo,demo_20260921_v1,s1,R2026082200039,O20260821000039,2026-08-22 12:00:00.000000,16250
t_demo,demo_20260921_v1,s1,R2026082200040,O20260821000040,2026-08-22 12:00:00.000000,16250
t_demo,demo_20260921_v1,s1,R2026082200041,O20260821000041,2026-08-22 12:00:00.000000,16250
t_demo,demo_20260921_v1,s1,R2026082200042,O20260821000042,2026-08-22 12:00:00.000000,16250
t_demo,demo_20260921_v1,s1,R2026082200043,O20260821000043,2026-08-22 12:00:00.000000,16250
t_demo,demo_20260921_v1,s1,R2026082200044,O20260821000044,2026-08-22 12:00:00.000000,16250
t_demo,demo_20260921_v1,s1,R2026082200045,O20260821000045,2026-08-22 12:00:00.000000,16250
t_demo,demo_20260921_v1,s1,R2026082200046,O20260821000046,2026-08-22 12:00:00.000000,16250
t_demo,demo_20260921_v1,s1,R2026082200047,O20260821000047,2026-08-22 12:00:00.000000,16250
t_demo,demo_20260921_v1,s1,R2026082200048,O20260821000048,2026-08-22 12:00:00.000000,16250
t_demo,demo_20260921_v1,s1,R2026082200049,O20260821000049,2026-08-22 12:00:00.000000,16250
t_demo,demo_20260921_v1,s1,R2026082200050,O20260821000050,2026-08-22 12:00:00.000000,16250
t_demo,demo_20260921_v1,s1,R2026082200051,O20260821000051,2026-08-22 12:00:00.000000,16250
t_demo,demo_20260921_v1,s1,R2026082200052,O20260821000052,2026-08-22 12:00:00.000000,16250
t_demo,demo_20260921_v1,s1,R2026082200053,O20260821000053,2026-08-22 12:00:00.000000,16250
t_demo,demo_20260921_v1,s1,R2026082200054,O20260821000054,2026-08-22 12:00:00.000000,16250
t_demo,demo_20260921_v1,s1,R2026082200055,O20260821000055,2026-08-22 12:00:00.000000,16250
t_demo,demo_20260921_v1,s1,R2026082200056,O20260821000056,2026-08-22 12:00:00.000000,16250
t_demo,demo_20260921_v1,s1,R2026082200057,O20260821000057,2026-08-22 12:00:00.000000,16250
t_demo,demo_20260921_v1,s1,R2026082200058,O20260821000058,2026-08-22 12:00:00.000000,16250
t_demo,demo_20260921_v1,s1,R2026082200059,O20260821000059,2026-08-22 12:00:00.000000,16250
t_demo,demo_20260921_v1,s1,R2026082200060,O20260821000060,2026-08-22 12:00:00.000000,16250
t_demo,demo_20260921_v1,s1,R2026082200061,O20260821000061,2026-08-22 12:00:00.000000,16250
t_demo,demo_20260921_v1,s1,R2026082200062,O20260821000062,2026-08-22 12:00:00.000000,16250
t_demo,demo_20260921_v1,s1,R2026082200063,O20260821000063,2026-08-22 12:00:00.000000,16250
t_demo,demo_20260921_v1,s1,R2026082200064,O20260821000064,2026-08-22 12:00:00.000000,16250
t_demo,demo_20260921_v1,s1,R2026082200065,O20260821000065,2026-08-22 12:00:00.000000,16250
t_demo,demo_20260921_v1,s1,R2026082200066,O20260821000066,2026-08-22 12:00:00.000000,16250
t_demo,demo_20260921_v1,s1,R2026082200067,O20260821000067,2026-08-22 12:00:00.000000,16250
t_demo,demo_20260921_v1,s1,R2026082200068,O20260821000068,2026-08-22 12:00:00.000000,16250
t_demo,demo_20260921_v1,s1,R2026082200069,O20260821000069,2026-08-22 12:00:00.000000,16250
t_demo,demo_20260921_v1,s1,R2026082200070,O20260821000070,2026-08-22 12:00:00.000000,16250
t_demo,demo_20260921_v1,s1,R2026082200071,O20260821000071,2026-08-22 12:00:00.000000,16250
t_demo,demo_20260921_v1,s1,R2026082200072,O20260821000072,2026-08-22 12:00:00.000000,16250
t_demo,demo_20260921_v1,s1,R2026082200073,O20260821000073,2026-08-22 12:00:00.000000,16250
t_demo,demo_20260921_v1,s1,R2026082200074,O20260821000074,2026-08-22 12:00:00.000000,16250
t_demo,demo_20260921_v1,s1,R2026082200075,O20260821000075,2026-08-22 12:00:00.000000,16250
t_demo,demo_20260921_v1,s1,R2026082200076,O20260821000076,2026-08-22 12:00:00.000000,16250
t_demo,demo_20260921_v1,s1,R2026082200077,O20260821000077,2026-08-22 12:00:00.000000,16250
t_demo,demo_20260921_v1,s1,R2026082200078,O20260821000078,2026-08-22 12:00:00.000000,16250
t_demo,demo_20260921_v1,s1,R2026082200079,O20260821000079,2026-08-22 12:00:00.000000,16250
t_demo,demo_20260921_v1,s1,R2026082200080,O20260821000080,2026-08-22 12:00:00.000000,16250
t_demo,demo_20260921_v1,s1,R2026082300001,O20260822000001,2026-08-23 12:00:00.000000,16250
t_demo,demo_20260921_v1,s1,R2026082300002,O20260822000002,2026-08-23 12:00:00.000000,16250
t_demo,demo_20260921_v1,s1,R2026082300003,O20260822000003,2026-08-23 12:00:00.000000,16250
t_demo,demo_20260921_v1,s1,R2026082300004,O20260822000004,2026-08-23 12:00:00.000000,16250
t_demo,demo_20260921_v1,s1,R2026082300005,O20260822000005,2026-08-23 12:00:00.000000,16250
t_demo,demo_20260921_v1,s1,R2026082300006,O20260822000006,2026-08-23 12:00:00.000000,16250
t_demo,demo_20260921_v1,s1,R2026082300007,O20260822000007,2026-08-23 12:00:00.000000,16250
t_demo,demo_20260921_v1,s1,R2026082300008,O20260822000008,2026-08-23 12:00:00.000000,16250
t_demo,demo_20260921_v1,s1,R2026082300009,O20260822000009,2026-08-23 12:00:00.000000,16250
t_demo,demo_20260921_v1,s1,R2026082300010,O20260822000010,2026-08-23 12:00:00.000000,16250
t_demo,demo_20260921_v1,s1,R2026082300011,O20260822000011,2026-08-23 12:00:00.000000,16250
t_demo,demo_20260921_v1,s1,R2026082300012,O20260822000012,2026-08-23 12:00:00.000000,16250
t_demo,demo_20260921_v1,s1,R2026082300013,O20260822000013,2026-08-23 12:00:00.000000,16250
t_demo,demo_20260921_v1,s1,R2026082300014,O20260822000014,2026-08-23 12:00:00.000000,16250
t_demo,demo_20260921_v1,s1,R2026082300015,O20260822000015,2026-08-23 12:00:00.000000,16250
t_demo,demo_20260921_v1,s1,R2026082300016,O20260822000016,2026-08-23 12:00:00.000000,16250
t_demo,demo_20260921_v1,s1,R2026082300017,O20260822000017,2026-08-23 12:00:00.000000,16250
t_demo,demo_20260921_v1,s1,R2026082300018,O20260822000018,2026-08-23 12:00:00.000000,16250
t_demo,demo_20260921_v1,s1,R2026082300019,O20260822000019,2026-08-23 12:00:00.000000,16250
t_demo,demo_20260921_v1,s1,R2026082300020,O20260822000020,2026-08-23 12:00:00.000000,16250
t_demo,demo_20260921_v1,s1,R2026082300021,O20260822000021,2026-08-23 12:00:00.000000,16250
t_demo,demo_20260921_v1,s1,R2026082300022,O20260822000022,2026-08-23 12:00:00.000000,16250
t_demo,demo_20260921_v1,s1,R2026082300023,O20260822000023,2026-08-23 12:00:00.000000,16250
t_demo,demo_20260921_v1,s1,R2026082300024,O20260822000024,2026-08-23 12:00:00.000000,16250
t_demo,demo_20260921_v1,s1,R2026082300025,O20260822000025,2026-08-23 12:00:00.000000,16250
t_demo,demo_20260921_v1,s1,R2026082300026,O20260822000026,2026-08-23 12:00:00.000000,16250
t_demo,demo_20260921_v1,s1,R2026082300027,O20260822000027,2026-08-23 12:00:00.000000,16250
t_demo,demo_20260921_v1,s1,R2026082300028,O20260822000028,2026-08-23 12:00:00.000000,16250
t_demo,demo_20260921_v1,s1,R2026082300029,O20260822000029,2026-08-23 12:00:00.000000,16250
t_demo,demo_20260921_v1,s1,R2026082300030,O20260822000030,2026-08-23 12:00:00.000000,16250
t_demo,demo_20260921_v1,s1,R2026082300031,O20260822000031,2026-08-23 12:00:00.000000,16250
t_demo,demo_20260921_v1,s1,R2026082300032,O20260822000032,2026-08-23 12:00:00.000000,16250
t_demo,demo_20260921_v1,s1,R2026082300033,O20260822000033,2026-08-23 12:00:00.000000,16250
t_demo,demo_20260921_v1,s1,R2026082300034,O20260822000034,2026-08-23 12:00:00.000000,16250
t_demo,demo_20260921_v1,s1,R2026082300035,O20260822000035,2026-08-23 12:00:00.000000,16250
t_demo,demo_20260921_v1,s1,R2026082300036,O20260822000036,2026-08-23 12:00:00.000000,16250
t_demo,demo_20260921_v1,s1,R2026082300037,O20260822000037,2026-08-23 12:00:00.000000,16250
t_demo,demo_20260921_v1,s1,R2026082300038,O20260822000038,2026-08-23 12:00:00.000000,16250
t_demo,demo_20260921_v1,s1,R2026082300039,O20260822000039,2026-08-23 12:00:00.000000,16250
t_demo,demo_20260921_v1,s1,R2026082300040,O20260822000040,2026-08-23 12:00:00.000000,16250
t_demo,demo_20260921_v1,s1,R2026082300041,O20260822000041,2026-08-23 12:00:00.000000,16250
t_demo,demo_20260921_v1,s1,R2026082300042,O20260822000042,2026-08-23 12:00:00.000000,16250
t_demo,demo_20260921_v1,s1,R2026082300043,O20260822000043,2026-08-23 12:00:00.000000,16250
t_demo,demo_20260921_v1,s1,R2026082300044,O20260822000044,2026-08-23 12:00:00.000000,16250
t_demo,demo_20260921_v1,s1,R2026082300045,O20260822000045,2026-08-23 12:00:00.000000,16250
t_demo,demo_20260921_v1,s1,R2026082300046,O20260822000046,2026-08-23 12:00:00.000000,16250
t_demo,demo_20260921_v1,s1,R2026082300047,O20260822000047,2026-08-23 12:00:00.000000,16250
t_demo,demo_20260921_v1,s1,R2026082300048,O20260822000048,2026-08-23 12:00:00.000000,16250
t_demo,demo_20260921_v1,s1,R2026082300049,O20260822000049,2026-08-23 12:00:00.000000,16250
t_demo,demo_20260921_v1,s1,R2026082300050,O20260822000050,2026-08-23 12:00:00.000000,16250
t_demo,demo_20260921_v1,s1,R2026082300051,O20260822000051,2026-08-23 12:00:00.000000,16250
t_demo,demo_20260921_v1,s1,R2026082300052,O20260822000052,2026-08-23 12:00:00.000000,16250
t_demo,demo_20260921_v1,s1,R2026082300053,O20260822000053,2026-08-23 12:00:00.000000,16250
t_demo,demo_20260921_v1,s1,R2026082300054,O20260822000054,2026-08-23 12:00:00.000000,16250
t_demo,demo_20260921_v1,s1,R2026082300055,O20260822000055,2026-08-23 12:00:00.000000,16250
t_demo,demo_20260921_v1,s1,R2026082300056,O20260822000056,2026-08-23 12:00:00.000000,16250
t_demo,demo_20260921_v1,s1,R2026082300057,O20260822000057,2026-08-23 12:00:00.000000,16250
t_demo,demo_20260921_v1,s1,R2026082300058,O20260822000058,2026-08-23 12:00:00.000000,16250
t_demo,demo_20260921_v1,s1,R2026082300059,O20260822000059,2026-08-23 12:00:00.000000,16250
t_demo,demo_20260921_v1,s1,R2026082300060,O20260822000060,2026-08-23 12:00:00.000000,16250
t_demo,demo_20260921_v1,s1,R2026082300061,O20260822000061,2026-08-23 12:00:00.000000,16250
t_demo,demo_20260921_v1,s1,R2026082300062,O20260822000062,2026-08-23 12:00:00.000000,16250
t_demo,demo_20260921_v1,s1,R2026082300063,O20260822000063,2026-08-23 12:00:00.000000,16250
t_demo,demo_20260921_v1,s1,R2026082300064,O20260822000064,2026-08-23 12:00:00.000000,16250
t_demo,demo_20260921_v1,s1,R2026082300065,O20260822000065,2026-08-23 12:00:00.000000,16250
t_demo,demo_20260921_v1,s1,R2026082300066,O20260822000066,2026-08-23 12:00:00.000000,16250
t_demo,demo_20260921_v1,s1,R2026082300067,O20260822000067,2026-08-23 12:00:00.000000,16250
t_demo,demo_20260921_v1,s1,R2026082300068,O20260822000068,2026-08-23 12:00:00.000000,16250
t_demo,demo_20260921_v1,s1,R2026082300069,O20260822000069,2026-08-23 12:00:00.000000,16250
t_demo,demo_20260921_v1,s1,R2026082300070,O20260822000070,2026-08-23 12:00:00.000000,16250
t_demo,demo_20260921_v1,s1,R2026082300071,O20260822000071,2026-08-23 12:00:00.000000,16250
t_demo,demo_20260921_v1,s1,R2026082300072,O20260822000072,2026-08-23 12:00:00.000000,16250
t_demo,demo_20260921_v1,s1,R2026082300073,O20260822000073,2026-08-23 12:00:00.000000,16250
t_demo,demo_20260921_v1,s1,R2026082300074,O20260822000074,2026-08-23 12:00:00.000000,16250
t_demo,demo_20260921_v1,s1,R2026082300075,O20260822000075,2026-08-23 12:00:00.000000,16250
t_demo,demo_20260921_v1,s1,R2026082300076,O20260822000076,2026-08-23 12:00:00.000000,16250
t_demo,demo_20260921_v1,s1,R2026082300077,O20260822000077,2026-08-23 12:00:00.000000,16250
t_demo,demo_20260921_v1,s1,R2026082300078,O20260822000078,2026-08-23 12:00:00.000000,16250
t_demo,demo_20260921_v1,s1,R2026082300079,O20260822000079,2026-08-23 12:00:00.000000,16250
t_demo,demo_20260921_v1,s1,R2026082300080,O20260822000080,2026-08-23 12:00:00.000000,16250
t_demo,demo_20260921_v1,s1,R2026082400001,O20260823000001,2026-08-24 12:00:00.000000,16250
t_demo,demo_20260921_v1,s1,R2026082400002,O20260823000002,2026-08-24 12:00:00.000000,16250
t_demo,demo_20260921_v1,s1,R2026082400003,O20260823000003,2026-08-24 12:00:00.000000,16250
t_demo,demo_20260921_v1,s1,R2026082400004,O20260823000004,2026-08-24 12:00:00.000000,16250
t_demo,demo_20260921_v1,s1,R2026082400005,O20260823000005,2026-08-24 12:00:00.000000,16250
t_demo,demo_20260921_v1,s1,R2026082400006,O20260823000006,2026-08-24 12:00:00.000000,16250
t_demo,demo_20260921_v1,s1,R2026082400007,O20260823000007,2026-08-24 12:00:00.000000,16250
t_demo,demo_20260921_v1,s1,R2026082400008,O20260823000008,2026-08-24 12:00:00.000000,16250
t_demo,demo_20260921_v1,s1,R2026082400009,O20260823000009,2026-08-24 12:00:00.000000,16250
t_demo,demo_20260921_v1,s1,R2026082400010,O20260823000010,2026-08-24 12:00:00.000000,16250
t_demo,demo_20260921_v1,s1,R2026082400011,O20260823000011,2026-08-24 12:00:00.000000,16250
t_demo,demo_20260921_v1,s1,R2026082400012,O20260823000012,2026-08-24 12:00:00.000000,16250
t_demo,demo_20260921_v1,s1,R2026082400013,O20260823000013,2026-08-24 12:00:00.000000,16250
t_demo,demo_20260921_v1,s1,R2026082400014,O20260823000014,2026-08-24 12:00:00.000000,16250
t_demo,demo_20260921_v1,s1,R2026082400015,O20260823000015,2026-08-24 12:00:00.000000,16250
t_demo,demo_20260921_v1,s1,R2026082400016,O20260823000016,2026-08-24 12:00:00.000000,16250
t_demo,demo_20260921_v1,s1,R2026082400017,O20260823000017,2026-08-24 12:00:00.000000,16250
t_demo,demo_20260921_v1,s1,R2026082400018,O20260823000018,2026-08-24 12:00:00.000000,16250
t_demo,demo_20260921_v1,s1,R2026082400019,O20260823000019,2026-08-24 12:00:00.000000,16250
t_demo,demo_20260921_v1,s1,R2026082400020,O20260823000020,2026-08-24 12:00:00.000000,16250
t_demo,demo_20260921_v1,s1,R2026082400021,O20260823000021,2026-08-24 12:00:00.000000,16250
t_demo,demo_20260921_v1,s1,R2026082400022,O20260823000022,2026-08-24 12:00:00.000000,16250
t_demo,demo_20260921_v1,s1,R2026082400023,O20260823000023,2026-08-24 12:00:00.000000,16250
t_demo,demo_20260921_v1,s1,R2026082400024,O20260823000024,2026-08-24 12:00:00.000000,16250
t_demo,demo_20260921_v1,s1,R2026082400025,O20260823000025,2026-08-24 12:00:00.000000,16250
t_demo,demo_20260921_v1,s1,R2026082400026,O20260823000026,2026-08-24 12:00:00.000000,16250
t_demo,demo_20260921_v1,s1,R2026082400027,O20260823000027,2026-08-24 12:00:00.000000,16250
t_demo,demo_20260921_v1,s1,R2026082400028,O20260823000028,2026-08-24 12:00:00.000000,16250
t_demo,demo_20260921_v1,s1,R2026082400029,O20260823000029,2026-08-24 12:00:00.000000,16250
t_demo,demo_20260921_v1,s1,R2026082400030,O20260823000030,2026-08-24 12:00:00.000000,16250
t_demo,demo_20260921_v1,s1,R2026082400031,O20260823000031,2026-08-24 12:00:00.000000,16250
t_demo,demo_20260921_v1,s1,R2026082400032,O20260823000032,2026-08-24 12:00:00.000000,16250
t_demo,demo_20260921_v1,s1,R2026082400033,O20260823000033,2026-08-24 12:00:00.000000,16250
t_demo,demo_20260921_v1,s1,R2026082400034,O20260823000034,2026-08-24 12:00:00.000000,16250
t_demo,demo_20260921_v1,s1,R2026082400035,O20260823000035,2026-08-24 12:00:00.000000,16250
t_demo,demo_20260921_v1,s1,R2026082400036,O20260823000036,2026-08-24 12:00:00.000000,16250
t_demo,demo_20260921_v1,s1,R2026082400037,O20260823000037,2026-08-24 12:00:00.000000,16250
t_demo,demo_20260921_v1,s1,R2026082400038,O20260823000038,2026-08-24 12:00:00.000000,16250
t_demo,demo_20260921_v1,s1,R2026082400039,O20260823000039,2026-08-24 12:00:00.000000,16250
t_demo,demo_20260921_v1,s1,R2026082400040,O20260823000040,2026-08-24 12:00:00.000000,16250
t_demo,demo_20260921_v1,s1,R2026082400041,O20260823000041,2026-08-24 12:00:00.000000,16250
t_demo,demo_20260921_v1,s1,R2026082400042,O20260823000042,2026-08-24 12:00:00.000000,16250
t_demo,demo_20260921_v1,s1,R2026082400043,O20260823000043,2026-08-24 12:00:00.000000,16250
t_demo,demo_20260921_v1,s1,R2026082400044,O20260823000044,2026-08-24 12:00:00.000000,16250
t_demo,demo_20260921_v1,s1,R2026082400045,O20260823000045,2026-08-24 12:00:00.000000,16250
t_demo,demo_20260921_v1,s1,R2026082400046,O20260823000046,2026-08-24 12:00:00.000000,16250
t_demo,demo_20260921_v1,s1,R2026082400047,O20260823000047,2026-08-24 12:00:00.000000,16250
t_demo,demo_20260921_v1,s1,R2026082400048,O20260823000048,2026-08-24 12:00:00.000000,16250
t_demo,demo_20260921_v1,s1,R2026082400049,O20260823000049,2026-08-24 12:00:00.000000,16250
t_demo,demo_20260921_v1,s1,R2026082400050,O20260823000050,2026-08-24 12:00:00.000000,16250
t_demo,demo_20260921_v1,s1,R2026082400051,O20260823000051,2026-08-24 12:00:00.000000,16250
t_demo,demo_20260921_v1,s1,R2026082400052,O20260823000052,2026-08-24 12:00:00.000000,16250
t_demo,demo_20260921_v1,s1,R2026082400053,O20260823000053,2026-08-24 12:00:00.000000,16250
t_demo,demo_20260921_v1,s1,R2026082400054,O20260823000054,2026-08-24 12:00:00.000000,16250
t_demo,demo_20260921_v1,s1,R2026082400055,O20260823000055,2026-08-24 12:00:00.000000,16250
t_demo,demo_20260921_v1,s1,R2026082400056,O20260823000056,2026-08-24 12:00:00.000000,16250
t_demo,demo_20260921_v1,s1,R2026082400057,O20260823000057,2026-08-24 12:00:00.000000,16250
t_demo,demo_20260921_v1,s1,R2026082400058,O20260823000058,2026-08-24 12:00:00.000000,16250
t_demo,demo_20260921_v1,s1,R2026082400059,O20260823000059,2026-08-24 12:00:00.000000,16250
t_demo,demo_20260921_v1,s1,R2026082400060,O20260823000060,2026-08-24 12:00:00.000000,16250
t_demo,demo_20260921_v1,s1,R2026082400061,O20260823000061,2026-08-24 12:00:00.000000,16250
t_demo,demo_20260921_v1,s1,R2026082400062,O20260823000062,2026-08-24 12:00:00.000000,16250
t_demo,demo_20260921_v1,s1,R2026082400063,O20260823000063,2026-08-24 12:00:00.000000,16250
t_demo,demo_20260921_v1,s1,R2026082400064,O20260823000064,2026-08-24 12:00:00.000000,16250
t_demo,demo_20260921_v1,s1,R2026082400065,O20260823000065,2026-08-24 12:00:00.000000,16250
t_demo,demo_20260921_v1,s1,R2026082400066,O20260823000066,2026-08-24 12:00:00.000000,16250
t_demo,demo_20260921_v1,s1,R2026082400067,O20260823000067,2026-08-24 12:00:00.000000,16250
t_demo,demo_20260921_v1,s1,R2026082400068,O20260823000068,2026-08-24 12:00:00.000000,16250
t_demo,demo_20260921_v1,s1,R2026082400069,O20260823000069,2026-08-24 12:00:00.000000,16250
t_demo,demo_20260921_v1,s1,R2026082400070,O20260823000070,2026-08-24 12:00:00.000000,16250
t_demo,demo_20260921_v1,s1,R2026082400071,O20260823000071,2026-08-24 12:00:00.000000,16250
t_demo,demo_20260921_v1,s1,R2026082400072,O20260823000072,2026-08-24 12:00:00.000000,16250
t_demo,demo_20260921_v1,s1,R2026082400073,O20260823000073,2026-08-24 12:00:00.000000,16250
t_demo,demo_20260921_v1,s1,R2026082400074,O20260823000074,2026-08-24 12:00:00.000000,16250
t_demo,demo_20260921_v1,s1,R2026082400075,O20260823000075,2026-08-24 12:00:00.000000,16250
t_demo,demo_20260921_v1,s1,R2026082400076,O20260823000076,2026-08-24 12:00:00.000000,16250
t_demo,demo_20260921_v1,s1,R2026082400077,O20260823000077,2026-08-24 12:00:00.000000,16250
t_demo,demo_20260921_v1,s1,R2026082400078,O20260823000078,2026-08-24 12:00:00.000000,16250
t_demo,demo_20260921_v1,s1,R2026082400079,O20260823000079,2026-08-24 12:00:00.000000,16250
t_demo,demo_20260921_v1,s1,R2026082400080,O20260823000080,2026-08-24 12:00:00.000000,16250
t_demo,demo_20260921_v1,s1,R2026082500001,O20260824000001,2026-08-25 12:00:00.000000,16250
t_demo,demo_20260921_v1,s1,R2026082500002,O20260824000002,2026-08-25 12:00:00.000000,16250
t_demo,demo_20260921_v1,s1,R2026082500003,O20260824000003,2026-08-25 12:00:00.000000,16250
t_demo,demo_20260921_v1,s1,R2026082500004,O20260824000004,2026-08-25 12:00:00.000000,16250
t_demo,demo_20260921_v1,s1,R2026082500005,O20260824000005,2026-08-25 12:00:00.000000,16250
t_demo,demo_20260921_v1,s1,R2026082500006,O20260824000006,2026-08-25 12:00:00.000000,16250
t_demo,demo_20260921_v1,s1,R2026082500007,O20260824000007,2026-08-25 12:00:00.000000,16250
t_demo,demo_20260921_v1,s1,R2026082500008,O20260824000008,2026-08-25 12:00:00.000000,16250
t_demo,demo_20260921_v1,s1,R2026082500009,O20260824000009,2026-08-25 12:00:00.000000,16250
t_demo,demo_20260921_v1,s1,R2026082500010,O20260824000010,2026-08-25 12:00:00.000000,16250
t_demo,demo_20260921_v1,s1,R2026082500011,O20260824000011,2026-08-25 12:00:00.000000,16250
t_demo,demo_20260921_v1,s1,R2026082500012,O20260824000012,2026-08-25 12:00:00.000000,16250
t_demo,demo_20260921_v1,s1,R2026082500013,O20260824000013,2026-08-25 12:00:00.000000,16250
t_demo,demo_20260921_v1,s1,R2026082500014,O20260824000014,2026-08-25 12:00:00.000000,16250
t_demo,demo_20260921_v1,s1,R2026082500015,O20260824000015,2026-08-25 12:00:00.000000,16250
t_demo,demo_20260921_v1,s1,R2026082500016,O20260824000016,2026-08-25 12:00:00.000000,16250
t_demo,demo_20260921_v1,s1,R2026082500017,O20260824000017,2026-08-25 12:00:00.000000,16250
t_demo,demo_20260921_v1,s1,R2026082500018,O20260824000018,2026-08-25 12:00:00.000000,16250
t_demo,demo_20260921_v1,s1,R2026082500019,O20260824000019,2026-08-25 12:00:00.000000,16250
t_demo,demo_20260921_v1,s1,R2026082500020,O20260824000020,2026-08-25 12:00:00.000000,16250
t_demo,demo_20260921_v1,s1,R2026082500021,O20260824000021,2026-08-25 12:00:00.000000,16250
t_demo,demo_20260921_v1,s1,R2026082500022,O20260824000022,2026-08-25 12:00:00.000000,16250
t_demo,demo_20260921_v1,s1,R2026082500023,O20260824000023,2026-08-25 12:00:00.000000,16250
t_demo,demo_20260921_v1,s1,R2026082500024,O20260824000024,2026-08-25 12:00:00.000000,16250
t_demo,demo_20260921_v1,s1,R2026082500025,O20260824000025,2026-08-25 12:00:00.000000,16250
t_demo,demo_20260921_v1,s1,R2026082500026,O20260824000026,2026-08-25 12:00:00.000000,16250
t_demo,demo_20260921_v1,s1,R2026082500027,O20260824000027,2026-08-25 12:00:00.000000,16250
t_demo,demo_20260921_v1,s1,R2026082500028,O20260824000028,2026-08-25 12:00:00.000000,16250
t_demo,demo_20260921_v1,s1,R2026082500029,O20260824000029,2026-08-25 12:00:00.000000,16250
t_demo,demo_20260921_v1,s1,R2026082500030,O20260824000030,2026-08-25 12:00:00.000000,16250
t_demo,demo_20260921_v1,s1,R2026082500031,O20260824000031,2026-08-25 12:00:00.000000,16250
t_demo,demo_20260921_v1,s1,R2026082500032,O20260824000032,2026-08-25 12:00:00.000000,16250
t_demo,demo_20260921_v1,s1,R2026082500033,O20260824000033,2026-08-25 12:00:00.000000,16250
t_demo,demo_20260921_v1,s1,R2026082500034,O20260824000034,2026-08-25 12:00:00.000000,16250
t_demo,demo_20260921_v1,s1,R2026082500035,O20260824000035,2026-08-25 12:00:00.000000,16250
t_demo,demo_20260921_v1,s1,R2026082500036,O20260824000036,2026-08-25 12:00:00.000000,16250
t_demo,demo_20260921_v1,s1,R2026082500037,O20260824000037,2026-08-25 12:00:00.000000,16250
t_demo,demo_20260921_v1,s1,R2026082500038,O20260824000038,2026-08-25 12:00:00.000000,16250
t_demo,demo_20260921_v1,s1,R2026082500039,O20260824000039,2026-08-25 12:00:00.000000,16250
t_demo,demo_20260921_v1,s1,R2026082500040,O20260824000040,2026-08-25 12:00:00.000000,16250
t_demo,demo_20260921_v1,s1,R2026082500041,O20260824000041,2026-08-25 12:00:00.000000,16250
t_demo,demo_20260921_v1,s1,R2026082500042,O20260824000042,2026-08-25 12:00:00.000000,16250
t_demo,demo_20260921_v1,s1,R2026082500043,O20260824000043,2026-08-25 12:00:00.000000,16250
t_demo,demo_20260921_v1,s1,R2026082500044,O20260824000044,2026-08-25 12:00:00.000000,16250
t_demo,demo_20260921_v1,s1,R2026082500045,O20260824000045,2026-08-25 12:00:00.000000,16250
t_demo,demo_20260921_v1,s1,R2026082500046,O20260824000046,2026-08-25 12:00:00.000000,16250
t_demo,demo_20260921_v1,s1,R2026082500047,O20260824000047,2026-08-25 12:00:00.000000,16250
t_demo,demo_20260921_v1,s1,R2026082500048,O20260824000048,2026-08-25 12:00:00.000000,16250
t_demo,demo_20260921_v1,s1,R2026082500049,O20260824000049,2026-08-25 12:00:00.000000,16250
t_demo,demo_20260921_v1,s1,R2026082500050,O20260824000050,2026-08-25 12:00:00.000000,16250
t_demo,demo_20260921_v1,s1,R2026082500051,O20260824000051,2026-08-25 12:00:00.000000,16250
t_demo,demo_20260921_v1,s1,R2026082500052,O20260824000052,2026-08-25 12:00:00.000000,16250
t_demo,demo_20260921_v1,s1,R2026082500053,O20260824000053,2026-08-25 12:00:00.000000,16250
t_demo,demo_20260921_v1,s1,R2026082500054,O20260824000054,2026-08-25 12:00:00.000000,16250
t_demo,demo_20260921_v1,s1,R2026082500055,O20260824000055,2026-08-25 12:00:00.000000,16250
t_demo,demo_20260921_v1,s1,R2026082500056,O20260824000056,2026-08-25 12:00:00.000000,16250
t_demo,demo_20260921_v1,s1,R2026082500057,O20260824000057,2026-08-25 12:00:00.000000,16250
t_demo,demo_20260921_v1,s1,R2026082500058,O20260824000058,2026-08-25 12:00:00.000000,16250
t_demo,demo_20260921_v1,s1,R2026082500059,O20260824000059,2026-08-25 12:00:00.000000,16250
t_demo,demo_20260921_v1,s1,R2026082500060,O20260824000060,2026-08-25 12:00:00.000000,16250
t_demo,demo_20260921_v1,s1,R2026082500061,O20260824000061,2026-08-25 12:00:00.000000,16250
t_demo,demo_20260921_v1,s1,R2026082500062,O20260824000062,2026-08-25 12:00:00.000000,16250
t_demo,demo_20260921_v1,s1,R2026082500063,O20260824000063,2026-08-25 12:00:00.000000,16250
t_demo,demo_20260921_v1,s1,R2026082500064,O20260824000064,2026-08-25 12:00:00.000000,16250
t_demo,demo_20260921_v1,s1,R2026082500065,O20260824000065,2026-08-25 12:00:00.000000,16250
t_demo,demo_20260921_v1,s1,R2026082500066,O20260824000066,2026-08-25 12:00:00.000000,16250
t_demo,demo_20260921_v1,s1,R2026082500067,O20260824000067,2026-08-25 12:00:00.000000,16250
t_demo,demo_20260921_v1,s1,R2026082500068,O20260824000068,2026-08-25 12:00:00.000000,16250
t_demo,demo_20260921_v1,s1,R2026082500069,O20260824000069,2026-08-25 12:00:00.000000,16250
t_demo,demo_20260921_v1,s1,R2026082500070,O20260824000070,2026-08-25 12:00:00.000000,16250
t_demo,demo_20260921_v1,s1,R2026082500071,O20260824000071,2026-08-25 12:00:00.000000,16250
t_demo,demo_20260921_v1,s1,R2026082500072,O20260824000072,2026-08-25 12:00:00.000000,16250
t_demo,demo_20260921_v1,s1,R2026082500073,O20260824000073,2026-08-25 12:00:00.000000,16250
t_demo,demo_20260921_v1,s1,R2026082500074,O20260824000074,2026-08-25 12:00:00.000000,16250
t_demo,demo_20260921_v1,s1,R2026082500075,O20260824000075,2026-08-25 12:00:00.000000,16250
t_demo,demo_20260921_v1,s1,R2026082500076,O20260824000076,2026-08-25 12:00:00.000000,16250
t_demo,demo_20260921_v1,s1,R2026082500077,O20260824000077,2026-08-25 12:00:00.000000,16250
t_demo,demo_20260921_v1,s1,R2026082500078,O20260824000078,2026-08-25 12:00:00.000000,16250
t_demo,demo_20260921_v1,s1,R2026082500079,O20260824000079,2026-08-25 12:00:00.000000,16250
t_demo,demo_20260921_v1,s1,R2026082500080,O20260824000080,2026-08-25 12:00:00.000000,16250
t_demo,demo_20260921_v1,s1,R2026082600001,O20260825000001,2026-08-26 12:00:00.000000,16250
t_demo,demo_20260921_v1,s1,R2026082600002,O20260825000002,2026-08-26 12:00:00.000000,16250
t_demo,demo_20260921_v1,s1,R2026082600003,O20260825000003,2026-08-26 12:00:00.000000,16250
t_demo,demo_20260921_v1,s1,R2026082600004,O20260825000004,2026-08-26 12:00:00.000000,16250
t_demo,demo_20260921_v1,s1,R2026082600005,O20260825000005,2026-08-26 12:00:00.000000,16250
t_demo,demo_20260921_v1,s1,R2026082600006,O20260825000006,2026-08-26 12:00:00.000000,16250
t_demo,demo_20260921_v1,s1,R2026082600007,O20260825000007,2026-08-26 12:00:00.000000,16250
t_demo,demo_20260921_v1,s1,R2026082600008,O20260825000008,2026-08-26 12:00:00.000000,16250
t_demo,demo_20260921_v1,s1,R2026082600009,O20260825000009,2026-08-26 12:00:00.000000,16250
t_demo,demo_20260921_v1,s1,R2026082600010,O20260825000010,2026-08-26 12:00:00.000000,16250
t_demo,demo_20260921_v1,s1,R2026082600011,O20260825000011,2026-08-26 12:00:00.000000,16250
t_demo,demo_20260921_v1,s1,R2026082600012,O20260825000012,2026-08-26 12:00:00.000000,16250
t_demo,demo_20260921_v1,s1,R2026082600013,O20260825000013,2026-08-26 12:00:00.000000,16250
t_demo,demo_20260921_v1,s1,R2026082600014,O20260825000014,2026-08-26 12:00:00.000000,16250
t_demo,demo_20260921_v1,s1,R2026082600015,O20260825000015,2026-08-26 12:00:00.000000,16250
t_demo,demo_20260921_v1,s1,R2026082600016,O20260825000016,2026-08-26 12:00:00.000000,16250
t_demo,demo_20260921_v1,s1,R2026082600017,O20260825000017,2026-08-26 12:00:00.000000,16250
t_demo,demo_20260921_v1,s1,R2026082600018,O20260825000018,2026-08-26 12:00:00.000000,16250
t_demo,demo_20260921_v1,s1,R2026082600019,O20260825000019,2026-08-26 12:00:00.000000,16250
t_demo,demo_20260921_v1,s1,R2026082600020,O20260825000020,2026-08-26 12:00:00.000000,16250
t_demo,demo_20260921_v1,s1,R2026082600021,O20260825000021,2026-08-26 12:00:00.000000,16250
t_demo,demo_20260921_v1,s1,R2026082600022,O20260825000022,2026-08-26 12:00:00.000000,16250
t_demo,demo_20260921_v1,s1,R2026082600023,O20260825000023,2026-08-26 12:00:00.000000,16250
t_demo,demo_20260921_v1,s1,R2026082600024,O20260825000024,2026-08-26 12:00:00.000000,16250
t_demo,demo_20260921_v1,s1,R2026082600025,O20260825000025,2026-08-26 12:00:00.000000,16250
t_demo,demo_20260921_v1,s1,R2026082600026,O20260825000026,2026-08-26 12:00:00.000000,16250
t_demo,demo_20260921_v1,s1,R2026082600027,O20260825000027,2026-08-26 12:00:00.000000,16250
t_demo,demo_20260921_v1,s1,R2026082600028,O20260825000028,2026-08-26 12:00:00.000000,16250
t_demo,demo_20260921_v1,s1,R2026082600029,O20260825000029,2026-08-26 12:00:00.000000,16250
t_demo,demo_20260921_v1,s1,R2026082600030,O20260825000030,2026-08-26 12:00:00.000000,16250
t_demo,demo_20260921_v1,s1,R2026082600031,O20260825000031,2026-08-26 12:00:00.000000,16250
t_demo,demo_20260921_v1,s1,R2026082600032,O20260825000032,2026-08-26 12:00:00.000000,16250
t_demo,demo_20260921_v1,s1,R2026082600033,O20260825000033,2026-08-26 12:00:00.000000,16250
t_demo,demo_20260921_v1,s1,R2026082600034,O20260825000034,2026-08-26 12:00:00.000000,16250
t_demo,demo_20260921_v1,s1,R2026082600035,O20260825000035,2026-08-26 12:00:00.000000,16250
t_demo,demo_20260921_v1,s1,R2026082600036,O20260825000036,2026-08-26 12:00:00.000000,16250
t_demo,demo_20260921_v1,s1,R2026082600037,O20260825000037,2026-08-26 12:00:00.000000,16250
t_demo,demo_20260921_v1,s1,R2026082600038,O20260825000038,2026-08-26 12:00:00.000000,16250
t_demo,demo_20260921_v1,s1,R2026082600039,O20260825000039,2026-08-26 12:00:00.000000,16250
t_demo,demo_20260921_v1,s1,R2026082600040,O20260825000040,2026-08-26 12:00:00.000000,16250
t_demo,demo_20260921_v1,s1,R2026082600041,O20260825000041,2026-08-26 12:00:00.000000,16250
t_demo,demo_20260921_v1,s1,R2026082600042,O20260825000042,2026-08-26 12:00:00.000000,16250
t_demo,demo_20260921_v1,s1,R2026082600043,O20260825000043,2026-08-26 12:00:00.000000,16250
t_demo,demo_20260921_v1,s1,R2026082600044,O20260825000044,2026-08-26 12:00:00.000000,16250
t_demo,demo_20260921_v1,s1,R2026082600045,O20260825000045,2026-08-26 12:00:00.000000,16250
t_demo,demo_20260921_v1,s1,R2026082600046,O20260825000046,2026-08-26 12:00:00.000000,16250
t_demo,demo_20260921_v1,s1,R2026082600047,O20260825000047,2026-08-26 12:00:00.000000,16250
t_demo,demo_20260921_v1,s1,R2026082600048,O20260825000048,2026-08-26 12:00:00.000000,16250
t_demo,demo_20260921_v1,s1,R2026082600049,O20260825000049,2026-08-26 12:00:00.000000,16250
t_demo,demo_20260921_v1,s1,R2026082600050,O20260825000050,2026-08-26 12:00:00.000000,16250
t_demo,demo_20260921_v1,s1,R2026082600051,O20260825000051,2026-08-26 12:00:00.000000,16250
t_demo,demo_20260921_v1,s1,R2026082600052,O20260825000052,2026-08-26 12:00:00.000000,16250
t_demo,demo_20260921_v1,s1,R2026082600053,O20260825000053,2026-08-26 12:00:00.000000,16250
t_demo,demo_20260921_v1,s1,R2026082600054,O20260825000054,2026-08-26 12:00:00.000000,16250
t_demo,demo_20260921_v1,s1,R2026082600055,O20260825000055,2026-08-26 12:00:00.000000,16250
t_demo,demo_20260921_v1,s1,R2026082600056,O20260825000056,2026-08-26 12:00:00.000000,16250
t_demo,demo_20260921_v1,s1,R2026082600057,O20260825000057,2026-08-26 12:00:00.000000,16250
t_demo,demo_20260921_v1,s1,R2026082600058,O20260825000058,2026-08-26 12:00:00.000000,16250
t_demo,demo_20260921_v1,s1,R2026082600059,O20260825000059,2026-08-26 12:00:00.000000,16250
t_demo,demo_20260921_v1,s1,R2026082600060,O20260825000060,2026-08-26 12:00:00.000000,16250
t_demo,demo_20260921_v1,s1,R2026082600061,O20260825000061,2026-08-26 12:00:00.000000,16250
t_demo,demo_20260921_v1,s1,R2026082600062,O20260825000062,2026-08-26 12:00:00.000000,16250
t_demo,demo_20260921_v1,s1,R2026082600063,O20260825000063,2026-08-26 12:00:00.000000,16250
t_demo,demo_20260921_v1,s1,R2026082600064,O20260825000064,2026-08-26 12:00:00.000000,16250
t_demo,demo_20260921_v1,s1,R2026082600065,O20260825000065,2026-08-26 12:00:00.000000,16250
t_demo,demo_20260921_v1,s1,R2026082600066,O20260825000066,2026-08-26 12:00:00.000000,16250
t_demo,demo_20260921_v1,s1,R2026082600067,O20260825000067,2026-08-26 12:00:00.000000,16250
t_demo,demo_20260921_v1,s1,R2026082600068,O20260825000068,2026-08-26 12:00:00.000000,16250
t_demo,demo_20260921_v1,s1,R2026082600069,O20260825000069,2026-08-26 12:00:00.000000,16250
t_demo,demo_20260921_v1,s1,R2026082600070,O20260825000070,2026-08-26 12:00:00.000000,16250
t_demo,demo_20260921_v1,s1,R2026082600071,O20260825000071,2026-08-26 12:00:00.000000,16250
t_demo,demo_20260921_v1,s1,R2026082600072,O20260825000072,2026-08-26 12:00:00.000000,16250
t_demo,demo_20260921_v1,s1,R2026082600073,O20260825000073,2026-08-26 12:00:00.000000,16250
t_demo,demo_20260921_v1,s1,R2026082600074,O20260825000074,2026-08-26 12:00:00.000000,16250
t_demo,demo_20260921_v1,s1,R2026082600075,O20260825000075,2026-08-26 12:00:00.000000,16250
t_demo,demo_20260921_v1,s1,R2026082600076,O20260825000076,2026-08-26 12:00:00.000000,16250
t_demo,demo_20260921_v1,s1,R2026082600077,O20260825000077,2026-08-26 12:00:00.000000,16250
t_demo,demo_20260921_v1,s1,R2026082600078,O20260825000078,2026-08-26 12:00:00.000000,16250
t_demo,demo_20260921_v1,s1,R2026082600079,O20260825000079,2026-08-26 12:00:00.000000,16250
t_demo,demo_20260921_v1,s1,R2026082600080,O20260825000080,2026-08-26 12:00:00.000000,16250
t_demo,demo_20260921_v1,s1,R2026082700001,O20260826000001,2026-08-27 12:00:00.000000,16250
t_demo,demo_20260921_v1,s1,R2026082700002,O20260826000002,2026-08-27 12:00:00.000000,16250
t_demo,demo_20260921_v1,s1,R2026082700003,O20260826000003,2026-08-27 12:00:00.000000,16250
t_demo,demo_20260921_v1,s1,R2026082700004,O20260826000004,2026-08-27 12:00:00.000000,16250
t_demo,demo_20260921_v1,s1,R2026082700005,O20260826000005,2026-08-27 12:00:00.000000,16250
t_demo,demo_20260921_v1,s1,R2026082700006,O20260826000006,2026-08-27 12:00:00.000000,16250
t_demo,demo_20260921_v1,s1,R2026082700007,O20260826000007,2026-08-27 12:00:00.000000,16250
t_demo,demo_20260921_v1,s1,R2026082700008,O20260826000008,2026-08-27 12:00:00.000000,16250
t_demo,demo_20260921_v1,s1,R2026082700009,O20260826000009,2026-08-27 12:00:00.000000,16250
t_demo,demo_20260921_v1,s1,R2026082700010,O20260826000010,2026-08-27 12:00:00.000000,16250
t_demo,demo_20260921_v1,s1,R2026082700011,O20260826000011,2026-08-27 12:00:00.000000,16250
t_demo,demo_20260921_v1,s1,R2026082700012,O20260826000012,2026-08-27 12:00:00.000000,16250
t_demo,demo_20260921_v1,s1,R2026082700013,O20260826000013,2026-08-27 12:00:00.000000,16250
t_demo,demo_20260921_v1,s1,R2026082700014,O20260826000014,2026-08-27 12:00:00.000000,16250
t_demo,demo_20260921_v1,s1,R2026082700015,O20260826000015,2026-08-27 12:00:00.000000,16250
t_demo,demo_20260921_v1,s1,R2026082700016,O20260826000016,2026-08-27 12:00:00.000000,16250
t_demo,demo_20260921_v1,s1,R2026082700017,O20260826000017,2026-08-27 12:00:00.000000,16250
t_demo,demo_20260921_v1,s1,R2026082700018,O20260826000018,2026-08-27 12:00:00.000000,16250
t_demo,demo_20260921_v1,s1,R2026082700019,O20260826000019,2026-08-27 12:00:00.000000,16250
t_demo,demo_20260921_v1,s1,R2026082700020,O20260826000020,2026-08-27 12:00:00.000000,16250
t_demo,demo_20260921_v1,s1,R2026082700021,O20260826000021,2026-08-27 12:00:00.000000,16250
t_demo,demo_20260921_v1,s1,R2026082700022,O20260826000022,2026-08-27 12:00:00.000000,16250
t_demo,demo_20260921_v1,s1,R2026082700023,O20260826000023,2026-08-27 12:00:00.000000,16250
t_demo,demo_20260921_v1,s1,R2026082700024,O20260826000024,2026-08-27 12:00:00.000000,16250
t_demo,demo_20260921_v1,s1,R2026082700025,O20260826000025,2026-08-27 12:00:00.000000,16250
t_demo,demo_20260921_v1,s1,R2026082700026,O20260826000026,2026-08-27 12:00:00.000000,16250
t_demo,demo_20260921_v1,s1,R2026082700027,O20260826000027,2026-08-27 12:00:00.000000,16250
t_demo,demo_20260921_v1,s1,R2026082700028,O20260826000028,2026-08-27 12:00:00.000000,16250
t_demo,demo_20260921_v1,s1,R2026082700029,O20260826000029,2026-08-27 12:00:00.000000,16250
t_demo,demo_20260921_v1,s1,R2026082700030,O20260826000030,2026-08-27 12:00:00.000000,16250
t_demo,demo_20260921_v1,s1,R2026082700031,O20260826000031,2026-08-27 12:00:00.000000,16250
t_demo,demo_20260921_v1,s1,R2026082700032,O20260826000032,2026-08-27 12:00:00.000000,16250
t_demo,demo_20260921_v1,s1,R2026082700033,O20260826000033,2026-08-27 12:00:00.000000,16250
t_demo,demo_20260921_v1,s1,R2026082700034,O20260826000034,2026-08-27 12:00:00.000000,16250
t_demo,demo_20260921_v1,s1,R2026082700035,O20260826000035,2026-08-27 12:00:00.000000,16250
t_demo,demo_20260921_v1,s1,R2026082700036,O20260826000036,2026-08-27 12:00:00.000000,16250
t_demo,demo_20260921_v1,s1,R2026082700037,O20260826000037,2026-08-27 12:00:00.000000,16250
t_demo,demo_20260921_v1,s1,R2026082700038,O20260826000038,2026-08-27 12:00:00.000000,16250
t_demo,demo_20260921_v1,s1,R2026082700039,O20260826000039,2026-08-27 12:00:00.000000,16250
t_demo,demo_20260921_v1,s1,R2026082700040,O20260826000040,2026-08-27 12:00:00.000000,16250
t_demo,demo_20260921_v1,s1,R2026082700041,O20260826000041,2026-08-27 12:00:00.000000,16250
t_demo,demo_20260921_v1,s1,R2026082700042,O20260826000042,2026-08-27 12:00:00.000000,16250
t_demo,demo_20260921_v1,s1,R2026082700043,O20260826000043,2026-08-27 12:00:00.000000,16250
t_demo,demo_20260921_v1,s1,R2026082700044,O20260826000044,2026-08-27 12:00:00.000000,16250
t_demo,demo_20260921_v1,s1,R2026082700045,O20260826000045,2026-08-27 12:00:00.000000,16250
t_demo,demo_20260921_v1,s1,R2026082700046,O20260826000046,2026-08-27 12:00:00.000000,16250
t_demo,demo_20260921_v1,s1,R2026082700047,O20260826000047,2026-08-27 12:00:00.000000,16250
t_demo,demo_20260921_v1,s1,R2026082700048,O20260826000048,2026-08-27 12:00:00.000000,16250
t_demo,demo_20260921_v1,s1,R2026082700049,O20260826000049,2026-08-27 12:00:00.000000,16250
t_demo,demo_20260921_v1,s1,R2026082700050,O20260826000050,2026-08-27 12:00:00.000000,16250
t_demo,demo_20260921_v1,s1,R2026082700051,O20260826000051,2026-08-27 12:00:00.000000,16250
t_demo,demo_20260921_v1,s1,R2026082700052,O20260826000052,2026-08-27 12:00:00.000000,16250
t_demo,demo_20260921_v1,s1,R2026082700053,O20260826000053,2026-08-27 12:00:00.000000,16250
t_demo,demo_20260921_v1,s1,R2026082700054,O20260826000054,2026-08-27 12:00:00.000000,16250
t_demo,demo_20260921_v1,s1,R2026082700055,O20260826000055,2026-08-27 12:00:00.000000,16250
t_demo,demo_20260921_v1,s1,R2026082700056,O20260826000056,2026-08-27 12:00:00.000000,16250
t_demo,demo_20260921_v1,s1,R2026082700057,O20260826000057,2026-08-27 12:00:00.000000,16250
t_demo,demo_20260921_v1,s1,R2026082700058,O20260826000058,2026-08-27 12:00:00.000000,16250
t_demo,demo_20260921_v1,s1,R2026082700059,O20260826000059,2026-08-27 12:00:00.000000,16250
t_demo,demo_20260921_v1,s1,R2026082700060,O20260826000060,2026-08-27 12:00:00.000000,16250
t_demo,demo_20260921_v1,s1,R2026082700061,O20260826000061,2026-08-27 12:00:00.000000,16250
t_demo,demo_20260921_v1,s1,R2026082700062,O20260826000062,2026-08-27 12:00:00.000000,16250
t_demo,demo_20260921_v1,s1,R2026082700063,O20260826000063,2026-08-27 12:00:00.000000,16250
t_demo,demo_20260921_v1,s1,R2026082700064,O20260826000064,2026-08-27 12:00:00.000000,16250
t_demo,demo_20260921_v1,s1,R2026082700065,O20260826000065,2026-08-27 12:00:00.000000,16250
t_demo,demo_20260921_v1,s1,R2026082700066,O20260826000066,2026-08-27 12:00:00.000000,16250
t_demo,demo_20260921_v1,s1,R2026082700067,O20260826000067,2026-08-27 12:00:00.000000,16250
t_demo,demo_20260921_v1,s1,R2026082700068,O20260826000068,2026-08-27 12:00:00.000000,16250
t_demo,demo_20260921_v1,s1,R2026082700069,O20260826000069,2026-08-27 12:00:00.000000,16250
t_demo,demo_20260921_v1,s1,R2026082700070,O20260826000070,2026-08-27 12:00:00.000000,16250
t_demo,demo_20260921_v1,s1,R2026082700071,O20260826000071,2026-08-27 12:00:00.000000,16250
t_demo,demo_20260921_v1,s1,R2026082700072,O20260826000072,2026-08-27 12:00:00.000000,16250
t_demo,demo_20260921_v1,s1,R2026082700073,O20260826000073,2026-08-27 12:00:00.000000,16250
t_demo,demo_20260921_v1,s1,R2026082700074,O20260826000074,2026-08-27 12:00:00.000000,16250
t_demo,demo_20260921_v1,s1,R2026082700075,O20260826000075,2026-08-27 12:00:00.000000,16250
t_demo,demo_20260921_v1,s1,R2026082700076,O20260826000076,2026-08-27 12:00:00.000000,16250
t_demo,demo_20260921_v1,s1,R2026082700077,O20260826000077,2026-08-27 12:00:00.000000,16250
t_demo,demo_20260921_v1,s1,R2026082700078,O20260826000078,2026-08-27 12:00:00.000000,16250
t_demo,demo_20260921_v1,s1,R2026082700079,O20260826000079,2026-08-27 12:00:00.000000,16250
t_demo,demo_20260921_v1,s1,R2026082700080,O20260826000080,2026-08-27 12:00:00.000000,16250
t_demo,demo_20260921_v1,s1,R2026082800001,O20260827000001,2026-08-28 12:00:00.000000,16250
t_demo,demo_20260921_v1,s1,R2026082800002,O20260827000002,2026-08-28 12:00:00.000000,16250
t_demo,demo_20260921_v1,s1,R2026082800003,O20260827000003,2026-08-28 12:00:00.000000,16250
t_demo,demo_20260921_v1,s1,R2026082800004,O20260827000004,2026-08-28 12:00:00.000000,16250
t_demo,demo_20260921_v1,s1,R2026082800005,O20260827000005,2026-08-28 12:00:00.000000,16250
t_demo,demo_20260921_v1,s1,R2026082800006,O20260827000006,2026-08-28 12:00:00.000000,16250
t_demo,demo_20260921_v1,s1,R2026082800007,O20260827000007,2026-08-28 12:00:00.000000,16250
t_demo,demo_20260921_v1,s1,R2026082800008,O20260827000008,2026-08-28 12:00:00.000000,16250
t_demo,demo_20260921_v1,s1,R2026082800009,O20260827000009,2026-08-28 12:00:00.000000,16250
t_demo,demo_20260921_v1,s1,R2026082800010,O20260827000010,2026-08-28 12:00:00.000000,16250
t_demo,demo_20260921_v1,s1,R2026082800011,O20260827000011,2026-08-28 12:00:00.000000,16250
t_demo,demo_20260921_v1,s1,R2026082800012,O20260827000012,2026-08-28 12:00:00.000000,16250
t_demo,demo_20260921_v1,s1,R2026082800013,O20260827000013,2026-08-28 12:00:00.000000,16250
t_demo,demo_20260921_v1,s1,R2026082800014,O20260827000014,2026-08-28 12:00:00.000000,16250
t_demo,demo_20260921_v1,s1,R2026082800015,O20260827000015,2026-08-28 12:00:00.000000,16250
t_demo,demo_20260921_v1,s1,R2026082800016,O20260827000016,2026-08-28 12:00:00.000000,16250
t_demo,demo_20260921_v1,s1,R2026082800017,O20260827000017,2026-08-28 12:00:00.000000,16250
t_demo,demo_20260921_v1,s1,R2026082800018,O20260827000018,2026-08-28 12:00:00.000000,16250
t_demo,demo_20260921_v1,s1,R2026082800019,O20260827000019,2026-08-28 12:00:00.000000,16250
t_demo,demo_20260921_v1,s1,R2026082800020,O20260827000020,2026-08-28 12:00:00.000000,16250
t_demo,demo_20260921_v1,s1,R2026082800021,O20260827000021,2026-08-28 12:00:00.000000,16250
t_demo,demo_20260921_v1,s1,R2026082800022,O20260827000022,2026-08-28 12:00:00.000000,16250
t_demo,demo_20260921_v1,s1,R2026082800023,O20260827000023,2026-08-28 12:00:00.000000,16250
t_demo,demo_20260921_v1,s1,R2026082800024,O20260827000024,2026-08-28 12:00:00.000000,16250
t_demo,demo_20260921_v1,s1,R2026082800025,O20260827000025,2026-08-28 12:00:00.000000,16250
t_demo,demo_20260921_v1,s1,R2026082800026,O20260827000026,2026-08-28 12:00:00.000000,16250
t_demo,demo_20260921_v1,s1,R2026082800027,O20260827000027,2026-08-28 12:00:00.000000,16250
t_demo,demo_20260921_v1,s1,R2026082800028,O20260827000028,2026-08-28 12:00:00.000000,16250
t_demo,demo_20260921_v1,s1,R2026082800029,O20260827000029,2026-08-28 12:00:00.000000,16250
t_demo,demo_20260921_v1,s1,R2026082800030,O20260827000030,2026-08-28 12:00:00.000000,16250
t_demo,demo_20260921_v1,s1,R2026082800031,O20260827000031,2026-08-28 12:00:00.000000,16250
t_demo,demo_20260921_v1,s1,R2026082800032,O20260827000032,2026-08-28 12:00:00.000000,16250
t_demo,demo_20260921_v1,s1,R2026082800033,O20260827000033,2026-08-28 12:00:00.000000,16250
t_demo,demo_20260921_v1,s1,R2026082800034,O20260827000034,2026-08-28 12:00:00.000000,16250
t_demo,demo_20260921_v1,s1,R2026082800035,O20260827000035,2026-08-28 12:00:00.000000,16250
t_demo,demo_20260921_v1,s1,R2026082800036,O20260827000036,2026-08-28 12:00:00.000000,16250
t_demo,demo_20260921_v1,s1,R2026082800037,O20260827000037,2026-08-28 12:00:00.000000,16250
t_demo,demo_20260921_v1,s1,R2026082800038,O20260827000038,2026-08-28 12:00:00.000000,16250
t_demo,demo_20260921_v1,s1,R2026082800039,O20260827000039,2026-08-28 12:00:00.000000,16250
t_demo,demo_20260921_v1,s1,R2026082800040,O20260827000040,2026-08-28 12:00:00.000000,16250
t_demo,demo_20260921_v1,s1,R2026082800041,O20260827000041,2026-08-28 12:00:00.000000,16250
t_demo,demo_20260921_v1,s1,R2026082800042,O20260827000042,2026-08-28 12:00:00.000000,16250
t_demo,demo_20260921_v1,s1,R2026082800043,O20260827000043,2026-08-28 12:00:00.000000,16250
t_demo,demo_20260921_v1,s1,R2026082800044,O20260827000044,2026-08-28 12:00:00.000000,16250
t_demo,demo_20260921_v1,s1,R2026082800045,O20260827000045,2026-08-28 12:00:00.000000,16250
t_demo,demo_20260921_v1,s1,R2026082800046,O20260827000046,2026-08-28 12:00:00.000000,16250
t_demo,demo_20260921_v1,s1,R2026082800047,O20260827000047,2026-08-28 12:00:00.000000,16250
t_demo,demo_20260921_v1,s1,R2026082800048,O20260827000048,2026-08-28 12:00:00.000000,16250
t_demo,demo_20260921_v1,s1,R2026082800049,O20260827000049,2026-08-28 12:00:00.000000,16250
t_demo,demo_20260921_v1,s1,R2026082800050,O20260827000050,2026-08-28 12:00:00.000000,16250
t_demo,demo_20260921_v1,s1,R2026082800051,O20260827000051,2026-08-28 12:00:00.000000,16250
t_demo,demo_20260921_v1,s1,R2026082800052,O20260827000052,2026-08-28 12:00:00.000000,16250
t_demo,demo_20260921_v1,s1,R2026082800053,O20260827000053,2026-08-28 12:00:00.000000,16250
t_demo,demo_20260921_v1,s1,R2026082800054,O20260827000054,2026-08-28 12:00:00.000000,16250
t_demo,demo_20260921_v1,s1,R2026082800055,O20260827000055,2026-08-28 12:00:00.000000,16250
t_demo,demo_20260921_v1,s1,R2026082800056,O20260827000056,2026-08-28 12:00:00.000000,16250
t_demo,demo_20260921_v1,s1,R2026082800057,O20260827000057,2026-08-28 12:00:00.000000,16250
t_demo,demo_20260921_v1,s1,R2026082800058,O20260827000058,2026-08-28 12:00:00.000000,16250
t_demo,demo_20260921_v1,s1,R2026082800059,O20260827000059,2026-08-28 12:00:00.000000,16250
t_demo,demo_20260921_v1,s1,R2026082800060,O20260827000060,2026-08-28 12:00:00.000000,16250
t_demo,demo_20260921_v1,s1,R2026082800061,O20260827000061,2026-08-28 12:00:00.000000,16250
t_demo,demo_20260921_v1,s1,R2026082800062,O20260827000062,2026-08-28 12:00:00.000000,16250
t_demo,demo_20260921_v1,s1,R2026082800063,O20260827000063,2026-08-28 12:00:00.000000,16250
t_demo,demo_20260921_v1,s1,R2026082800064,O20260827000064,2026-08-28 12:00:00.000000,16250
t_demo,demo_20260921_v1,s1,R2026082800065,O20260827000065,2026-08-28 12:00:00.000000,16250
t_demo,demo_20260921_v1,s1,R2026082800066,O20260827000066,2026-08-28 12:00:00.000000,16250
t_demo,demo_20260921_v1,s1,R2026082800067,O20260827000067,2026-08-28 12:00:00.000000,16250
t_demo,demo_20260921_v1,s1,R2026082800068,O20260827000068,2026-08-28 12:00:00.000000,16250
t_demo,demo_20260921_v1,s1,R2026082800069,O20260827000069,2026-08-28 12:00:00.000000,16250
t_demo,demo_20260921_v1,s1,R2026082800070,O20260827000070,2026-08-28 12:00:00.000000,16250
t_demo,demo_20260921_v1,s1,R2026082800071,O20260827000071,2026-08-28 12:00:00.000000,16250
t_demo,demo_20260921_v1,s1,R2026082800072,O20260827000072,2026-08-28 12:00:00.000000,16250
t_demo,demo_20260921_v1,s1,R2026082800073,O20260827000073,2026-08-28 12:00:00.000000,16250
t_demo,demo_20260921_v1,s1,R2026082800074,O20260827000074,2026-08-28 12:00:00.000000,16250
t_demo,demo_20260921_v1,s1,R2026082800075,O20260827000075,2026-08-28 12:00:00.000000,16250
t_demo,demo_20260921_v1,s1,R2026082800076,O20260827000076,2026-08-28 12:00:00.000000,16250
t_demo,demo_20260921_v1,s1,R2026082800077,O20260827000077,2026-08-28 12:00:00.000000,16250
t_demo,demo_20260921_v1,s1,R2026082800078,O20260827000078,2026-08-28 12:00:00.000000,16250
t_demo,demo_20260921_v1,s1,R2026082800079,O20260827000079,2026-08-28 12:00:00.000000,16250
t_demo,demo_20260921_v1,s1,R2026082800080,O20260827000080,2026-08-28 12:00:00.000000,16250
t_demo,demo_20260921_v1,s1,R2026082900001,O20260828000001,2026-08-29 12:00:00.000000,16250
t_demo,demo_20260921_v1,s1,R2026082900002,O20260828000002,2026-08-29 12:00:00.000000,16250
t_demo,demo_20260921_v1,s1,R2026082900003,O20260828000003,2026-08-29 12:00:00.000000,16250
t_demo,demo_20260921_v1,s1,R2026082900004,O20260828000004,2026-08-29 12:00:00.000000,16250
t_demo,demo_20260921_v1,s1,R2026082900005,O20260828000005,2026-08-29 12:00:00.000000,16250
t_demo,demo_20260921_v1,s1,R2026082900006,O20260828000006,2026-08-29 12:00:00.000000,16250
t_demo,demo_20260921_v1,s1,R2026082900007,O20260828000007,2026-08-29 12:00:00.000000,16250
t_demo,demo_20260921_v1,s1,R2026082900008,O20260828000008,2026-08-29 12:00:00.000000,16250
t_demo,demo_20260921_v1,s1,R2026082900009,O20260828000009,2026-08-29 12:00:00.000000,16250
t_demo,demo_20260921_v1,s1,R2026082900010,O20260828000010,2026-08-29 12:00:00.000000,16250
t_demo,demo_20260921_v1,s1,R2026082900011,O20260828000011,2026-08-29 12:00:00.000000,16250
t_demo,demo_20260921_v1,s1,R2026082900012,O20260828000012,2026-08-29 12:00:00.000000,16250
t_demo,demo_20260921_v1,s1,R2026082900013,O20260828000013,2026-08-29 12:00:00.000000,16250
t_demo,demo_20260921_v1,s1,R2026082900014,O20260828000014,2026-08-29 12:00:00.000000,16250
t_demo,demo_20260921_v1,s1,R2026082900015,O20260828000015,2026-08-29 12:00:00.000000,16250
t_demo,demo_20260921_v1,s1,R2026082900016,O20260828000016,2026-08-29 12:00:00.000000,16250
t_demo,demo_20260921_v1,s1,R2026082900017,O20260828000017,2026-08-29 12:00:00.000000,16250
t_demo,demo_20260921_v1,s1,R2026082900018,O20260828000018,2026-08-29 12:00:00.000000,16250
t_demo,demo_20260921_v1,s1,R2026082900019,O20260828000019,2026-08-29 12:00:00.000000,16250
t_demo,demo_20260921_v1,s1,R2026082900020,O20260828000020,2026-08-29 12:00:00.000000,16250
t_demo,demo_20260921_v1,s1,R2026082900021,O20260828000021,2026-08-29 12:00:00.000000,16250
t_demo,demo_20260921_v1,s1,R2026082900022,O20260828000022,2026-08-29 12:00:00.000000,16250
t_demo,demo_20260921_v1,s1,R2026082900023,O20260828000023,2026-08-29 12:00:00.000000,16250
t_demo,demo_20260921_v1,s1,R2026082900024,O20260828000024,2026-08-29 12:00:00.000000,16250
t_demo,demo_20260921_v1,s1,R2026082900025,O20260828000025,2026-08-29 12:00:00.000000,16250
t_demo,demo_20260921_v1,s1,R2026082900026,O20260828000026,2026-08-29 12:00:00.000000,16250
t_demo,demo_20260921_v1,s1,R2026082900027,O20260828000027,2026-08-29 12:00:00.000000,16250
t_demo,demo_20260921_v1,s1,R2026082900028,O20260828000028,2026-08-29 12:00:00.000000,16250
t_demo,demo_20260921_v1,s1,R2026082900029,O20260828000029,2026-08-29 12:00:00.000000,16250
t_demo,demo_20260921_v1,s1,R2026082900030,O20260828000030,2026-08-29 12:00:00.000000,16250
t_demo,demo_20260921_v1,s1,R2026082900031,O20260828000031,2026-08-29 12:00:00.000000,16250
t_demo,demo_20260921_v1,s1,R2026082900032,O20260828000032,2026-08-29 12:00:00.000000,16250
t_demo,demo_20260921_v1,s1,R2026082900033,O20260828000033,2026-08-29 12:00:00.000000,16250
t_demo,demo_20260921_v1,s1,R2026082900034,O20260828000034,2026-08-29 12:00:00.000000,16250
t_demo,demo_20260921_v1,s1,R2026082900035,O20260828000035,2026-08-29 12:00:00.000000,16250
t_demo,demo_20260921_v1,s1,R2026082900036,O20260828000036,2026-08-29 12:00:00.000000,16250
t_demo,demo_20260921_v1,s1,R2026082900037,O20260828000037,2026-08-29 12:00:00.000000,16250
t_demo,demo_20260921_v1,s1,R2026082900038,O20260828000038,2026-08-29 12:00:00.000000,16250
t_demo,demo_20260921_v1,s1,R2026082900039,O20260828000039,2026-08-29 12:00:00.000000,16250
t_demo,demo_20260921_v1,s1,R2026082900040,O20260828000040,2026-08-29 12:00:00.000000,16250
t_demo,demo_20260921_v1,s1,R2026082900041,O20260828000041,2026-08-29 12:00:00.000000,16250
t_demo,demo_20260921_v1,s1,R2026082900042,O20260828000042,2026-08-29 12:00:00.000000,16250
t_demo,demo_20260921_v1,s1,R2026082900043,O20260828000043,2026-08-29 12:00:00.000000,16250
t_demo,demo_20260921_v1,s1,R2026082900044,O20260828000044,2026-08-29 12:00:00.000000,16250
t_demo,demo_20260921_v1,s1,R2026082900045,O20260828000045,2026-08-29 12:00:00.000000,16250
t_demo,demo_20260921_v1,s1,R2026082900046,O20260828000046,2026-08-29 12:00:00.000000,16250
t_demo,demo_20260921_v1,s1,R2026082900047,O20260828000047,2026-08-29 12:00:00.000000,16250
t_demo,demo_20260921_v1,s1,R2026082900048,O20260828000048,2026-08-29 12:00:00.000000,16250
t_demo,demo_20260921_v1,s1,R2026082900049,O20260828000049,2026-08-29 12:00:00.000000,16250
t_demo,demo_20260921_v1,s1,R2026082900050,O20260828000050,2026-08-29 12:00:00.000000,16250
t_demo,demo_20260921_v1,s1,R2026082900051,O20260828000051,2026-08-29 12:00:00.000000,16250
t_demo,demo_20260921_v1,s1,R2026082900052,O20260828000052,2026-08-29 12:00:00.000000,16250
t_demo,demo_20260921_v1,s1,R2026082900053,O20260828000053,2026-08-29 12:00:00.000000,16250
t_demo,demo_20260921_v1,s1,R2026082900054,O20260828000054,2026-08-29 12:00:00.000000,16250
t_demo,demo_20260921_v1,s1,R2026082900055,O20260828000055,2026-08-29 12:00:00.000000,16250
t_demo,demo_20260921_v1,s1,R2026082900056,O20260828000056,2026-08-29 12:00:00.000000,16250
t_demo,demo_20260921_v1,s1,R2026082900057,O20260828000057,2026-08-29 12:00:00.000000,16250
t_demo,demo_20260921_v1,s1,R2026082900058,O20260828000058,2026-08-29 12:00:00.000000,16250
t_demo,demo_20260921_v1,s1,R2026082900059,O20260828000059,2026-08-29 12:00:00.000000,16250
t_demo,demo_20260921_v1,s1,R2026082900060,O20260828000060,2026-08-29 12:00:00.000000,16250
t_demo,demo_20260921_v1,s1,R2026082900061,O20260828000061,2026-08-29 12:00:00.000000,16250
t_demo,demo_20260921_v1,s1,R2026082900062,O20260828000062,2026-08-29 12:00:00.000000,16250
t_demo,demo_20260921_v1,s1,R2026082900063,O20260828000063,2026-08-29 12:00:00.000000,16250
t_demo,demo_20260921_v1,s1,R2026082900064,O20260828000064,2026-08-29 12:00:00.000000,16250
t_demo,demo_20260921_v1,s1,R2026082900065,O20260828000065,2026-08-29 12:00:00.000000,16250
t_demo,demo_20260921_v1,s1,R2026082900066,O20260828000066,2026-08-29 12:00:00.000000,16250
t_demo,demo_20260921_v1,s1,R2026082900067,O20260828000067,2026-08-29 12:00:00.000000,16250
t_demo,demo_20260921_v1,s1,R2026082900068,O20260828000068,2026-08-29 12:00:00.000000,16250
t_demo,demo_20260921_v1,s1,R2026082900069,O20260828000069,2026-08-29 12:00:00.000000,16250
t_demo,demo_20260921_v1,s1,R2026082900070,O20260828000070,2026-08-29 12:00:00.000000,16250
t_demo,demo_20260921_v1,s1,R2026082900071,O20260828000071,2026-08-29 12:00:00.000000,16250
t_demo,demo_20260921_v1,s1,R2026082900072,O20260828000072,2026-08-29 12:00:00.000000,16250
t_demo,demo_20260921_v1,s1,R2026082900073,O20260828000073,2026-08-29 12:00:00.000000,16250
t_demo,demo_20260921_v1,s1,R2026082900074,O20260828000074,2026-08-29 12:00:00.000000,16250
t_demo,demo_20260921_v1,s1,R2026082900075,O20260828000075,2026-08-29 12:00:00.000000,16250
t_demo,demo_20260921_v1,s1,R2026082900076,O20260828000076,2026-08-29 12:00:00.000000,16250
t_demo,demo_20260921_v1,s1,R2026082900077,O20260828000077,2026-08-29 12:00:00.000000,16250
t_demo,demo_20260921_v1,s1,R2026082900078,O20260828000078,2026-08-29 12:00:00.000000,16250
t_demo,demo_20260921_v1,s1,R2026082900079,O20260828000079,2026-08-29 12:00:00.000000,16250
t_demo,demo_20260921_v1,s1,R2026082900080,O20260828000080,2026-08-29 12:00:00.000000,16250
t_demo,demo_20260921_v1,s1,R2026083000001,O20260829000001,2026-08-30 12:00:00.000000,16250
t_demo,demo_20260921_v1,s1,R2026083000002,O20260829000002,2026-08-30 12:00:00.000000,16250
t_demo,demo_20260921_v1,s1,R2026083000003,O20260829000003,2026-08-30 12:00:00.000000,16250
t_demo,demo_20260921_v1,s1,R2026083000004,O20260829000004,2026-08-30 12:00:00.000000,16250
t_demo,demo_20260921_v1,s1,R2026083000005,O20260829000005,2026-08-30 12:00:00.000000,16250
t_demo,demo_20260921_v1,s1,R2026083000006,O20260829000006,2026-08-30 12:00:00.000000,16250
t_demo,demo_20260921_v1,s1,R2026083000007,O20260829000007,2026-08-30 12:00:00.000000,16250
t_demo,demo_20260921_v1,s1,R2026083000008,O20260829000008,2026-08-30 12:00:00.000000,16250
t_demo,demo_20260921_v1,s1,R2026083000009,O20260829000009,2026-08-30 12:00:00.000000,16250
t_demo,demo_20260921_v1,s1,R2026083000010,O20260829000010,2026-08-30 12:00:00.000000,16250
t_demo,demo_20260921_v1,s1,R2026083000011,O20260829000011,2026-08-30 12:00:00.000000,16250
t_demo,demo_20260921_v1,s1,R2026083000012,O20260829000012,2026-08-30 12:00:00.000000,16250
t_demo,demo_20260921_v1,s1,R2026083000013,O20260829000013,2026-08-30 12:00:00.000000,16250
t_demo,demo_20260921_v1,s1,R2026083000014,O20260829000014,2026-08-30 12:00:00.000000,16250
t_demo,demo_20260921_v1,s1,R2026083000015,O20260829000015,2026-08-30 12:00:00.000000,16250
t_demo,demo_20260921_v1,s1,R2026083000016,O20260829000016,2026-08-30 12:00:00.000000,16250
t_demo,demo_20260921_v1,s1,R2026083000017,O20260829000017,2026-08-30 12:00:00.000000,16250
t_demo,demo_20260921_v1,s1,R2026083000018,O20260829000018,2026-08-30 12:00:00.000000,16250
t_demo,demo_20260921_v1,s1,R2026083000019,O20260829000019,2026-08-30 12:00:00.000000,16250
t_demo,demo_20260921_v1,s1,R2026083000020,O20260829000020,2026-08-30 12:00:00.000000,16250
t_demo,demo_20260921_v1,s1,R2026083000021,O20260829000021,2026-08-30 12:00:00.000000,16250
t_demo,demo_20260921_v1,s1,R2026083000022,O20260829000022,2026-08-30 12:00:00.000000,16250
t_demo,demo_20260921_v1,s1,R2026083000023,O20260829000023,2026-08-30 12:00:00.000000,16250
t_demo,demo_20260921_v1,s1,R2026083000024,O20260829000024,2026-08-30 12:00:00.000000,16250
t_demo,demo_20260921_v1,s1,R2026083000025,O20260829000025,2026-08-30 12:00:00.000000,16250
t_demo,demo_20260921_v1,s1,R2026083000026,O20260829000026,2026-08-30 12:00:00.000000,16250
t_demo,demo_20260921_v1,s1,R2026083000027,O20260829000027,2026-08-30 12:00:00.000000,16250
t_demo,demo_20260921_v1,s1,R2026083000028,O20260829000028,2026-08-30 12:00:00.000000,16250
t_demo,demo_20260921_v1,s1,R2026083000029,O20260829000029,2026-08-30 12:00:00.000000,16250
t_demo,demo_20260921_v1,s1,R2026083000030,O20260829000030,2026-08-30 12:00:00.000000,16250
t_demo,demo_20260921_v1,s1,R2026083000031,O20260829000031,2026-08-30 12:00:00.000000,16250
t_demo,demo_20260921_v1,s1,R2026083000032,O20260829000032,2026-08-30 12:00:00.000000,16250
t_demo,demo_20260921_v1,s1,R2026083000033,O20260829000033,2026-08-30 12:00:00.000000,16250
t_demo,demo_20260921_v1,s1,R2026083000034,O20260829000034,2026-08-30 12:00:00.000000,16250
t_demo,demo_20260921_v1,s1,R2026083000035,O20260829000035,2026-08-30 12:00:00.000000,16250
t_demo,demo_20260921_v1,s1,R2026083000036,O20260829000036,2026-08-30 12:00:00.000000,16250
t_demo,demo_20260921_v1,s1,R2026083000037,O20260829000037,2026-08-30 12:00:00.000000,16250
t_demo,demo_20260921_v1,s1,R2026083000038,O20260829000038,2026-08-30 12:00:00.000000,16250
t_demo,demo_20260921_v1,s1,R2026083000039,O20260829000039,2026-08-30 12:00:00.000000,16250
t_demo,demo_20260921_v1,s1,R2026083000040,O20260829000040,2026-08-30 12:00:00.000000,16250
t_demo,demo_20260921_v1,s1,R2026083000041,O20260829000041,2026-08-30 12:00:00.000000,16250
t_demo,demo_20260921_v1,s1,R2026083000042,O20260829000042,2026-08-30 12:00:00.000000,16250
t_demo,demo_20260921_v1,s1,R2026083000043,O20260829000043,2026-08-30 12:00:00.000000,16250
t_demo,demo_20260921_v1,s1,R2026083000044,O20260829000044,2026-08-30 12:00:00.000000,16250
t_demo,demo_20260921_v1,s1,R2026083000045,O20260829000045,2026-08-30 12:00:00.000000,16250
t_demo,demo_20260921_v1,s1,R2026083000046,O20260829000046,2026-08-30 12:00:00.000000,16250
t_demo,demo_20260921_v1,s1,R2026083000047,O20260829000047,2026-08-30 12:00:00.000000,16250
t_demo,demo_20260921_v1,s1,R2026083000048,O20260829000048,2026-08-30 12:00:00.000000,16250
t_demo,demo_20260921_v1,s1,R2026083000049,O20260829000049,2026-08-30 12:00:00.000000,16250
t_demo,demo_20260921_v1,s1,R2026083000050,O20260829000050,2026-08-30 12:00:00.000000,16250
t_demo,demo_20260921_v1,s1,R2026083000051,O20260829000051,2026-08-30 12:00:00.000000,16250
t_demo,demo_20260921_v1,s1,R2026083000052,O20260829000052,2026-08-30 12:00:00.000000,16250
t_demo,demo_20260921_v1,s1,R2026083000053,O20260829000053,2026-08-30 12:00:00.000000,16250
t_demo,demo_20260921_v1,s1,R2026083000054,O20260829000054,2026-08-30 12:00:00.000000,16250
t_demo,demo_20260921_v1,s1,R2026083000055,O20260829000055,2026-08-30 12:00:00.000000,16250
t_demo,demo_20260921_v1,s1,R2026083000056,O20260829000056,2026-08-30 12:00:00.000000,16250
t_demo,demo_20260921_v1,s1,R2026083000057,O20260829000057,2026-08-30 12:00:00.000000,16250
t_demo,demo_20260921_v1,s1,R2026083000058,O20260829000058,2026-08-30 12:00:00.000000,16250
t_demo,demo_20260921_v1,s1,R2026083000059,O20260829000059,2026-08-30 12:00:00.000000,16250
t_demo,demo_20260921_v1,s1,R2026083000060,O20260829000060,2026-08-30 12:00:00.000000,16250
t_demo,demo_20260921_v1,s1,R2026083000061,O20260829000061,2026-08-30 12:00:00.000000,16250
t_demo,demo_20260921_v1,s1,R2026083000062,O20260829000062,2026-08-30 12:00:00.000000,16250
t_demo,demo_20260921_v1,s1,R2026083000063,O20260829000063,2026-08-30 12:00:00.000000,16250
t_demo,demo_20260921_v1,s1,R2026083000064,O20260829000064,2026-08-30 12:00:00.000000,16250
t_demo,demo_20260921_v1,s1,R2026083000065,O20260829000065,2026-08-30 12:00:00.000000,16250
t_demo,demo_20260921_v1,s1,R2026083000066,O20260829000066,2026-08-30 12:00:00.000000,16250
t_demo,demo_20260921_v1,s1,R2026083000067,O20260829000067,2026-08-30 12:00:00.000000,16250
t_demo,demo_20260921_v1,s1,R2026083000068,O20260829000068,2026-08-30 12:00:00.000000,16250
t_demo,demo_20260921_v1,s1,R2026083000069,O20260829000069,2026-08-30 12:00:00.000000,16250
t_demo,demo_20260921_v1,s1,R2026083000070,O20260829000070,2026-08-30 12:00:00.000000,16250
t_demo,demo_20260921_v1,s1,R2026083000071,O20260829000071,2026-08-30 12:00:00.000000,16250
t_demo,demo_20260921_v1,s1,R2026083000072,O20260829000072,2026-08-30 12:00:00.000000,16250
t_demo,demo_20260921_v1,s1,R2026083000073,O20260829000073,2026-08-30 12:00:00.000000,16250
t_demo,demo_20260921_v1,s1,R2026083000074,O20260829000074,2026-08-30 12:00:00.000000,16250
t_demo,demo_20260921_v1,s1,R2026083000075,O20260829000075,2026-08-30 12:00:00.000000,16250
t_demo,demo_20260921_v1,s1,R2026083000076,O20260829000076,2026-08-30 12:00:00.000000,16250
t_demo,demo_20260921_v1,s1,R2026083000077,O20260829000077,2026-08-30 12:00:00.000000,16250
t_demo,demo_20260921_v1,s1,R2026083000078,O20260829000078,2026-08-30 12:00:00.000000,16250
t_demo,demo_20260921_v1,s1,R2026083000079,O20260829000079,2026-08-30 12:00:00.000000,16250
t_demo,demo_20260921_v1,s1,R2026083000080,O20260829000080,2026-08-30 12:00:00.000000,16250
t_demo,demo_20260921_v1,s1,R2026083100001,O20260830000001,2026-08-31 12:00:00.000000,16250
t_demo,demo_20260921_v1,s1,R2026083100002,O20260830000002,2026-08-31 12:00:00.000000,16250
t_demo,demo_20260921_v1,s1,R2026083100003,O20260830000003,2026-08-31 12:00:00.000000,16250
t_demo,demo_20260921_v1,s1,R2026083100004,O20260830000004,2026-08-31 12:00:00.000000,16250
t_demo,demo_20260921_v1,s1,R2026083100005,O20260830000005,2026-08-31 12:00:00.000000,16250
t_demo,demo_20260921_v1,s1,R2026083100006,O20260830000006,2026-08-31 12:00:00.000000,16250
t_demo,demo_20260921_v1,s1,R2026083100007,O20260830000007,2026-08-31 12:00:00.000000,16250
t_demo,demo_20260921_v1,s1,R2026083100008,O20260830000008,2026-08-31 12:00:00.000000,16250
t_demo,demo_20260921_v1,s1,R2026083100009,O20260830000009,2026-08-31 12:00:00.000000,16250
t_demo,demo_20260921_v1,s1,R2026083100010,O20260830000010,2026-08-31 12:00:00.000000,16250
t_demo,demo_20260921_v1,s1,R2026083100011,O20260830000011,2026-08-31 12:00:00.000000,16250
t_demo,demo_20260921_v1,s1,R2026083100012,O20260830000012,2026-08-31 12:00:00.000000,16250
t_demo,demo_20260921_v1,s1,R2026083100013,O20260830000013,2026-08-31 12:00:00.000000,16250
t_demo,demo_20260921_v1,s1,R2026083100014,O20260830000014,2026-08-31 12:00:00.000000,16250
t_demo,demo_20260921_v1,s1,R2026083100015,O20260830000015,2026-08-31 12:00:00.000000,16250
t_demo,demo_20260921_v1,s1,R2026083100016,O20260830000016,2026-08-31 12:00:00.000000,16250
t_demo,demo_20260921_v1,s1,R2026083100017,O20260830000017,2026-08-31 12:00:00.000000,16250
t_demo,demo_20260921_v1,s1,R2026083100018,O20260830000018,2026-08-31 12:00:00.000000,16250
t_demo,demo_20260921_v1,s1,R2026083100019,O20260830000019,2026-08-31 12:00:00.000000,16250
t_demo,demo_20260921_v1,s1,R2026083100020,O20260830000020,2026-08-31 12:00:00.000000,16250
t_demo,demo_20260921_v1,s1,R2026083100021,O20260830000021,2026-08-31 12:00:00.000000,16250
t_demo,demo_20260921_v1,s1,R2026083100022,O20260830000022,2026-08-31 12:00:00.000000,16250
t_demo,demo_20260921_v1,s1,R2026083100023,O20260830000023,2026-08-31 12:00:00.000000,16250
t_demo,demo_20260921_v1,s1,R2026083100024,O20260830000024,2026-08-31 12:00:00.000000,16250
t_demo,demo_20260921_v1,s1,R2026083100025,O20260830000025,2026-08-31 12:00:00.000000,16250
t_demo,demo_20260921_v1,s1,R2026083100026,O20260830000026,2026-08-31 12:00:00.000000,16250
t_demo,demo_20260921_v1,s1,R2026083100027,O20260830000027,2026-08-31 12:00:00.000000,16250
t_demo,demo_20260921_v1,s1,R2026083100028,O20260830000028,2026-08-31 12:00:00.000000,16250
t_demo,demo_20260921_v1,s1,R2026083100029,O20260830000029,2026-08-31 12:00:00.000000,16250
t_demo,demo_20260921_v1,s1,R2026083100030,O20260830000030,2026-08-31 12:00:00.000000,16250
t_demo,demo_20260921_v1,s1,R2026083100031,O20260830000031,2026-08-31 12:00:00.000000,16250
t_demo,demo_20260921_v1,s1,R2026083100032,O20260830000032,2026-08-31 12:00:00.000000,16250
t_demo,demo_20260921_v1,s1,R2026083100033,O20260830000033,2026-08-31 12:00:00.000000,16250
t_demo,demo_20260921_v1,s1,R2026083100034,O20260830000034,2026-08-31 12:00:00.000000,16250
t_demo,demo_20260921_v1,s1,R2026083100035,O20260830000035,2026-08-31 12:00:00.000000,16250
t_demo,demo_20260921_v1,s1,R2026083100036,O20260830000036,2026-08-31 12:00:00.000000,16250
t_demo,demo_20260921_v1,s1,R2026083100037,O20260830000037,2026-08-31 12:00:00.000000,16250
t_demo,demo_20260921_v1,s1,R2026083100038,O20260830000038,2026-08-31 12:00:00.000000,16250
t_demo,demo_20260921_v1,s1,R2026083100039,O20260830000039,2026-08-31 12:00:00.000000,16250
t_demo,demo_20260921_v1,s1,R2026083100040,O20260830000040,2026-08-31 12:00:00.000000,16250
t_demo,demo_20260921_v1,s1,R2026083100041,O20260830000041,2026-08-31 12:00:00.000000,16250
t_demo,demo_20260921_v1,s1,R2026083100042,O20260830000042,2026-08-31 12:00:00.000000,16250
t_demo,demo_20260921_v1,s1,R2026083100043,O20260830000043,2026-08-31 12:00:00.000000,16250
t_demo,demo_20260921_v1,s1,R2026083100044,O20260830000044,2026-08-31 12:00:00.000000,16250
t_demo,demo_20260921_v1,s1,R2026083100045,O20260830000045,2026-08-31 12:00:00.000000,16250
t_demo,demo_20260921_v1,s1,R2026083100046,O20260830000046,2026-08-31 12:00:00.000000,16250
t_demo,demo_20260921_v1,s1,R2026083100047,O20260830000047,2026-08-31 12:00:00.000000,16250
t_demo,demo_20260921_v1,s1,R2026083100048,O20260830000048,2026-08-31 12:00:00.000000,16250
t_demo,demo_20260921_v1,s1,R2026083100049,O20260830000049,2026-08-31 12:00:00.000000,16250
t_demo,demo_20260921_v1,s1,R2026083100050,O20260830000050,2026-08-31 12:00:00.000000,16250
t_demo,demo_20260921_v1,s1,R2026083100051,O20260830000051,2026-08-31 12:00:00.000000,16250
t_demo,demo_20260921_v1,s1,R2026083100052,O20260830000052,2026-08-31 12:00:00.000000,16250
t_demo,demo_20260921_v1,s1,R2026083100053,O20260830000053,2026-08-31 12:00:00.000000,16250
t_demo,demo_20260921_v1,s1,R2026083100054,O20260830000054,2026-08-31 12:00:00.000000,16250
t_demo,demo_20260921_v1,s1,R2026083100055,O20260830000055,2026-08-31 12:00:00.000000,16250
t_demo,demo_20260921_v1,s1,R2026083100056,O20260830000056,2026-08-31 12:00:00.000000,16250
t_demo,demo_20260921_v1,s1,R2026083100057,O20260830000057,2026-08-31 12:00:00.000000,16250
t_demo,demo_20260921_v1,s1,R2026083100058,O20260830000058,2026-08-31 12:00:00.000000,16250
t_demo,demo_20260921_v1,s1,R2026083100059,O20260830000059,2026-08-31 12:00:00.000000,16250
t_demo,demo_20260921_v1,s1,R2026083100060,O20260830000060,2026-08-31 12:00:00.000000,16250
t_demo,demo_20260921_v1,s1,R2026083100061,O20260830000061,2026-08-31 12:00:00.000000,16250
t_demo,demo_20260921_v1,s1,R2026083100062,O20260830000062,2026-08-31 12:00:00.000000,16250
t_demo,demo_20260921_v1,s1,R2026083100063,O20260830000063,2026-08-31 12:00:00.000000,16250
t_demo,demo_20260921_v1,s1,R2026083100064,O20260830000064,2026-08-31 12:00:00.000000,16250
t_demo,demo_20260921_v1,s1,R2026083100065,O20260830000065,2026-08-31 12:00:00.000000,16250
t_demo,demo_20260921_v1,s1,R2026083100066,O20260830000066,2026-08-31 12:00:00.000000,16250
t_demo,demo_20260921_v1,s1,R2026083100067,O20260830000067,2026-08-31 12:00:00.000000,16250
t_demo,demo_20260921_v1,s1,R2026083100068,O20260830000068,2026-08-31 12:00:00.000000,16250
t_demo,demo_20260921_v1,s1,R2026083100069,O20260830000069,2026-08-31 12:00:00.000000,16250
t_demo,demo_20260921_v1,s1,R2026083100070,O20260830000070,2026-08-31 12:00:00.000000,16250
t_demo,demo_20260921_v1,s1,R2026083100071,O20260830000071,2026-08-31 12:00:00.000000,16250
t_demo,demo_20260921_v1,s1,R2026083100072,O20260830000072,2026-08-31 12:00:00.000000,16250
t_demo,demo_20260921_v1,s1,R2026083100073,O20260830000073,2026-08-31 12:00:00.000000,16250
t_demo,demo_20260921_v1,s1,R2026083100074,O20260830000074,2026-08-31 12:00:00.000000,16250
t_demo,demo_20260921_v1,s1,R2026083100075,O20260830000075,2026-08-31 12:00:00.000000,16250
t_demo,demo_20260921_v1,s1,R2026083100076,O20260830000076,2026-08-31 12:00:00.000000,16250
t_demo,demo_20260921_v1,s1,R2026083100077,O20260830000077,2026-08-31 12:00:00.000000,16250
t_demo,demo_20260921_v1,s1,R2026083100078,O20260830000078,2026-08-31 12:00:00.000000,16250
t_demo,demo_20260921_v1,s1,R2026083100079,O20260830000079,2026-08-31 12:00:00.000000,16250
t_demo,demo_20260921_v1,s1,R2026083100080,O20260830000080,2026-08-31 12:00:00.000000,16250
t_demo,demo_20260921_v1,s1,R2026090100001,O20260831000001,2026-09-01 12:00:00.000000,16250
t_demo,demo_20260921_v1,s1,R2026090100002,O20260831000002,2026-09-01 12:00:00.000000,16250
t_demo,demo_20260921_v1,s1,R2026090100003,O20260831000003,2026-09-01 12:00:00.000000,16250
t_demo,demo_20260921_v1,s1,R2026090100004,O20260831000004,2026-09-01 12:00:00.000000,16250
t_demo,demo_20260921_v1,s1,R2026090100005,O20260831000005,2026-09-01 12:00:00.000000,16250
t_demo,demo_20260921_v1,s1,R2026090100006,O20260831000006,2026-09-01 12:00:00.000000,16250
t_demo,demo_20260921_v1,s1,R2026090100007,O20260831000007,2026-09-01 12:00:00.000000,16250
t_demo,demo_20260921_v1,s1,R2026090100008,O20260831000008,2026-09-01 12:00:00.000000,16250
t_demo,demo_20260921_v1,s1,R2026090100009,O20260831000009,2026-09-01 12:00:00.000000,16250
t_demo,demo_20260921_v1,s1,R2026090100010,O20260831000010,2026-09-01 12:00:00.000000,16250
t_demo,demo_20260921_v1,s1,R2026090100011,O20260831000011,2026-09-01 12:00:00.000000,16250
t_demo,demo_20260921_v1,s1,R2026090100012,O20260831000012,2026-09-01 12:00:00.000000,16250
t_demo,demo_20260921_v1,s1,R2026090100013,O20260831000013,2026-09-01 12:00:00.000000,16250
t_demo,demo_20260921_v1,s1,R2026090100014,O20260831000014,2026-09-01 12:00:00.000000,16250
t_demo,demo_20260921_v1,s1,R2026090100015,O20260831000015,2026-09-01 12:00:00.000000,16250
t_demo,demo_20260921_v1,s1,R2026090100016,O20260831000016,2026-09-01 12:00:00.000000,16250
t_demo,demo_20260921_v1,s1,R2026090100017,O20260831000017,2026-09-01 12:00:00.000000,16250
t_demo,demo_20260921_v1,s1,R2026090100018,O20260831000018,2026-09-01 12:00:00.000000,16250
t_demo,demo_20260921_v1,s1,R2026090100019,O20260831000019,2026-09-01 12:00:00.000000,16250
t_demo,demo_20260921_v1,s1,R2026090100020,O20260831000020,2026-09-01 12:00:00.000000,16250
t_demo,demo_20260921_v1,s1,R2026090100021,O20260831000021,2026-09-01 12:00:00.000000,16250
t_demo,demo_20260921_v1,s1,R2026090100022,O20260831000022,2026-09-01 12:00:00.000000,16250
t_demo,demo_20260921_v1,s1,R2026090100023,O20260831000023,2026-09-01 12:00:00.000000,16250
t_demo,demo_20260921_v1,s1,R2026090100024,O20260831000024,2026-09-01 12:00:00.000000,16250
t_demo,demo_20260921_v1,s1,R2026090100025,O20260831000025,2026-09-01 12:00:00.000000,16250
t_demo,demo_20260921_v1,s1,R2026090100026,O20260831000026,2026-09-01 12:00:00.000000,16250
t_demo,demo_20260921_v1,s1,R2026090100027,O20260831000027,2026-09-01 12:00:00.000000,16250
t_demo,demo_20260921_v1,s1,R2026090100028,O20260831000028,2026-09-01 12:00:00.000000,16250
t_demo,demo_20260921_v1,s1,R2026090100029,O20260831000029,2026-09-01 12:00:00.000000,16250
t_demo,demo_20260921_v1,s1,R2026090100030,O20260831000030,2026-09-01 12:00:00.000000,16250
t_demo,demo_20260921_v1,s1,R2026090100031,O20260831000031,2026-09-01 12:00:00.000000,16250
t_demo,demo_20260921_v1,s1,R2026090100032,O20260831000032,2026-09-01 12:00:00.000000,16250
t_demo,demo_20260921_v1,s1,R2026090100033,O20260831000033,2026-09-01 12:00:00.000000,16250
t_demo,demo_20260921_v1,s1,R2026090100034,O20260831000034,2026-09-01 12:00:00.000000,16250
t_demo,demo_20260921_v1,s1,R2026090100035,O20260831000035,2026-09-01 12:00:00.000000,16250
t_demo,demo_20260921_v1,s1,R2026090100036,O20260831000036,2026-09-01 12:00:00.000000,16250
t_demo,demo_20260921_v1,s1,R2026090100037,O20260831000037,2026-09-01 12:00:00.000000,16250
t_demo,demo_20260921_v1,s1,R2026090100038,O20260831000038,2026-09-01 12:00:00.000000,16250
t_demo,demo_20260921_v1,s1,R2026090100039,O20260831000039,2026-09-01 12:00:00.000000,16250
t_demo,demo_20260921_v1,s1,R2026090100040,O20260831000040,2026-09-01 12:00:00.000000,16250
t_demo,demo_20260921_v1,s1,R2026090100041,O20260831000041,2026-09-01 12:00:00.000000,16250
t_demo,demo_20260921_v1,s1,R2026090100042,O20260831000042,2026-09-01 12:00:00.000000,16250
t_demo,demo_20260921_v1,s1,R2026090100043,O20260831000043,2026-09-01 12:00:00.000000,16250
t_demo,demo_20260921_v1,s1,R2026090100044,O20260831000044,2026-09-01 12:00:00.000000,16250
t_demo,demo_20260921_v1,s1,R2026090100045,O20260831000045,2026-09-01 12:00:00.000000,16250
t_demo,demo_20260921_v1,s1,R2026090100046,O20260831000046,2026-09-01 12:00:00.000000,16250
t_demo,demo_20260921_v1,s1,R2026090100047,O20260831000047,2026-09-01 12:00:00.000000,16250
t_demo,demo_20260921_v1,s1,R2026090100048,O20260831000048,2026-09-01 12:00:00.000000,16250
t_demo,demo_20260921_v1,s1,R2026090100049,O20260831000049,2026-09-01 12:00:00.000000,16250
t_demo,demo_20260921_v1,s1,R2026090100050,O20260831000050,2026-09-01 12:00:00.000000,16250
t_demo,demo_20260921_v1,s1,R2026090100051,O20260831000051,2026-09-01 12:00:00.000000,16250
t_demo,demo_20260921_v1,s1,R2026090100052,O20260831000052,2026-09-01 12:00:00.000000,16250
t_demo,demo_20260921_v1,s1,R2026090100053,O20260831000053,2026-09-01 12:00:00.000000,16250
t_demo,demo_20260921_v1,s1,R2026090100054,O20260831000054,2026-09-01 12:00:00.000000,16250
t_demo,demo_20260921_v1,s1,R2026090100055,O20260831000055,2026-09-01 12:00:00.000000,16250
t_demo,demo_20260921_v1,s1,R2026090100056,O20260831000056,2026-09-01 12:00:00.000000,16250
t_demo,demo_20260921_v1,s1,R2026090100057,O20260831000057,2026-09-01 12:00:00.000000,16250
t_demo,demo_20260921_v1,s1,R2026090100058,O20260831000058,2026-09-01 12:00:00.000000,16250
t_demo,demo_20260921_v1,s1,R2026090100059,O20260831000059,2026-09-01 12:00:00.000000,16250
t_demo,demo_20260921_v1,s1,R2026090100060,O20260831000060,2026-09-01 12:00:00.000000,16250
t_demo,demo_20260921_v1,s1,R2026090100061,O20260831000061,2026-09-01 12:00:00.000000,16250
t_demo,demo_20260921_v1,s1,R2026090100062,O20260831000062,2026-09-01 12:00:00.000000,16250
t_demo,demo_20260921_v1,s1,R2026090100063,O20260831000063,2026-09-01 12:00:00.000000,16250
t_demo,demo_20260921_v1,s1,R2026090100064,O20260831000064,2026-09-01 12:00:00.000000,16250
t_demo,demo_20260921_v1,s1,R2026090100065,O20260831000065,2026-09-01 12:00:00.000000,16250
t_demo,demo_20260921_v1,s1,R2026090100066,O20260831000066,2026-09-01 12:00:00.000000,16250
t_demo,demo_20260921_v1,s1,R2026090100067,O20260831000067,2026-09-01 12:00:00.000000,16250
t_demo,demo_20260921_v1,s1,R2026090100068,O20260831000068,2026-09-01 12:00:00.000000,16250
t_demo,demo_20260921_v1,s1,R2026090100069,O20260831000069,2026-09-01 12:00:00.000000,16250
t_demo,demo_20260921_v1,s1,R2026090100070,O20260831000070,2026-09-01 12:00:00.000000,16250
t_demo,demo_20260921_v1,s1,R2026090100071,O20260831000071,2026-09-01 12:00:00.000000,16250
t_demo,demo_20260921_v1,s1,R2026090100072,O20260831000072,2026-09-01 12:00:00.000000,16250
t_demo,demo_20260921_v1,s1,R2026090100073,O20260831000073,2026-09-01 12:00:00.000000,16250
t_demo,demo_20260921_v1,s1,R2026090100074,O20260831000074,2026-09-01 12:00:00.000000,16250
t_demo,demo_20260921_v1,s1,R2026090100075,O20260831000075,2026-09-01 12:00:00.000000,16250
t_demo,demo_20260921_v1,s1,R2026090100076,O20260831000076,2026-09-01 12:00:00.000000,16250
t_demo,demo_20260921_v1,s1,R2026090100077,O20260831000077,2026-09-01 12:00:00.000000,16250
t_demo,demo_20260921_v1,s1,R2026090100078,O20260831000078,2026-09-01 12:00:00.000000,16250
t_demo,demo_20260921_v1,s1,R2026090100079,O20260831000079,2026-09-01 12:00:00.000000,16250
t_demo,demo_20260921_v1,s1,R2026090100080,O20260831000080,2026-09-01 12:00:00.000000,16250
t_demo,demo_20260921_v1,s1,R2026090200001,O20260901000001,2026-09-02 12:00:00.000000,16250
t_demo,demo_20260921_v1,s1,R2026090200002,O20260901000002,2026-09-02 12:00:00.000000,16250
t_demo,demo_20260921_v1,s1,R2026090200003,O20260901000003,2026-09-02 12:00:00.000000,16250
t_demo,demo_20260921_v1,s1,R2026090200004,O20260901000004,2026-09-02 12:00:00.000000,16250
t_demo,demo_20260921_v1,s1,R2026090200005,O20260901000005,2026-09-02 12:00:00.000000,16250
t_demo,demo_20260921_v1,s1,R2026090200006,O20260901000006,2026-09-02 12:00:00.000000,16250
t_demo,demo_20260921_v1,s1,R2026090200007,O20260901000007,2026-09-02 12:00:00.000000,16250
t_demo,demo_20260921_v1,s1,R2026090200008,O20260901000008,2026-09-02 12:00:00.000000,16250
t_demo,demo_20260921_v1,s1,R2026090200009,O20260901000009,2026-09-02 12:00:00.000000,16250
t_demo,demo_20260921_v1,s1,R2026090200010,O20260901000010,2026-09-02 12:00:00.000000,16250
t_demo,demo_20260921_v1,s1,R2026090200011,O20260901000011,2026-09-02 12:00:00.000000,16250
t_demo,demo_20260921_v1,s1,R2026090200012,O20260901000012,2026-09-02 12:00:00.000000,16250
t_demo,demo_20260921_v1,s1,R2026090200013,O20260901000013,2026-09-02 12:00:00.000000,16250
t_demo,demo_20260921_v1,s1,R2026090200014,O20260901000014,2026-09-02 12:00:00.000000,16250
t_demo,demo_20260921_v1,s1,R2026090200015,O20260901000015,2026-09-02 12:00:00.000000,16250
t_demo,demo_20260921_v1,s1,R2026090200016,O20260901000016,2026-09-02 12:00:00.000000,16250
t_demo,demo_20260921_v1,s1,R2026090200017,O20260901000017,2026-09-02 12:00:00.000000,16250
t_demo,demo_20260921_v1,s1,R2026090200018,O20260901000018,2026-09-02 12:00:00.000000,16250
t_demo,demo_20260921_v1,s1,R2026090200019,O20260901000019,2026-09-02 12:00:00.000000,16250
t_demo,demo_20260921_v1,s1,R2026090200020,O20260901000020,2026-09-02 12:00:00.000000,16250
t_demo,demo_20260921_v1,s1,R2026090200021,O20260901000021,2026-09-02 12:00:00.000000,16250
t_demo,demo_20260921_v1,s1,R2026090200022,O20260901000022,2026-09-02 12:00:00.000000,16250
t_demo,demo_20260921_v1,s1,R2026090200023,O20260901000023,2026-09-02 12:00:00.000000,16250
t_demo,demo_20260921_v1,s1,R2026090200024,O20260901000024,2026-09-02 12:00:00.000000,16250
t_demo,demo_20260921_v1,s1,R2026090200025,O20260901000025,2026-09-02 12:00:00.000000,16250
t_demo,demo_20260921_v1,s1,R2026090200026,O20260901000026,2026-09-02 12:00:00.000000,16250
t_demo,demo_20260921_v1,s1,R2026090200027,O20260901000027,2026-09-02 12:00:00.000000,16250
t_demo,demo_20260921_v1,s1,R2026090200028,O20260901000028,2026-09-02 12:00:00.000000,16250
t_demo,demo_20260921_v1,s1,R2026090200029,O20260901000029,2026-09-02 12:00:00.000000,16250
t_demo,demo_20260921_v1,s1,R2026090200030,O20260901000030,2026-09-02 12:00:00.000000,16250
t_demo,demo_20260921_v1,s1,R2026090200031,O20260901000031,2026-09-02 12:00:00.000000,16250
t_demo,demo_20260921_v1,s1,R2026090200032,O20260901000032,2026-09-02 12:00:00.000000,16250
t_demo,demo_20260921_v1,s1,R2026090200033,O20260901000033,2026-09-02 12:00:00.000000,16250
t_demo,demo_20260921_v1,s1,R2026090200034,O20260901000034,2026-09-02 12:00:00.000000,16250
t_demo,demo_20260921_v1,s1,R2026090200035,O20260901000035,2026-09-02 12:00:00.000000,16250
t_demo,demo_20260921_v1,s1,R2026090200036,O20260901000036,2026-09-02 12:00:00.000000,16250
t_demo,demo_20260921_v1,s1,R2026090200037,O20260901000037,2026-09-02 12:00:00.000000,16250
t_demo,demo_20260921_v1,s1,R2026090200038,O20260901000038,2026-09-02 12:00:00.000000,16250
t_demo,demo_20260921_v1,s1,R2026090200039,O20260901000039,2026-09-02 12:00:00.000000,16250
t_demo,demo_20260921_v1,s1,R2026090200040,O20260901000040,2026-09-02 12:00:00.000000,16250
t_demo,demo_20260921_v1,s1,R2026090200041,O20260901000041,2026-09-02 12:00:00.000000,16250
t_demo,demo_20260921_v1,s1,R2026090200042,O20260901000042,2026-09-02 12:00:00.000000,16250
t_demo,demo_20260921_v1,s1,R2026090200043,O20260901000043,2026-09-02 12:00:00.000000,16250
t_demo,demo_20260921_v1,s1,R2026090200044,O20260901000044,2026-09-02 12:00:00.000000,16250
t_demo,demo_20260921_v1,s1,R2026090200045,O20260901000045,2026-09-02 12:00:00.000000,16250
t_demo,demo_20260921_v1,s1,R2026090200046,O20260901000046,2026-09-02 12:00:00.000000,16250
t_demo,demo_20260921_v1,s1,R2026090200047,O20260901000047,2026-09-02 12:00:00.000000,16250
t_demo,demo_20260921_v1,s1,R2026090200048,O20260901000048,2026-09-02 12:00:00.000000,16250
t_demo,demo_20260921_v1,s1,R2026090200049,O20260901000049,2026-09-02 12:00:00.000000,16250
t_demo,demo_20260921_v1,s1,R2026090200050,O20260901000050,2026-09-02 12:00:00.000000,16250
t_demo,demo_20260921_v1,s1,R2026090200051,O20260901000051,2026-09-02 12:00:00.000000,16250
t_demo,demo_20260921_v1,s1,R2026090200052,O20260901000052,2026-09-02 12:00:00.000000,16250
t_demo,demo_20260921_v1,s1,R2026090200053,O20260901000053,2026-09-02 12:00:00.000000,16250
t_demo,demo_20260921_v1,s1,R2026090200054,O20260901000054,2026-09-02 12:00:00.000000,16250
t_demo,demo_20260921_v1,s1,R2026090200055,O20260901000055,2026-09-02 12:00:00.000000,16250
t_demo,demo_20260921_v1,s1,R2026090200056,O20260901000056,2026-09-02 12:00:00.000000,16250
t_demo,demo_20260921_v1,s1,R2026090200057,O20260901000057,2026-09-02 12:00:00.000000,16250
t_demo,demo_20260921_v1,s1,R2026090200058,O20260901000058,2026-09-02 12:00:00.000000,16250
t_demo,demo_20260921_v1,s1,R2026090200059,O20260901000059,2026-09-02 12:00:00.000000,16250
t_demo,demo_20260921_v1,s1,R2026090200060,O20260901000060,2026-09-02 12:00:00.000000,16250
t_demo,demo_20260921_v1,s1,R2026090200061,O20260901000061,2026-09-02 12:00:00.000000,16250
t_demo,demo_20260921_v1,s1,R2026090200062,O20260901000062,2026-09-02 12:00:00.000000,16250
t_demo,demo_20260921_v1,s1,R2026090200063,O20260901000063,2026-09-02 12:00:00.000000,16250
t_demo,demo_20260921_v1,s1,R2026090200064,O20260901000064,2026-09-02 12:00:00.000000,16250
t_demo,demo_20260921_v1,s1,R2026090200065,O20260901000065,2026-09-02 12:00:00.000000,16250
t_demo,demo_20260921_v1,s1,R2026090200066,O20260901000066,2026-09-02 12:00:00.000000,16250
t_demo,demo_20260921_v1,s1,R2026090200067,O20260901000067,2026-09-02 12:00:00.000000,16250
t_demo,demo_20260921_v1,s1,R2026090200068,O20260901000068,2026-09-02 12:00:00.000000,16250
t_demo,demo_20260921_v1,s1,R2026090200069,O20260901000069,2026-09-02 12:00:00.000000,16250
t_demo,demo_20260921_v1,s1,R2026090200070,O20260901000070,2026-09-02 12:00:00.000000,16250
t_demo,demo_20260921_v1,s1,R2026090200071,O20260901000071,2026-09-02 12:00:00.000000,16250
t_demo,demo_20260921_v1,s1,R2026090200072,O20260901000072,2026-09-02 12:00:00.000000,16250
t_demo,demo_20260921_v1,s1,R2026090200073,O20260901000073,2026-09-02 12:00:00.000000,16250
t_demo,demo_20260921_v1,s1,R2026090200074,O20260901000074,2026-09-02 12:00:00.000000,16250
t_demo,demo_20260921_v1,s1,R2026090200075,O20260901000075,2026-09-02 12:00:00.000000,16250
t_demo,demo_20260921_v1,s1,R2026090200076,O20260901000076,2026-09-02 12:00:00.000000,16250
t_demo,demo_20260921_v1,s1,R2026090200077,O20260901000077,2026-09-02 12:00:00.000000,16250
t_demo,demo_20260921_v1,s1,R2026090200078,O20260901000078,2026-09-02 12:00:00.000000,16250
t_demo,demo_20260921_v1,s1,R2026090200079,O20260901000079,2026-09-02 12:00:00.000000,16250
t_demo,demo_20260921_v1,s1,R2026090200080,O20260901000080,2026-09-02 12:00:00.000000,16250
t_demo,demo_20260921_v1,s1,R2026090300001,O20260902000001,2026-09-03 12:00:00.000000,16250
t_demo,demo_20260921_v1,s1,R2026090300002,O20260902000002,2026-09-03 12:00:00.000000,16250
t_demo,demo_20260921_v1,s1,R2026090300003,O20260902000003,2026-09-03 12:00:00.000000,16250
t_demo,demo_20260921_v1,s1,R2026090300004,O20260902000004,2026-09-03 12:00:00.000000,16250
t_demo,demo_20260921_v1,s1,R2026090300005,O20260902000005,2026-09-03 12:00:00.000000,16250
t_demo,demo_20260921_v1,s1,R2026090300006,O20260902000006,2026-09-03 12:00:00.000000,16250
t_demo,demo_20260921_v1,s1,R2026090300007,O20260902000007,2026-09-03 12:00:00.000000,16250
t_demo,demo_20260921_v1,s1,R2026090300008,O20260902000008,2026-09-03 12:00:00.000000,16250
t_demo,demo_20260921_v1,s1,R2026090300009,O20260902000009,2026-09-03 12:00:00.000000,16250
t_demo,demo_20260921_v1,s1,R2026090300010,O20260902000010,2026-09-03 12:00:00.000000,16250
t_demo,demo_20260921_v1,s1,R2026090300011,O20260902000011,2026-09-03 12:00:00.000000,16250
t_demo,demo_20260921_v1,s1,R2026090300012,O20260902000012,2026-09-03 12:00:00.000000,16250
t_demo,demo_20260921_v1,s1,R2026090300013,O20260902000013,2026-09-03 12:00:00.000000,16250
t_demo,demo_20260921_v1,s1,R2026090300014,O20260902000014,2026-09-03 12:00:00.000000,16250
t_demo,demo_20260921_v1,s1,R2026090300015,O20260902000015,2026-09-03 12:00:00.000000,16250
t_demo,demo_20260921_v1,s1,R2026090300016,O20260902000016,2026-09-03 12:00:00.000000,16250
t_demo,demo_20260921_v1,s1,R2026090300017,O20260902000017,2026-09-03 12:00:00.000000,16250
t_demo,demo_20260921_v1,s1,R2026090300018,O20260902000018,2026-09-03 12:00:00.000000,16250
t_demo,demo_20260921_v1,s1,R2026090300019,O20260902000019,2026-09-03 12:00:00.000000,16250
t_demo,demo_20260921_v1,s1,R2026090300020,O20260902000020,2026-09-03 12:00:00.000000,16250
t_demo,demo_20260921_v1,s1,R2026090300021,O20260902000021,2026-09-03 12:00:00.000000,16250
t_demo,demo_20260921_v1,s1,R2026090300022,O20260902000022,2026-09-03 12:00:00.000000,16250
t_demo,demo_20260921_v1,s1,R2026090300023,O20260902000023,2026-09-03 12:00:00.000000,16250
t_demo,demo_20260921_v1,s1,R2026090300024,O20260902000024,2026-09-03 12:00:00.000000,16250
t_demo,demo_20260921_v1,s1,R2026090300025,O20260902000025,2026-09-03 12:00:00.000000,16250
t_demo,demo_20260921_v1,s1,R2026090300026,O20260902000026,2026-09-03 12:00:00.000000,16250
t_demo,demo_20260921_v1,s1,R2026090300027,O20260902000027,2026-09-03 12:00:00.000000,16250
t_demo,demo_20260921_v1,s1,R2026090300028,O20260902000028,2026-09-03 12:00:00.000000,16250
t_demo,demo_20260921_v1,s1,R2026090300029,O20260902000029,2026-09-03 12:00:00.000000,16250
t_demo,demo_20260921_v1,s1,R2026090300030,O20260902000030,2026-09-03 12:00:00.000000,16250
t_demo,demo_20260921_v1,s1,R2026090300031,O20260902000031,2026-09-03 12:00:00.000000,16250
t_demo,demo_20260921_v1,s1,R2026090300032,O20260902000032,2026-09-03 12:00:00.000000,16250
t_demo,demo_20260921_v1,s1,R2026090300033,O20260902000033,2026-09-03 12:00:00.000000,16250
t_demo,demo_20260921_v1,s1,R2026090300034,O20260902000034,2026-09-03 12:00:00.000000,16250
t_demo,demo_20260921_v1,s1,R2026090300035,O20260902000035,2026-09-03 12:00:00.000000,16250
t_demo,demo_20260921_v1,s1,R2026090300036,O20260902000036,2026-09-03 12:00:00.000000,16250
t_demo,demo_20260921_v1,s1,R2026090300037,O20260902000037,2026-09-03 12:00:00.000000,16250
t_demo,demo_20260921_v1,s1,R2026090300038,O20260902000038,2026-09-03 12:00:00.000000,16250
t_demo,demo_20260921_v1,s1,R2026090300039,O20260902000039,2026-09-03 12:00:00.000000,16250
t_demo,demo_20260921_v1,s1,R2026090300040,O20260902000040,2026-09-03 12:00:00.000000,16250
t_demo,demo_20260921_v1,s1,R2026090300041,O20260902000041,2026-09-03 12:00:00.000000,16250
t_demo,demo_20260921_v1,s1,R2026090300042,O20260902000042,2026-09-03 12:00:00.000000,16250
t_demo,demo_20260921_v1,s1,R2026090300043,O20260902000043,2026-09-03 12:00:00.000000,16250
t_demo,demo_20260921_v1,s1,R2026090300044,O20260902000044,2026-09-03 12:00:00.000000,16250
t_demo,demo_20260921_v1,s1,R2026090300045,O20260902000045,2026-09-03 12:00:00.000000,16250
t_demo,demo_20260921_v1,s1,R2026090300046,O20260902000046,2026-09-03 12:00:00.000000,16250
t_demo,demo_20260921_v1,s1,R2026090300047,O20260902000047,2026-09-03 12:00:00.000000,16250
t_demo,demo_20260921_v1,s1,R2026090300048,O20260902000048,2026-09-03 12:00:00.000000,16250
t_demo,demo_20260921_v1,s1,R2026090300049,O20260902000049,2026-09-03 12:00:00.000000,16250
t_demo,demo_20260921_v1,s1,R2026090300050,O20260902000050,2026-09-03 12:00:00.000000,16250
t_demo,demo_20260921_v1,s1,R2026090300051,O20260902000051,2026-09-03 12:00:00.000000,16250
t_demo,demo_20260921_v1,s1,R2026090300052,O20260902000052,2026-09-03 12:00:00.000000,16250
t_demo,demo_20260921_v1,s1,R2026090300053,O20260902000053,2026-09-03 12:00:00.000000,16250
t_demo,demo_20260921_v1,s1,R2026090300054,O20260902000054,2026-09-03 12:00:00.000000,16250
t_demo,demo_20260921_v1,s1,R2026090300055,O20260902000055,2026-09-03 12:00:00.000000,16250
t_demo,demo_20260921_v1,s1,R2026090300056,O20260902000056,2026-09-03 12:00:00.000000,16250
t_demo,demo_20260921_v1,s1,R2026090300057,O20260902000057,2026-09-03 12:00:00.000000,16250
t_demo,demo_20260921_v1,s1,R2026090300058,O20260902000058,2026-09-03 12:00:00.000000,16250
t_demo,demo_20260921_v1,s1,R2026090300059,O20260902000059,2026-09-03 12:00:00.000000,16250
t_demo,demo_20260921_v1,s1,R2026090300060,O20260902000060,2026-09-03 12:00:00.000000,16250
t_demo,demo_20260921_v1,s1,R2026090300061,O20260902000061,2026-09-03 12:00:00.000000,16250
t_demo,demo_20260921_v1,s1,R2026090300062,O20260902000062,2026-09-03 12:00:00.000000,16250
t_demo,demo_20260921_v1,s1,R2026090300063,O20260902000063,2026-09-03 12:00:00.000000,16250
t_demo,demo_20260921_v1,s1,R2026090300064,O20260902000064,2026-09-03 12:00:00.000000,16250
t_demo,demo_20260921_v1,s1,R2026090300065,O20260902000065,2026-09-03 12:00:00.000000,16250
t_demo,demo_20260921_v1,s1,R2026090300066,O20260902000066,2026-09-03 12:00:00.000000,16250
t_demo,demo_20260921_v1,s1,R2026090300067,O20260902000067,2026-09-03 12:00:00.000000,16250
t_demo,demo_20260921_v1,s1,R2026090300068,O20260902000068,2026-09-03 12:00:00.000000,16250
t_demo,demo_20260921_v1,s1,R2026090300069,O20260902000069,2026-09-03 12:00:00.000000,16250
t_demo,demo_20260921_v1,s1,R2026090300070,O20260902000070,2026-09-03 12:00:00.000000,16250
t_demo,demo_20260921_v1,s1,R2026090300071,O20260902000071,2026-09-03 12:00:00.000000,16250
t_demo,demo_20260921_v1,s1,R2026090300072,O20260902000072,2026-09-03 12:00:00.000000,16250
t_demo,demo_20260921_v1,s1,R2026090300073,O20260902000073,2026-09-03 12:00:00.000000,16250
t_demo,demo_20260921_v1,s1,R2026090300074,O20260902000074,2026-09-03 12:00:00.000000,16250
t_demo,demo_20260921_v1,s1,R2026090300075,O20260902000075,2026-09-03 12:00:00.000000,16250
t_demo,demo_20260921_v1,s1,R2026090300076,O20260902000076,2026-09-03 12:00:00.000000,16250
t_demo,demo_20260921_v1,s1,R2026090300077,O20260902000077,2026-09-03 12:00:00.000000,16250
t_demo,demo_20260921_v1,s1,R2026090300078,O20260902000078,2026-09-03 12:00:00.000000,16250
t_demo,demo_20260921_v1,s1,R2026090300079,O20260902000079,2026-09-03 12:00:00.000000,16250
t_demo,demo_20260921_v1,s1,R2026090300080,O20260902000080,2026-09-03 12:00:00.000000,16250
t_demo,demo_20260921_v1,s1,R2026090400001,O20260903000001,2026-09-04 12:00:00.000000,16250
t_demo,demo_20260921_v1,s1,R2026090400002,O20260903000002,2026-09-04 12:00:00.000000,16250
t_demo,demo_20260921_v1,s1,R2026090400003,O20260903000003,2026-09-04 12:00:00.000000,16250
t_demo,demo_20260921_v1,s1,R2026090400004,O20260903000004,2026-09-04 12:00:00.000000,16250
t_demo,demo_20260921_v1,s1,R2026090400005,O20260903000005,2026-09-04 12:00:00.000000,16250
t_demo,demo_20260921_v1,s1,R2026090400006,O20260903000006,2026-09-04 12:00:00.000000,16250
t_demo,demo_20260921_v1,s1,R2026090400007,O20260903000007,2026-09-04 12:00:00.000000,16250
t_demo,demo_20260921_v1,s1,R2026090400008,O20260903000008,2026-09-04 12:00:00.000000,16250
t_demo,demo_20260921_v1,s1,R2026090400009,O20260903000009,2026-09-04 12:00:00.000000,16250
t_demo,demo_20260921_v1,s1,R2026090400010,O20260903000010,2026-09-04 12:00:00.000000,16250
t_demo,demo_20260921_v1,s1,R2026090400011,O20260903000011,2026-09-04 12:00:00.000000,16250
t_demo,demo_20260921_v1,s1,R2026090400012,O20260903000012,2026-09-04 12:00:00.000000,16250
t_demo,demo_20260921_v1,s1,R2026090400013,O20260903000013,2026-09-04 12:00:00.000000,16250
t_demo,demo_20260921_v1,s1,R2026090400014,O20260903000014,2026-09-04 12:00:00.000000,16250
t_demo,demo_20260921_v1,s1,R2026090400015,O20260903000015,2026-09-04 12:00:00.000000,16250
t_demo,demo_20260921_v1,s1,R2026090400016,O20260903000016,2026-09-04 12:00:00.000000,16250
t_demo,demo_20260921_v1,s1,R2026090400017,O20260903000017,2026-09-04 12:00:00.000000,16250
t_demo,demo_20260921_v1,s1,R2026090400018,O20260903000018,2026-09-04 12:00:00.000000,16250
t_demo,demo_20260921_v1,s1,R2026090400019,O20260903000019,2026-09-04 12:00:00.000000,16250
t_demo,demo_20260921_v1,s1,R2026090400020,O20260903000020,2026-09-04 12:00:00.000000,16250
t_demo,demo_20260921_v1,s1,R2026090400021,O20260903000021,2026-09-04 12:00:00.000000,16250
t_demo,demo_20260921_v1,s1,R2026090400022,O20260903000022,2026-09-04 12:00:00.000000,16250
t_demo,demo_20260921_v1,s1,R2026090400023,O20260903000023,2026-09-04 12:00:00.000000,16250
t_demo,demo_20260921_v1,s1,R2026090400024,O20260903000024,2026-09-04 12:00:00.000000,16250
t_demo,demo_20260921_v1,s1,R2026090400025,O20260903000025,2026-09-04 12:00:00.000000,16250
t_demo,demo_20260921_v1,s1,R2026090400026,O20260903000026,2026-09-04 12:00:00.000000,16250
t_demo,demo_20260921_v1,s1,R2026090400027,O20260903000027,2026-09-04 12:00:00.000000,16250
t_demo,demo_20260921_v1,s1,R2026090400028,O20260903000028,2026-09-04 12:00:00.000000,16250
t_demo,demo_20260921_v1,s1,R2026090400029,O20260903000029,2026-09-04 12:00:00.000000,16250
t_demo,demo_20260921_v1,s1,R2026090400030,O20260903000030,2026-09-04 12:00:00.000000,16250
t_demo,demo_20260921_v1,s1,R2026090400031,O20260903000031,2026-09-04 12:00:00.000000,16250
t_demo,demo_20260921_v1,s1,R2026090400032,O20260903000032,2026-09-04 12:00:00.000000,16250
t_demo,demo_20260921_v1,s1,R2026090400033,O20260903000033,2026-09-04 12:00:00.000000,16250
t_demo,demo_20260921_v1,s1,R2026090400034,O20260903000034,2026-09-04 12:00:00.000000,16250
t_demo,demo_20260921_v1,s1,R2026090400035,O20260903000035,2026-09-04 12:00:00.000000,16250
t_demo,demo_20260921_v1,s1,R2026090400036,O20260903000036,2026-09-04 12:00:00.000000,16250
t_demo,demo_20260921_v1,s1,R2026090400037,O20260903000037,2026-09-04 12:00:00.000000,16250
t_demo,demo_20260921_v1,s1,R2026090400038,O20260903000038,2026-09-04 12:00:00.000000,16250
t_demo,demo_20260921_v1,s1,R2026090400039,O20260903000039,2026-09-04 12:00:00.000000,16250
t_demo,demo_20260921_v1,s1,R2026090400040,O20260903000040,2026-09-04 12:00:00.000000,16250
t_demo,demo_20260921_v1,s1,R2026090400041,O20260903000041,2026-09-04 12:00:00.000000,16250
t_demo,demo_20260921_v1,s1,R2026090400042,O20260903000042,2026-09-04 12:00:00.000000,16250
t_demo,demo_20260921_v1,s1,R2026090400043,O20260903000043,2026-09-04 12:00:00.000000,16250
t_demo,demo_20260921_v1,s1,R2026090400044,O20260903000044,2026-09-04 12:00:00.000000,16250
t_demo,demo_20260921_v1,s1,R2026090400045,O20260903000045,2026-09-04 12:00:00.000000,16250
t_demo,demo_20260921_v1,s1,R2026090400046,O20260903000046,2026-09-04 12:00:00.000000,16250
t_demo,demo_20260921_v1,s1,R2026090400047,O20260903000047,2026-09-04 12:00:00.000000,16250
t_demo,demo_20260921_v1,s1,R2026090400048,O20260903000048,2026-09-04 12:00:00.000000,16250
t_demo,demo_20260921_v1,s1,R2026090400049,O20260903000049,2026-09-04 12:00:00.000000,16250
t_demo,demo_20260921_v1,s1,R2026090400050,O20260903000050,2026-09-04 12:00:00.000000,16250
t_demo,demo_20260921_v1,s1,R2026090400051,O20260903000051,2026-09-04 12:00:00.000000,16250
t_demo,demo_20260921_v1,s1,R2026090400052,O20260903000052,2026-09-04 12:00:00.000000,16250
t_demo,demo_20260921_v1,s1,R2026090400053,O20260903000053,2026-09-04 12:00:00.000000,16250
t_demo,demo_20260921_v1,s1,R2026090400054,O20260903000054,2026-09-04 12:00:00.000000,16250
t_demo,demo_20260921_v1,s1,R2026090400055,O20260903000055,2026-09-04 12:00:00.000000,16250
t_demo,demo_20260921_v1,s1,R2026090400056,O20260903000056,2026-09-04 12:00:00.000000,16250
t_demo,demo_20260921_v1,s1,R2026090400057,O20260903000057,2026-09-04 12:00:00.000000,16250
t_demo,demo_20260921_v1,s1,R2026090400058,O20260903000058,2026-09-04 12:00:00.000000,16250
t_demo,demo_20260921_v1,s1,R2026090400059,O20260903000059,2026-09-04 12:00:00.000000,16250
t_demo,demo_20260921_v1,s1,R2026090400060,O20260903000060,2026-09-04 12:00:00.000000,16250
t_demo,demo_20260921_v1,s1,R2026090400061,O20260903000061,2026-09-04 12:00:00.000000,16250
t_demo,demo_20260921_v1,s1,R2026090400062,O20260903000062,2026-09-04 12:00:00.000000,16250
t_demo,demo_20260921_v1,s1,R2026090400063,O20260903000063,2026-09-04 12:00:00.000000,16250
t_demo,demo_20260921_v1,s1,R2026090400064,O20260903000064,2026-09-04 12:00:00.000000,16250
t_demo,demo_20260921_v1,s1,R2026090400065,O20260903000065,2026-09-04 12:00:00.000000,16250
t_demo,demo_20260921_v1,s1,R2026090400066,O20260903000066,2026-09-04 12:00:00.000000,16250
t_demo,demo_20260921_v1,s1,R2026090400067,O20260903000067,2026-09-04 12:00:00.000000,16250
t_demo,demo_20260921_v1,s1,R2026090400068,O20260903000068,2026-09-04 12:00:00.000000,16250
t_demo,demo_20260921_v1,s1,R2026090400069,O20260903000069,2026-09-04 12:00:00.000000,16250
t_demo,demo_20260921_v1,s1,R2026090400070,O20260903000070,2026-09-04 12:00:00.000000,16250
t_demo,demo_20260921_v1,s1,R2026090400071,O20260903000071,2026-09-04 12:00:00.000000,16250
t_demo,demo_20260921_v1,s1,R2026090400072,O20260903000072,2026-09-04 12:00:00.000000,16250
t_demo,demo_20260921_v1,s1,R2026090400073,O20260903000073,2026-09-04 12:00:00.000000,16250
t_demo,demo_20260921_v1,s1,R2026090400074,O20260903000074,2026-09-04 12:00:00.000000,16250
t_demo,demo_20260921_v1,s1,R2026090400075,O20260903000075,2026-09-04 12:00:00.000000,16250
t_demo,demo_20260921_v1,s1,R2026090400076,O20260903000076,2026-09-04 12:00:00.000000,16250
t_demo,demo_20260921_v1,s1,R2026090400077,O20260903000077,2026-09-04 12:00:00.000000,16250
t_demo,demo_20260921_v1,s1,R2026090400078,O20260903000078,2026-09-04 12:00:00.000000,16250
t_demo,demo_20260921_v1,s1,R2026090400079,O20260903000079,2026-09-04 12:00:00.000000,16250
t_demo,demo_20260921_v1,s1,R2026090400080,O20260903000080,2026-09-04 12:00:00.000000,16250
t_demo,demo_20260921_v1,s1,R2026090500001,O20260904000001,2026-09-05 12:00:00.000000,16250
t_demo,demo_20260921_v1,s1,R2026090500002,O20260904000002,2026-09-05 12:00:00.000000,16250
t_demo,demo_20260921_v1,s1,R2026090500003,O20260904000003,2026-09-05 12:00:00.000000,16250
t_demo,demo_20260921_v1,s1,R2026090500004,O20260904000004,2026-09-05 12:00:00.000000,16250
t_demo,demo_20260921_v1,s1,R2026090500005,O20260904000005,2026-09-05 12:00:00.000000,16250
t_demo,demo_20260921_v1,s1,R2026090500006,O20260904000006,2026-09-05 12:00:00.000000,16250
t_demo,demo_20260921_v1,s1,R2026090500007,O20260904000007,2026-09-05 12:00:00.000000,16250
t_demo,demo_20260921_v1,s1,R2026090500008,O20260904000008,2026-09-05 12:00:00.000000,16250
t_demo,demo_20260921_v1,s1,R2026090500009,O20260904000009,2026-09-05 12:00:00.000000,16250
t_demo,demo_20260921_v1,s1,R2026090500010,O20260904000010,2026-09-05 12:00:00.000000,16250
t_demo,demo_20260921_v1,s1,R2026090500011,O20260904000011,2026-09-05 12:00:00.000000,16250
t_demo,demo_20260921_v1,s1,R2026090500012,O20260904000012,2026-09-05 12:00:00.000000,16250
t_demo,demo_20260921_v1,s1,R2026090500013,O20260904000013,2026-09-05 12:00:00.000000,16250
t_demo,demo_20260921_v1,s1,R2026090500014,O20260904000014,2026-09-05 12:00:00.000000,16250
t_demo,demo_20260921_v1,s1,R2026090500015,O20260904000015,2026-09-05 12:00:00.000000,16250
t_demo,demo_20260921_v1,s1,R2026090500016,O20260904000016,2026-09-05 12:00:00.000000,16250
t_demo,demo_20260921_v1,s1,R2026090500017,O20260904000017,2026-09-05 12:00:00.000000,16250
t_demo,demo_20260921_v1,s1,R2026090500018,O20260904000018,2026-09-05 12:00:00.000000,16250
t_demo,demo_20260921_v1,s1,R2026090500019,O20260904000019,2026-09-05 12:00:00.000000,16250
t_demo,demo_20260921_v1,s1,R2026090500020,O20260904000020,2026-09-05 12:00:00.000000,16250
t_demo,demo_20260921_v1,s1,R2026090500021,O20260904000021,2026-09-05 12:00:00.000000,16250
t_demo,demo_20260921_v1,s1,R2026090500022,O20260904000022,2026-09-05 12:00:00.000000,16250
t_demo,demo_20260921_v1,s1,R2026090500023,O20260904000023,2026-09-05 12:00:00.000000,16250
t_demo,demo_20260921_v1,s1,R2026090500024,O20260904000024,2026-09-05 12:00:00.000000,16250
t_demo,demo_20260921_v1,s1,R2026090500025,O20260904000025,2026-09-05 12:00:00.000000,16250
t_demo,demo_20260921_v1,s1,R2026090500026,O20260904000026,2026-09-05 12:00:00.000000,16250
t_demo,demo_20260921_v1,s1,R2026090500027,O20260904000027,2026-09-05 12:00:00.000000,16250
t_demo,demo_20260921_v1,s1,R2026090500028,O20260904000028,2026-09-05 12:00:00.000000,16250
t_demo,demo_20260921_v1,s1,R2026090500029,O20260904000029,2026-09-05 12:00:00.000000,16250
t_demo,demo_20260921_v1,s1,R2026090500030,O20260904000030,2026-09-05 12:00:00.000000,16250
t_demo,demo_20260921_v1,s1,R2026090500031,O20260904000031,2026-09-05 12:00:00.000000,16250
t_demo,demo_20260921_v1,s1,R2026090500032,O20260904000032,2026-09-05 12:00:00.000000,16250
t_demo,demo_20260921_v1,s1,R2026090500033,O20260904000033,2026-09-05 12:00:00.000000,16250
t_demo,demo_20260921_v1,s1,R2026090500034,O20260904000034,2026-09-05 12:00:00.000000,16250
t_demo,demo_20260921_v1,s1,R2026090500035,O20260904000035,2026-09-05 12:00:00.000000,16250
t_demo,demo_20260921_v1,s1,R2026090500036,O20260904000036,2026-09-05 12:00:00.000000,16250
t_demo,demo_20260921_v1,s1,R2026090500037,O20260904000037,2026-09-05 12:00:00.000000,16250
t_demo,demo_20260921_v1,s1,R2026090500038,O20260904000038,2026-09-05 12:00:00.000000,16250
t_demo,demo_20260921_v1,s1,R2026090500039,O20260904000039,2026-09-05 12:00:00.000000,16250
t_demo,demo_20260921_v1,s1,R2026090500040,O20260904000040,2026-09-05 12:00:00.000000,16250
t_demo,demo_20260921_v1,s1,R2026090500041,O20260904000041,2026-09-05 12:00:00.000000,16250
t_demo,demo_20260921_v1,s1,R2026090500042,O20260904000042,2026-09-05 12:00:00.000000,16250
t_demo,demo_20260921_v1,s1,R2026090500043,O20260904000043,2026-09-05 12:00:00.000000,16250
t_demo,demo_20260921_v1,s1,R2026090500044,O20260904000044,2026-09-05 12:00:00.000000,16250
t_demo,demo_20260921_v1,s1,R2026090500045,O20260904000045,2026-09-05 12:00:00.000000,16250
t_demo,demo_20260921_v1,s1,R2026090500046,O20260904000046,2026-09-05 12:00:00.000000,16250
t_demo,demo_20260921_v1,s1,R2026090500047,O20260904000047,2026-09-05 12:00:00.000000,16250
t_demo,demo_20260921_v1,s1,R2026090500048,O20260904000048,2026-09-05 12:00:00.000000,16250
t_demo,demo_20260921_v1,s1,R2026090500049,O20260904000049,2026-09-05 12:00:00.000000,16250
t_demo,demo_20260921_v1,s1,R2026090500050,O20260904000050,2026-09-05 12:00:00.000000,16250
t_demo,demo_20260921_v1,s1,R2026090500051,O20260904000051,2026-09-05 12:00:00.000000,16250
t_demo,demo_20260921_v1,s1,R2026090500052,O20260904000052,2026-09-05 12:00:00.000000,16250
t_demo,demo_20260921_v1,s1,R2026090500053,O20260904000053,2026-09-05 12:00:00.000000,16250
t_demo,demo_20260921_v1,s1,R2026090500054,O20260904000054,2026-09-05 12:00:00.000000,16250
t_demo,demo_20260921_v1,s1,R2026090500055,O20260904000055,2026-09-05 12:00:00.000000,16250
t_demo,demo_20260921_v1,s1,R2026090500056,O20260904000056,2026-09-05 12:00:00.000000,16250
t_demo,demo_20260921_v1,s1,R2026090500057,O20260904000057,2026-09-05 12:00:00.000000,16250
t_demo,demo_20260921_v1,s1,R2026090500058,O20260904000058,2026-09-05 12:00:00.000000,16250
t_demo,demo_20260921_v1,s1,R2026090500059,O20260904000059,2026-09-05 12:00:00.000000,16250
t_demo,demo_20260921_v1,s1,R2026090500060,O20260904000060,2026-09-05 12:00:00.000000,16250
t_demo,demo_20260921_v1,s1,R2026090500061,O20260904000061,2026-09-05 12:00:00.000000,16250
t_demo,demo_20260921_v1,s1,R2026090500062,O20260904000062,2026-09-05 12:00:00.000000,16250
t_demo,demo_20260921_v1,s1,R2026090500063,O20260904000063,2026-09-05 12:00:00.000000,16250
t_demo,demo_20260921_v1,s1,R2026090500064,O20260904000064,2026-09-05 12:00:00.000000,16250
t_demo,demo_20260921_v1,s1,R2026090500065,O20260904000065,2026-09-05 12:00:00.000000,16250
t_demo,demo_20260921_v1,s1,R2026090500066,O20260904000066,2026-09-05 12:00:00.000000,16250
t_demo,demo_20260921_v1,s1,R2026090500067,O20260904000067,2026-09-05 12:00:00.000000,16250
t_demo,demo_20260921_v1,s1,R2026090500068,O20260904000068,2026-09-05 12:00:00.000000,16250
t_demo,demo_20260921_v1,s1,R2026090500069,O20260904000069,2026-09-05 12:00:00.000000,16250
t_demo,demo_20260921_v1,s1,R2026090500070,O20260904000070,2026-09-05 12:00:00.000000,16250
t_demo,demo_20260921_v1,s1,R2026090500071,O20260904000071,2026-09-05 12:00:00.000000,16250
t_demo,demo_20260921_v1,s1,R2026090500072,O20260904000072,2026-09-05 12:00:00.000000,16250
t_demo,demo_20260921_v1,s1,R2026090500073,O20260904000073,2026-09-05 12:00:00.000000,16250
t_demo,demo_20260921_v1,s1,R2026090500074,O20260904000074,2026-09-05 12:00:00.000000,16250
t_demo,demo_20260921_v1,s1,R2026090500075,O20260904000075,2026-09-05 12:00:00.000000,16250
t_demo,demo_20260921_v1,s1,R2026090500076,O20260904000076,2026-09-05 12:00:00.000000,16250
t_demo,demo_20260921_v1,s1,R2026090500077,O20260904000077,2026-09-05 12:00:00.000000,16250
t_demo,demo_20260921_v1,s1,R2026090500078,O20260904000078,2026-09-05 12:00:00.000000,16250
t_demo,demo_20260921_v1,s1,R2026090500079,O20260904000079,2026-09-05 12:00:00.000000,16250
t_demo,demo_20260921_v1,s1,R2026090500080,O20260904000080,2026-09-05 12:00:00.000000,16250
t_demo,demo_20260921_v1,s1,R2026090600001,O20260905000001,2026-09-06 12:00:00.000000,16250
t_demo,demo_20260921_v1,s1,R2026090600002,O20260905000002,2026-09-06 12:00:00.000000,16250
t_demo,demo_20260921_v1,s1,R2026090600003,O20260905000003,2026-09-06 12:00:00.000000,16250
t_demo,demo_20260921_v1,s1,R2026090600004,O20260905000004,2026-09-06 12:00:00.000000,16250
t_demo,demo_20260921_v1,s1,R2026090600005,O20260905000005,2026-09-06 12:00:00.000000,16250
t_demo,demo_20260921_v1,s1,R2026090600006,O20260905000006,2026-09-06 12:00:00.000000,16250
t_demo,demo_20260921_v1,s1,R2026090600007,O20260905000007,2026-09-06 12:00:00.000000,16250
t_demo,demo_20260921_v1,s1,R2026090600008,O20260905000008,2026-09-06 12:00:00.000000,16250
t_demo,demo_20260921_v1,s1,R2026090600009,O20260905000009,2026-09-06 12:00:00.000000,16250
t_demo,demo_20260921_v1,s1,R2026090600010,O20260905000010,2026-09-06 12:00:00.000000,16250
t_demo,demo_20260921_v1,s1,R2026090600011,O20260905000011,2026-09-06 12:00:00.000000,16250
t_demo,demo_20260921_v1,s1,R2026090600012,O20260905000012,2026-09-06 12:00:00.000000,16250
t_demo,demo_20260921_v1,s1,R2026090600013,O20260905000013,2026-09-06 12:00:00.000000,16250
t_demo,demo_20260921_v1,s1,R2026090600014,O20260905000014,2026-09-06 12:00:00.000000,16250
t_demo,demo_20260921_v1,s1,R2026090600015,O20260905000015,2026-09-06 12:00:00.000000,16250
t_demo,demo_20260921_v1,s1,R2026090600016,O20260905000016,2026-09-06 12:00:00.000000,16250
t_demo,demo_20260921_v1,s1,R2026090600017,O20260905000017,2026-09-06 12:00:00.000000,16250
t_demo,demo_20260921_v1,s1,R2026090600018,O20260905000018,2026-09-06 12:00:00.000000,16250
t_demo,demo_20260921_v1,s1,R2026090600019,O20260905000019,2026-09-06 12:00:00.000000,16250
t_demo,demo_20260921_v1,s1,R2026090600020,O20260905000020,2026-09-06 12:00:00.000000,16250
t_demo,demo_20260921_v1,s1,R2026090600021,O20260905000021,2026-09-06 12:00:00.000000,16250
t_demo,demo_20260921_v1,s1,R2026090600022,O20260905000022,2026-09-06 12:00:00.000000,16250
t_demo,demo_20260921_v1,s1,R2026090600023,O20260905000023,2026-09-06 12:00:00.000000,16250
t_demo,demo_20260921_v1,s1,R2026090600024,O20260905000024,2026-09-06 12:00:00.000000,16250
t_demo,demo_20260921_v1,s1,R2026090600025,O20260905000025,2026-09-06 12:00:00.000000,16250
t_demo,demo_20260921_v1,s1,R2026090600026,O20260905000026,2026-09-06 12:00:00.000000,16250
t_demo,demo_20260921_v1,s1,R2026090600027,O20260905000027,2026-09-06 12:00:00.000000,16250
t_demo,demo_20260921_v1,s1,R2026090600028,O20260905000028,2026-09-06 12:00:00.000000,16250
t_demo,demo_20260921_v1,s1,R2026090600029,O20260905000029,2026-09-06 12:00:00.000000,16250
t_demo,demo_20260921_v1,s1,R2026090600030,O20260905000030,2026-09-06 12:00:00.000000,16250
t_demo,demo_20260921_v1,s1,R2026090600031,O20260905000031,2026-09-06 12:00:00.000000,16250
t_demo,demo_20260921_v1,s1,R2026090600032,O20260905000032,2026-09-06 12:00:00.000000,16250
t_demo,demo_20260921_v1,s1,R2026090600033,O20260905000033,2026-09-06 12:00:00.000000,16250
t_demo,demo_20260921_v1,s1,R2026090600034,O20260905000034,2026-09-06 12:00:00.000000,16250
t_demo,demo_20260921_v1,s1,R2026090600035,O20260905000035,2026-09-06 12:00:00.000000,16250
t_demo,demo_20260921_v1,s1,R2026090600036,O20260905000036,2026-09-06 12:00:00.000000,16250
t_demo,demo_20260921_v1,s1,R2026090600037,O20260905000037,2026-09-06 12:00:00.000000,16250
t_demo,demo_20260921_v1,s1,R2026090600038,O20260905000038,2026-09-06 12:00:00.000000,16250
t_demo,demo_20260921_v1,s1,R2026090600039,O20260905000039,2026-09-06 12:00:00.000000,16250
t_demo,demo_20260921_v1,s1,R2026090600040,O20260905000040,2026-09-06 12:00:00.000000,16250
t_demo,demo_20260921_v1,s1,R2026090600041,O20260905000041,2026-09-06 12:00:00.000000,16250
t_demo,demo_20260921_v1,s1,R2026090600042,O20260905000042,2026-09-06 12:00:00.000000,16250
t_demo,demo_20260921_v1,s1,R2026090600043,O20260905000043,2026-09-06 12:00:00.000000,16250
t_demo,demo_20260921_v1,s1,R2026090600044,O20260905000044,2026-09-06 12:00:00.000000,16250
t_demo,demo_20260921_v1,s1,R2026090600045,O20260905000045,2026-09-06 12:00:00.000000,16250
t_demo,demo_20260921_v1,s1,R2026090600046,O20260905000046,2026-09-06 12:00:00.000000,16250
t_demo,demo_20260921_v1,s1,R2026090600047,O20260905000047,2026-09-06 12:00:00.000000,16250
t_demo,demo_20260921_v1,s1,R2026090600048,O20260905000048,2026-09-06 12:00:00.000000,16250
t_demo,demo_20260921_v1,s1,R2026090600049,O20260905000049,2026-09-06 12:00:00.000000,16250
t_demo,demo_20260921_v1,s1,R2026090600050,O20260905000050,2026-09-06 12:00:00.000000,16250
t_demo,demo_20260921_v1,s1,R2026090600051,O20260905000051,2026-09-06 12:00:00.000000,16250
t_demo,demo_20260921_v1,s1,R2026090600052,O20260905000052,2026-09-06 12:00:00.000000,16250
t_demo,demo_20260921_v1,s1,R2026090600053,O20260905000053,2026-09-06 12:00:00.000000,16250
t_demo,demo_20260921_v1,s1,R2026090600054,O20260905000054,2026-09-06 12:00:00.000000,16250
t_demo,demo_20260921_v1,s1,R2026090600055,O20260905000055,2026-09-06 12:00:00.000000,16250
t_demo,demo_20260921_v1,s1,R2026090600056,O20260905000056,2026-09-06 12:00:00.000000,16250
t_demo,demo_20260921_v1,s1,R2026090600057,O20260905000057,2026-09-06 12:00:00.000000,16250
t_demo,demo_20260921_v1,s1,R2026090600058,O20260905000058,2026-09-06 12:00:00.000000,16250
t_demo,demo_20260921_v1,s1,R2026090600059,O20260905000059,2026-09-06 12:00:00.000000,16250
t_demo,demo_20260921_v1,s1,R2026090600060,O20260905000060,2026-09-06 12:00:00.000000,16250
t_demo,demo_20260921_v1,s1,R2026090600061,O20260905000061,2026-09-06 12:00:00.000000,16250
t_demo,demo_20260921_v1,s1,R2026090600062,O20260905000062,2026-09-06 12:00:00.000000,16250
t_demo,demo_20260921_v1,s1,R2026090600063,O20260905000063,2026-09-06 12:00:00.000000,16250
t_demo,demo_20260921_v1,s1,R2026090600064,O20260905000064,2026-09-06 12:00:00.000000,16250
t_demo,demo_20260921_v1,s1,R2026090600065,O20260905000065,2026-09-06 12:00:00.000000,16250
t_demo,demo_20260921_v1,s1,R2026090600066,O20260905000066,2026-09-06 12:00:00.000000,16250
t_demo,demo_20260921_v1,s1,R2026090600067,O20260905000067,2026-09-06 12:00:00.000000,16250
t_demo,demo_20260921_v1,s1,R2026090600068,O20260905000068,2026-09-06 12:00:00.000000,16250
t_demo,demo_20260921_v1,s1,R2026090600069,O20260905000069,2026-09-06 12:00:00.000000,16250
t_demo,demo_20260921_v1,s1,R2026090600070,O20260905000070,2026-09-06 12:00:00.000000,16250
t_demo,demo_20260921_v1,s1,R2026090600071,O20260905000071,2026-09-06 12:00:00.000000,16250
t_demo,demo_20260921_v1,s1,R2026090600072,O20260905000072,2026-09-06 12:00:00.000000,16250
t_demo,demo_20260921_v1,s1,R2026090600073,O20260905000073,2026-09-06 12:00:00.000000,16250
t_demo,demo_20260921_v1,s1,R2026090600074,O20260905000074,2026-09-06 12:00:00.000000,16250
t_demo,demo_20260921_v1,s1,R2026090600075,O20260905000075,2026-09-06 12:00:00.000000,16250
t_demo,demo_20260921_v1,s1,R2026090600076,O20260905000076,2026-09-06 12:00:00.000000,16250
t_demo,demo_20260921_v1,s1,R2026090600077,O20260905000077,2026-09-06 12:00:00.000000,16250
t_demo,demo_20260921_v1,s1,R2026090600078,O20260905000078,2026-09-06 12:00:00.000000,16250
t_demo,demo_20260921_v1,s1,R2026090600079,O20260905000079,2026-09-06 12:00:00.000000,16250
t_demo,demo_20260921_v1,s1,R2026090600080,O20260905000080,2026-09-06 12:00:00.000000,16250
t_demo,demo_20260921_v1,s1,R2026090700001,O20260906000001,2026-09-07 12:00:00.000000,16250
t_demo,demo_20260921_v1,s1,R2026090700002,O20260906000002,2026-09-07 12:00:00.000000,16250
t_demo,demo_20260921_v1,s1,R2026090700003,O20260906000003,2026-09-07 12:00:00.000000,16250
t_demo,demo_20260921_v1,s1,R2026090700004,O20260906000004,2026-09-07 12:00:00.000000,16250
t_demo,demo_20260921_v1,s1,R2026090700005,O20260906000005,2026-09-07 12:00:00.000000,16250
t_demo,demo_20260921_v1,s1,R2026090700006,O20260906000006,2026-09-07 12:00:00.000000,16250
t_demo,demo_20260921_v1,s1,R2026090700007,O20260906000007,2026-09-07 12:00:00.000000,16250
t_demo,demo_20260921_v1,s1,R2026090700008,O20260906000008,2026-09-07 12:00:00.000000,16250
t_demo,demo_20260921_v1,s1,R2026090700009,O20260906000009,2026-09-07 12:00:00.000000,16250
t_demo,demo_20260921_v1,s1,R2026090700010,O20260906000010,2026-09-07 12:00:00.000000,16250
t_demo,demo_20260921_v1,s1,R2026090700011,O20260906000011,2026-09-07 12:00:00.000000,16250
t_demo,demo_20260921_v1,s1,R2026090700012,O20260906000012,2026-09-07 12:00:00.000000,16250
t_demo,demo_20260921_v1,s1,R2026090700013,O20260906000013,2026-09-07 12:00:00.000000,16250
t_demo,demo_20260921_v1,s1,R2026090700014,O20260906000014,2026-09-07 12:00:00.000000,16250
t_demo,demo_20260921_v1,s1,R2026090700015,O20260906000015,2026-09-07 12:00:00.000000,16250
t_demo,demo_20260921_v1,s1,R2026090700016,O20260906000016,2026-09-07 12:00:00.000000,16250
t_demo,demo_20260921_v1,s1,R2026090700017,O20260906000017,2026-09-07 12:00:00.000000,16250
t_demo,demo_20260921_v1,s1,R2026090700018,O20260906000018,2026-09-07 12:00:00.000000,16250
t_demo,demo_20260921_v1,s1,R2026090700019,O20260906000019,2026-09-07 12:00:00.000000,16250
t_demo,demo_20260921_v1,s1,R2026090700020,O20260906000020,2026-09-07 12:00:00.000000,16250
t_demo,demo_20260921_v1,s1,R2026090700021,O20260906000021,2026-09-07 12:00:00.000000,16250
t_demo,demo_20260921_v1,s1,R2026090700022,O20260906000022,2026-09-07 12:00:00.000000,16250
t_demo,demo_20260921_v1,s1,R2026090700023,O20260906000023,2026-09-07 12:00:00.000000,16250
t_demo,demo_20260921_v1,s1,R2026090700024,O20260906000024,2026-09-07 12:00:00.000000,16250
t_demo,demo_20260921_v1,s1,R2026090700025,O20260906000025,2026-09-07 12:00:00.000000,16250
t_demo,demo_20260921_v1,s1,R2026090700026,O20260906000026,2026-09-07 12:00:00.000000,16250
t_demo,demo_20260921_v1,s1,R2026090700027,O20260906000027,2026-09-07 12:00:00.000000,16250
t_demo,demo_20260921_v1,s1,R2026090700028,O20260906000028,2026-09-07 12:00:00.000000,16250
t_demo,demo_20260921_v1,s1,R2026090700029,O20260906000029,2026-09-07 12:00:00.000000,16250
t_demo,demo_20260921_v1,s1,R2026090700030,O20260906000030,2026-09-07 12:00:00.000000,16250
t_demo,demo_20260921_v1,s1,R2026090700031,O20260906000031,2026-09-07 12:00:00.000000,16250
t_demo,demo_20260921_v1,s1,R2026090700032,O20260906000032,2026-09-07 12:00:00.000000,16250
t_demo,demo_20260921_v1,s1,R2026090700033,O20260906000033,2026-09-07 12:00:00.000000,16250
t_demo,demo_20260921_v1,s1,R2026090700034,O20260906000034,2026-09-07 12:00:00.000000,16250
t_demo,demo_20260921_v1,s1,R2026090700035,O20260906000035,2026-09-07 12:00:00.000000,16250
t_demo,demo_20260921_v1,s1,R2026090700036,O20260906000036,2026-09-07 12:00:00.000000,16250
t_demo,demo_20260921_v1,s1,R2026090700037,O20260906000037,2026-09-07 12:00:00.000000,16250
t_demo,demo_20260921_v1,s1,R2026090700038,O20260906000038,2026-09-07 12:00:00.000000,16250
t_demo,demo_20260921_v1,s1,R2026090700039,O20260906000039,2026-09-07 12:00:00.000000,16250
t_demo,demo_20260921_v1,s1,R2026090700040,O20260906000040,2026-09-07 12:00:00.000000,16250
t_demo,demo_20260921_v1,s1,R2026090700041,O20260906000041,2026-09-07 12:00:00.000000,16250
t_demo,demo_20260921_v1,s1,R2026090700042,O20260906000042,2026-09-07 12:00:00.000000,16250
t_demo,demo_20260921_v1,s1,R2026090700043,O20260906000043,2026-09-07 12:00:00.000000,16250
t_demo,demo_20260921_v1,s1,R2026090700044,O20260906000044,2026-09-07 12:00:00.000000,16250
t_demo,demo_20260921_v1,s1,R2026090700045,O20260906000045,2026-09-07 12:00:00.000000,16250
t_demo,demo_20260921_v1,s1,R2026090700046,O20260906000046,2026-09-07 12:00:00.000000,16250
t_demo,demo_20260921_v1,s1,R2026090700047,O20260906000047,2026-09-07 12:00:00.000000,16250
t_demo,demo_20260921_v1,s1,R2026090700048,O20260906000048,2026-09-07 12:00:00.000000,16250
t_demo,demo_20260921_v1,s1,R2026090700049,O20260906000049,2026-09-07 12:00:00.000000,16250
t_demo,demo_20260921_v1,s1,R2026090700050,O20260906000050,2026-09-07 12:00:00.000000,16250
t_demo,demo_20260921_v1,s1,R2026090700051,O20260906000051,2026-09-07 12:00:00.000000,16250
t_demo,demo_20260921_v1,s1,R2026090700052,O20260906000052,2026-09-07 12:00:00.000000,16250
t_demo,demo_20260921_v1,s1,R2026090700053,O20260906000053,2026-09-07 12:00:00.000000,16250
t_demo,demo_20260921_v1,s1,R2026090700054,O20260906000054,2026-09-07 12:00:00.000000,16250
t_demo,demo_20260921_v1,s1,R2026090700055,O20260906000055,2026-09-07 12:00:00.000000,16250
t_demo,demo_20260921_v1,s1,R2026090700056,O20260906000056,2026-09-07 12:00:00.000000,16250
t_demo,demo_20260921_v1,s1,R2026090700057,O20260906000057,2026-09-07 12:00:00.000000,16250
t_demo,demo_20260921_v1,s1,R2026090700058,O20260906000058,2026-09-07 12:00:00.000000,16250
t_demo,demo_20260921_v1,s1,R2026090700059,O20260906000059,2026-09-07 12:00:00.000000,16250
t_demo,demo_20260921_v1,s1,R2026090700060,O20260906000060,2026-09-07 12:00:00.000000,16250
t_demo,demo_20260921_v1,s1,R2026090700061,O20260906000061,2026-09-07 12:00:00.000000,16250
t_demo,demo_20260921_v1,s1,R2026090700062,O20260906000062,2026-09-07 12:00:00.000000,16250
t_demo,demo_20260921_v1,s1,R2026090700063,O20260906000063,2026-09-07 12:00:00.000000,16250
t_demo,demo_20260921_v1,s1,R2026090700064,O20260906000064,2026-09-07 12:00:00.000000,16250
t_demo,demo_20260921_v1,s1,R2026090700065,O20260906000065,2026-09-07 12:00:00.000000,16250
t_demo,demo_20260921_v1,s1,R2026090700066,O20260906000066,2026-09-07 12:00:00.000000,16250
t_demo,demo_20260921_v1,s1,R2026090700067,O20260906000067,2026-09-07 12:00:00.000000,16250
t_demo,demo_20260921_v1,s1,R2026090700068,O20260906000068,2026-09-07 12:00:00.000000,16250
t_demo,demo_20260921_v1,s1,R2026090700069,O20260906000069,2026-09-07 12:00:00.000000,16250
t_demo,demo_20260921_v1,s1,R2026090700070,O20260906000070,2026-09-07 12:00:00.000000,16250
t_demo,demo_20260921_v1,s1,R2026090700071,O20260906000071,2026-09-07 12:00:00.000000,16250
t_demo,demo_20260921_v1,s1,R2026090700072,O20260906000072,2026-09-07 12:00:00.000000,16250
t_demo,demo_20260921_v1,s1,R2026090700073,O20260906000073,2026-09-07 12:00:00.000000,16250
t_demo,demo_20260921_v1,s1,R2026090700074,O20260906000074,2026-09-07 12:00:00.000000,16250
t_demo,demo_20260921_v1,s1,R2026090700075,O20260906000075,2026-09-07 12:00:00.000000,16250
t_demo,demo_20260921_v1,s1,R2026090700076,O20260906000076,2026-09-07 12:00:00.000000,16250
t_demo,demo_20260921_v1,s1,R2026090700077,O20260906000077,2026-09-07 12:00:00.000000,16250
t_demo,demo_20260921_v1,s1,R2026090700078,O20260906000078,2026-09-07 12:00:00.000000,16250
t_demo,demo_20260921_v1,s1,R2026090700079,O20260906000079,2026-09-07 12:00:00.000000,16250
t_demo,demo_20260921_v1,s1,R2026090700080,O20260906000080,2026-09-07 12:00:00.000000,16250
t_demo,demo_20260921_v1,s1,R2026090800001,O20260907000001,2026-09-08 12:00:00.000000,16250
t_demo,demo_20260921_v1,s1,R2026090800002,O20260907000002,2026-09-08 12:00:00.000000,16250
t_demo,demo_20260921_v1,s1,R2026090800003,O20260907000003,2026-09-08 12:00:00.000000,16250
t_demo,demo_20260921_v1,s1,R2026090800004,O20260907000004,2026-09-08 12:00:00.000000,16250
t_demo,demo_20260921_v1,s1,R2026090800005,O20260907000005,2026-09-08 12:00:00.000000,16250
t_demo,demo_20260921_v1,s1,R2026090800006,O20260907000006,2026-09-08 12:00:00.000000,16250
t_demo,demo_20260921_v1,s1,R2026090800007,O20260907000007,2026-09-08 12:00:00.000000,16250
t_demo,demo_20260921_v1,s1,R2026090800008,O20260907000008,2026-09-08 12:00:00.000000,16250
t_demo,demo_20260921_v1,s1,R2026090800009,O20260907000009,2026-09-08 12:00:00.000000,16250
t_demo,demo_20260921_v1,s1,R2026090800010,O20260907000010,2026-09-08 12:00:00.000000,16250
t_demo,demo_20260921_v1,s1,R2026090800011,O20260907000011,2026-09-08 12:00:00.000000,16250
t_demo,demo_20260921_v1,s1,R2026090800012,O20260907000012,2026-09-08 12:00:00.000000,16250
t_demo,demo_20260921_v1,s1,R2026090800013,O20260907000013,2026-09-08 12:00:00.000000,16250
t_demo,demo_20260921_v1,s1,R2026090800014,O20260907000014,2026-09-08 12:00:00.000000,16250
t_demo,demo_20260921_v1,s1,R2026090800015,O20260907000015,2026-09-08 12:00:00.000000,16250
t_demo,demo_20260921_v1,s1,R2026090800016,O20260907000016,2026-09-08 12:00:00.000000,16250
t_demo,demo_20260921_v1,s1,R2026090800017,O20260907000017,2026-09-08 12:00:00.000000,16250
t_demo,demo_20260921_v1,s1,R2026090800018,O20260907000018,2026-09-08 12:00:00.000000,16250
t_demo,demo_20260921_v1,s1,R2026090800019,O20260907000019,2026-09-08 12:00:00.000000,16250
t_demo,demo_20260921_v1,s1,R2026090800020,O20260907000020,2026-09-08 12:00:00.000000,16250
t_demo,demo_20260921_v1,s1,R2026090800021,O20260907000021,2026-09-08 12:00:00.000000,16250
t_demo,demo_20260921_v1,s1,R2026090800022,O20260907000022,2026-09-08 12:00:00.000000,16250
t_demo,demo_20260921_v1,s1,R2026090800023,O20260907000023,2026-09-08 12:00:00.000000,16250
t_demo,demo_20260921_v1,s1,R2026090800024,O20260907000024,2026-09-08 12:00:00.000000,16250
t_demo,demo_20260921_v1,s1,R2026090800025,O20260907000025,2026-09-08 12:00:00.000000,16250
t_demo,demo_20260921_v1,s1,R2026090800026,O20260907000026,2026-09-08 12:00:00.000000,16250
t_demo,demo_20260921_v1,s1,R2026090800027,O20260907000027,2026-09-08 12:00:00.000000,16250
t_demo,demo_20260921_v1,s1,R2026090800028,O20260907000028,2026-09-08 12:00:00.000000,16250
t_demo,demo_20260921_v1,s1,R2026090800029,O20260907000029,2026-09-08 12:00:00.000000,16250
t_demo,demo_20260921_v1,s1,R2026090800030,O20260907000030,2026-09-08 12:00:00.000000,16250
t_demo,demo_20260921_v1,s1,R2026090800031,O20260907000031,2026-09-08 12:00:00.000000,16250
t_demo,demo_20260921_v1,s1,R2026090800032,O20260907000032,2026-09-08 12:00:00.000000,16250
t_demo,demo_20260921_v1,s1,R2026090800033,O20260907000033,2026-09-08 12:00:00.000000,16250
t_demo,demo_20260921_v1,s1,R2026090800034,O20260907000034,2026-09-08 12:00:00.000000,16250
t_demo,demo_20260921_v1,s1,R2026090800035,O20260907000035,2026-09-08 12:00:00.000000,16250
t_demo,demo_20260921_v1,s1,R2026090800036,O20260907000036,2026-09-08 12:00:00.000000,16250
t_demo,demo_20260921_v1,s1,R2026090800037,O20260907000037,2026-09-08 12:00:00.000000,16250
t_demo,demo_20260921_v1,s1,R2026090800038,O20260907000038,2026-09-08 12:00:00.000000,16250
t_demo,demo_20260921_v1,s1,R2026090800039,O20260907000039,2026-09-08 12:00:00.000000,16250
t_demo,demo_20260921_v1,s1,R2026090800040,O20260907000040,2026-09-08 12:00:00.000000,16250
t_demo,demo_20260921_v1,s1,R2026090800041,O20260907000041,2026-09-08 12:00:00.000000,16250
t_demo,demo_20260921_v1,s1,R2026090800042,O20260907000042,2026-09-08 12:00:00.000000,16250
t_demo,demo_20260921_v1,s1,R2026090800043,O20260907000043,2026-09-08 12:00:00.000000,16250
t_demo,demo_20260921_v1,s1,R2026090800044,O20260907000044,2026-09-08 12:00:00.000000,16250
t_demo,demo_20260921_v1,s1,R2026090800045,O20260907000045,2026-09-08 12:00:00.000000,16250
t_demo,demo_20260921_v1,s1,R2026090800046,O20260907000046,2026-09-08 12:00:00.000000,16250
t_demo,demo_20260921_v1,s1,R2026090800047,O20260907000047,2026-09-08 12:00:00.000000,16250
t_demo,demo_20260921_v1,s1,R2026090800048,O20260907000048,2026-09-08 12:00:00.000000,16250
t_demo,demo_20260921_v1,s1,R2026090800049,O20260907000049,2026-09-08 12:00:00.000000,16250
t_demo,demo_20260921_v1,s1,R2026090800050,O20260907000050,2026-09-08 12:00:00.000000,16250
t_demo,demo_20260921_v1,s1,R2026090800051,O20260907000051,2026-09-08 12:00:00.000000,16250
t_demo,demo_20260921_v1,s1,R2026090800052,O20260907000052,2026-09-08 12:00:00.000000,16250
t_demo,demo_20260921_v1,s1,R2026090800053,O20260907000053,2026-09-08 12:00:00.000000,16250
t_demo,demo_20260921_v1,s1,R2026090800054,O20260907000054,2026-09-08 12:00:00.000000,16250
t_demo,demo_20260921_v1,s1,R2026090800055,O20260907000055,2026-09-08 12:00:00.000000,16250
t_demo,demo_20260921_v1,s1,R2026090800056,O20260907000056,2026-09-08 12:00:00.000000,16250
t_demo,demo_20260921_v1,s1,R2026090800057,O20260907000057,2026-09-08 12:00:00.000000,16250
t_demo,demo_20260921_v1,s1,R2026090800058,O20260907000058,2026-09-08 12:00:00.000000,16250
t_demo,demo_20260921_v1,s1,R2026090800059,O20260907000059,2026-09-08 12:00:00.000000,16250
t_demo,demo_20260921_v1,s1,R2026090800060,O20260907000060,2026-09-08 12:00:00.000000,16250
t_demo,demo_20260921_v1,s1,R2026090800061,O20260907000061,2026-09-08 12:00:00.000000,16250
t_demo,demo_20260921_v1,s1,R2026090800062,O20260907000062,2026-09-08 12:00:00.000000,16250
t_demo,demo_20260921_v1,s1,R2026090800063,O20260907000063,2026-09-08 12:00:00.000000,16250
t_demo,demo_20260921_v1,s1,R2026090800064,O20260907000064,2026-09-08 12:00:00.000000,16250
t_demo,demo_20260921_v1,s1,R2026090800065,O20260907000065,2026-09-08 12:00:00.000000,16250
t_demo,demo_20260921_v1,s1,R2026090800066,O20260907000066,2026-09-08 12:00:00.000000,16250
t_demo,demo_20260921_v1,s1,R2026090800067,O20260907000067,2026-09-08 12:00:00.000000,16250
t_demo,demo_20260921_v1,s1,R2026090800068,O20260907000068,2026-09-08 12:00:00.000000,16250
t_demo,demo_20260921_v1,s1,R2026090800069,O20260907000069,2026-09-08 12:00:00.000000,16250
t_demo,demo_20260921_v1,s1,R2026090800070,O20260907000070,2026-09-08 12:00:00.000000,16250
t_demo,demo_20260921_v1,s1,R2026090800071,O20260907000071,2026-09-08 12:00:00.000000,16250
t_demo,demo_20260921_v1,s1,R2026090800072,O20260907000072,2026-09-08 12:00:00.000000,16250
t_demo,demo_20260921_v1,s1,R2026090800073,O20260907000073,2026-09-08 12:00:00.000000,16250
t_demo,demo_20260921_v1,s1,R2026090800074,O20260907000074,2026-09-08 12:00:00.000000,16250
t_demo,demo_20260921_v1,s1,R2026090800075,O20260907000075,2026-09-08 12:00:00.000000,16250
t_demo,demo_20260921_v1,s1,R2026090800076,O20260907000076,2026-09-08 12:00:00.000000,16250
t_demo,demo_20260921_v1,s1,R2026090800077,O20260907000077,2026-09-08 12:00:00.000000,16250
t_demo,demo_20260921_v1,s1,R2026090800078,O20260907000078,2026-09-08 12:00:00.000000,16250
t_demo,demo_20260921_v1,s1,R2026090800079,O20260907000079,2026-09-08 12:00:00.000000,16250
t_demo,demo_20260921_v1,s1,R2026090800080,O20260907000080,2026-09-08 12:00:00.000000,16250
t_demo,demo_20260921_v1,s1,R2026090900001,O20260908000001,2026-09-09 12:00:00.000000,16250
t_demo,demo_20260921_v1,s1,R2026090900002,O20260908000002,2026-09-09 12:00:00.000000,16250
t_demo,demo_20260921_v1,s1,R2026090900003,O20260908000003,2026-09-09 12:00:00.000000,16250
t_demo,demo_20260921_v1,s1,R2026090900004,O20260908000004,2026-09-09 12:00:00.000000,16250
t_demo,demo_20260921_v1,s1,R2026090900005,O20260908000005,2026-09-09 12:00:00.000000,16250
t_demo,demo_20260921_v1,s1,R2026090900006,O20260908000006,2026-09-09 12:00:00.000000,16250
t_demo,demo_20260921_v1,s1,R2026090900007,O20260908000007,2026-09-09 12:00:00.000000,16250
t_demo,demo_20260921_v1,s1,R2026090900008,O20260908000008,2026-09-09 12:00:00.000000,16250
t_demo,demo_20260921_v1,s1,R2026090900009,O20260908000009,2026-09-09 12:00:00.000000,16250
t_demo,demo_20260921_v1,s1,R2026090900010,O20260908000010,2026-09-09 12:00:00.000000,16250
t_demo,demo_20260921_v1,s1,R2026090900011,O20260908000011,2026-09-09 12:00:00.000000,16250
t_demo,demo_20260921_v1,s1,R2026090900012,O20260908000012,2026-09-09 12:00:00.000000,16250
t_demo,demo_20260921_v1,s1,R2026090900013,O20260908000013,2026-09-09 12:00:00.000000,16250
t_demo,demo_20260921_v1,s1,R2026090900014,O20260908000014,2026-09-09 12:00:00.000000,16250
t_demo,demo_20260921_v1,s1,R2026090900015,O20260908000015,2026-09-09 12:00:00.000000,16250
t_demo,demo_20260921_v1,s1,R2026090900016,O20260908000016,2026-09-09 12:00:00.000000,16250
t_demo,demo_20260921_v1,s1,R2026090900017,O20260908000017,2026-09-09 12:00:00.000000,16250
t_demo,demo_20260921_v1,s1,R2026090900018,O20260908000018,2026-09-09 12:00:00.000000,16250
t_demo,demo_20260921_v1,s1,R2026090900019,O20260908000019,2026-09-09 12:00:00.000000,16250
t_demo,demo_20260921_v1,s1,R2026090900020,O20260908000020,2026-09-09 12:00:00.000000,16250
t_demo,demo_20260921_v1,s1,R2026090900021,O20260908000021,2026-09-09 12:00:00.000000,16250
t_demo,demo_20260921_v1,s1,R2026090900022,O20260908000022,2026-09-09 12:00:00.000000,16250
t_demo,demo_20260921_v1,s1,R2026090900023,O20260908000023,2026-09-09 12:00:00.000000,16250
t_demo,demo_20260921_v1,s1,R2026090900024,O20260908000024,2026-09-09 12:00:00.000000,16250
t_demo,demo_20260921_v1,s1,R2026090900025,O20260908000025,2026-09-09 12:00:00.000000,16250
t_demo,demo_20260921_v1,s1,R2026090900026,O20260908000026,2026-09-09 12:00:00.000000,16250
t_demo,demo_20260921_v1,s1,R2026090900027,O20260908000027,2026-09-09 12:00:00.000000,16250
t_demo,demo_20260921_v1,s1,R2026090900028,O20260908000028,2026-09-09 12:00:00.000000,16250
t_demo,demo_20260921_v1,s1,R2026090900029,O20260908000029,2026-09-09 12:00:00.000000,16250
t_demo,demo_20260921_v1,s1,R2026090900030,O20260908000030,2026-09-09 12:00:00.000000,16250
t_demo,demo_20260921_v1,s1,R2026090900031,O20260908000031,2026-09-09 12:00:00.000000,16250
t_demo,demo_20260921_v1,s1,R2026090900032,O20260908000032,2026-09-09 12:00:00.000000,16250
t_demo,demo_20260921_v1,s1,R2026090900033,O20260908000033,2026-09-09 12:00:00.000000,16250
t_demo,demo_20260921_v1,s1,R2026090900034,O20260908000034,2026-09-09 12:00:00.000000,16250
t_demo,demo_20260921_v1,s1,R2026090900035,O20260908000035,2026-09-09 12:00:00.000000,16250
t_demo,demo_20260921_v1,s1,R2026090900036,O20260908000036,2026-09-09 12:00:00.000000,16250
t_demo,demo_20260921_v1,s1,R2026090900037,O20260908000037,2026-09-09 12:00:00.000000,16250
t_demo,demo_20260921_v1,s1,R2026090900038,O20260908000038,2026-09-09 12:00:00.000000,16250
t_demo,demo_20260921_v1,s1,R2026090900039,O20260908000039,2026-09-09 12:00:00.000000,16250
t_demo,demo_20260921_v1,s1,R2026090900040,O20260908000040,2026-09-09 12:00:00.000000,16250
t_demo,demo_20260921_v1,s1,R2026090900041,O20260908000041,2026-09-09 12:00:00.000000,16250
t_demo,demo_20260921_v1,s1,R2026090900042,O20260908000042,2026-09-09 12:00:00.000000,16250
t_demo,demo_20260921_v1,s1,R2026090900043,O20260908000043,2026-09-09 12:00:00.000000,16250
t_demo,demo_20260921_v1,s1,R2026090900044,O20260908000044,2026-09-09 12:00:00.000000,16250
t_demo,demo_20260921_v1,s1,R2026090900045,O20260908000045,2026-09-09 12:00:00.000000,16250
t_demo,demo_20260921_v1,s1,R2026090900046,O20260908000046,2026-09-09 12:00:00.000000,16250
t_demo,demo_20260921_v1,s1,R2026090900047,O20260908000047,2026-09-09 12:00:00.000000,16250
t_demo,demo_20260921_v1,s1,R2026090900048,O20260908000048,2026-09-09 12:00:00.000000,16250
t_demo,demo_20260921_v1,s1,R2026090900049,O20260908000049,2026-09-09 12:00:00.000000,16250
t_demo,demo_20260921_v1,s1,R2026090900050,O20260908000050,2026-09-09 12:00:00.000000,16250
t_demo,demo_20260921_v1,s1,R2026090900051,O20260908000051,2026-09-09 12:00:00.000000,16250
t_demo,demo_20260921_v1,s1,R2026090900052,O20260908000052,2026-09-09 12:00:00.000000,16250
t_demo,demo_20260921_v1,s1,R2026090900053,O20260908000053,2026-09-09 12:00:00.000000,16250
t_demo,demo_20260921_v1,s1,R2026090900054,O20260908000054,2026-09-09 12:00:00.000000,16250
t_demo,demo_20260921_v1,s1,R2026090900055,O20260908000055,2026-09-09 12:00:00.000000,16250
t_demo,demo_20260921_v1,s1,R2026090900056,O20260908000056,2026-09-09 12:00:00.000000,16250
t_demo,demo_20260921_v1,s1,R2026090900057,O20260908000057,2026-09-09 12:00:00.000000,16250
t_demo,demo_20260921_v1,s1,R2026090900058,O20260908000058,2026-09-09 12:00:00.000000,16250
t_demo,demo_20260921_v1,s1,R2026090900059,O20260908000059,2026-09-09 12:00:00.000000,16250
t_demo,demo_20260921_v1,s1,R2026090900060,O20260908000060,2026-09-09 12:00:00.000000,16250
t_demo,demo_20260921_v1,s1,R2026090900061,O20260908000061,2026-09-09 12:00:00.000000,16250
t_demo,demo_20260921_v1,s1,R2026090900062,O20260908000062,2026-09-09 12:00:00.000000,16250
t_demo,demo_20260921_v1,s1,R2026090900063,O20260908000063,2026-09-09 12:00:00.000000,16250
t_demo,demo_20260921_v1,s1,R2026090900064,O20260908000064,2026-09-09 12:00:00.000000,16250
t_demo,demo_20260921_v1,s1,R2026090900065,O20260908000065,2026-09-09 12:00:00.000000,16250
t_demo,demo_20260921_v1,s1,R2026090900066,O20260908000066,2026-09-09 12:00:00.000000,16250
t_demo,demo_20260921_v1,s1,R2026090900067,O20260908000067,2026-09-09 12:00:00.000000,16250
t_demo,demo_20260921_v1,s1,R2026090900068,O20260908000068,2026-09-09 12:00:00.000000,16250
t_demo,demo_20260921_v1,s1,R2026090900069,O20260908000069,2026-09-09 12:00:00.000000,16250
t_demo,demo_20260921_v1,s1,R2026090900070,O20260908000070,2026-09-09 12:00:00.000000,16250
t_demo,demo_20260921_v1,s1,R2026090900071,O20260908000071,2026-09-09 12:00:00.000000,16250
t_demo,demo_20260921_v1,s1,R2026090900072,O20260908000072,2026-09-09 12:00:00.000000,16250
t_demo,demo_20260921_v1,s1,R2026090900073,O20260908000073,2026-09-09 12:00:00.000000,16250
t_demo,demo_20260921_v1,s1,R2026090900074,O20260908000074,2026-09-09 12:00:00.000000,16250
t_demo,demo_20260921_v1,s1,R2026090900075,O20260908000075,2026-09-09 12:00:00.000000,16250
t_demo,demo_20260921_v1,s1,R2026090900076,O20260908000076,2026-09-09 12:00:00.000000,16250
t_demo,demo_20260921_v1,s1,R2026090900077,O20260908000077,2026-09-09 12:00:00.000000,16250
t_demo,demo_20260921_v1,s1,R2026090900078,O20260908000078,2026-09-09 12:00:00.000000,16250
t_demo,demo_20260921_v1,s1,R2026090900079,O20260908000079,2026-09-09 12:00:00.000000,16250
t_demo,demo_20260921_v1,s1,R2026090900080,O20260908000080,2026-09-09 12:00:00.000000,16250
t_demo,demo_20260921_v1,s1,R2026091000001,O20260909000001,2026-09-10 12:00:00.000000,16250
t_demo,demo_20260921_v1,s1,R2026091000002,O20260909000002,2026-09-10 12:00:00.000000,16250
t_demo,demo_20260921_v1,s1,R2026091000003,O20260909000003,2026-09-10 12:00:00.000000,16250
t_demo,demo_20260921_v1,s1,R2026091000004,O20260909000004,2026-09-10 12:00:00.000000,16250
t_demo,demo_20260921_v1,s1,R2026091000005,O20260909000005,2026-09-10 12:00:00.000000,16250
t_demo,demo_20260921_v1,s1,R2026091000006,O20260909000006,2026-09-10 12:00:00.000000,16250
t_demo,demo_20260921_v1,s1,R2026091000007,O20260909000007,2026-09-10 12:00:00.000000,16250
t_demo,demo_20260921_v1,s1,R2026091000008,O20260909000008,2026-09-10 12:00:00.000000,16250
t_demo,demo_20260921_v1,s1,R2026091000009,O20260909000009,2026-09-10 12:00:00.000000,16250
t_demo,demo_20260921_v1,s1,R2026091000010,O20260909000010,2026-09-10 12:00:00.000000,16250
t_demo,demo_20260921_v1,s1,R2026091000011,O20260909000011,2026-09-10 12:00:00.000000,16250
t_demo,demo_20260921_v1,s1,R2026091000012,O20260909000012,2026-09-10 12:00:00.000000,16250
t_demo,demo_20260921_v1,s1,R2026091000013,O20260909000013,2026-09-10 12:00:00.000000,16250
t_demo,demo_20260921_v1,s1,R2026091000014,O20260909000014,2026-09-10 12:00:00.000000,16250
t_demo,demo_20260921_v1,s1,R2026091000015,O20260909000015,2026-09-10 12:00:00.000000,16250
t_demo,demo_20260921_v1,s1,R2026091000016,O20260909000016,2026-09-10 12:00:00.000000,16250
t_demo,demo_20260921_v1,s1,R2026091000017,O20260909000017,2026-09-10 12:00:00.000000,16250
t_demo,demo_20260921_v1,s1,R2026091000018,O20260909000018,2026-09-10 12:00:00.000000,16250
t_demo,demo_20260921_v1,s1,R2026091000019,O20260909000019,2026-09-10 12:00:00.000000,16250
t_demo,demo_20260921_v1,s1,R2026091000020,O20260909000020,2026-09-10 12:00:00.000000,16250
t_demo,demo_20260921_v1,s1,R2026091000021,O20260909000021,2026-09-10 12:00:00.000000,16250
t_demo,demo_20260921_v1,s1,R2026091000022,O20260909000022,2026-09-10 12:00:00.000000,16250
t_demo,demo_20260921_v1,s1,R2026091000023,O20260909000023,2026-09-10 12:00:00.000000,16250
t_demo,demo_20260921_v1,s1,R2026091000024,O20260909000024,2026-09-10 12:00:00.000000,16250
t_demo,demo_20260921_v1,s1,R2026091000025,O20260909000025,2026-09-10 12:00:00.000000,16250
t_demo,demo_20260921_v1,s1,R2026091000026,O20260909000026,2026-09-10 12:00:00.000000,16250
t_demo,demo_20260921_v1,s1,R2026091000027,O20260909000027,2026-09-10 12:00:00.000000,16250
t_demo,demo_20260921_v1,s1,R2026091000028,O20260909000028,2026-09-10 12:00:00.000000,16250
t_demo,demo_20260921_v1,s1,R2026091000029,O20260909000029,2026-09-10 12:00:00.000000,16250
t_demo,demo_20260921_v1,s1,R2026091000030,O20260909000030,2026-09-10 12:00:00.000000,16250
t_demo,demo_20260921_v1,s1,R2026091000031,O20260909000031,2026-09-10 12:00:00.000000,16250
t_demo,demo_20260921_v1,s1,R2026091000032,O20260909000032,2026-09-10 12:00:00.000000,16250
t_demo,demo_20260921_v1,s1,R2026091000033,O20260909000033,2026-09-10 12:00:00.000000,16250
t_demo,demo_20260921_v1,s1,R2026091000034,O20260909000034,2026-09-10 12:00:00.000000,16250
t_demo,demo_20260921_v1,s1,R2026091000035,O20260909000035,2026-09-10 12:00:00.000000,16250
t_demo,demo_20260921_v1,s1,R2026091000036,O20260909000036,2026-09-10 12:00:00.000000,16250
t_demo,demo_20260921_v1,s1,R2026091000037,O20260909000037,2026-09-10 12:00:00.000000,16250
t_demo,demo_20260921_v1,s1,R2026091000038,O20260909000038,2026-09-10 12:00:00.000000,16250
t_demo,demo_20260921_v1,s1,R2026091000039,O20260909000039,2026-09-10 12:00:00.000000,16250
t_demo,demo_20260921_v1,s1,R2026091000040,O20260909000040,2026-09-10 12:00:00.000000,16250
t_demo,demo_20260921_v1,s1,R2026091000041,O20260909000041,2026-09-10 12:00:00.000000,16250
t_demo,demo_20260921_v1,s1,R2026091000042,O20260909000042,2026-09-10 12:00:00.000000,16250
t_demo,demo_20260921_v1,s1,R2026091000043,O20260909000043,2026-09-10 12:00:00.000000,16250
t_demo,demo_20260921_v1,s1,R2026091000044,O20260909000044,2026-09-10 12:00:00.000000,16250
t_demo,demo_20260921_v1,s1,R2026091000045,O20260909000045,2026-09-10 12:00:00.000000,16250
t_demo,demo_20260921_v1,s1,R2026091000046,O20260909000046,2026-09-10 12:00:00.000000,16250
t_demo,demo_20260921_v1,s1,R2026091000047,O20260909000047,2026-09-10 12:00:00.000000,16250
t_demo,demo_20260921_v1,s1,R2026091000048,O20260909000048,2026-09-10 12:00:00.000000,16250
t_demo,demo_20260921_v1,s1,R2026091000049,O20260909000049,2026-09-10 12:00:00.000000,16250
t_demo,demo_20260921_v1,s1,R2026091000050,O20260909000050,2026-09-10 12:00:00.000000,16250
t_demo,demo_20260921_v1,s1,R2026091000051,O20260909000051,2026-09-10 12:00:00.000000,16250
t_demo,demo_20260921_v1,s1,R2026091000052,O20260909000052,2026-09-10 12:00:00.000000,16250
t_demo,demo_20260921_v1,s1,R2026091000053,O20260909000053,2026-09-10 12:00:00.000000,16250
t_demo,demo_20260921_v1,s1,R2026091000054,O20260909000054,2026-09-10 12:00:00.000000,16250
t_demo,demo_20260921_v1,s1,R2026091000055,O20260909000055,2026-09-10 12:00:00.000000,16250
t_demo,demo_20260921_v1,s1,R2026091000056,O20260909000056,2026-09-10 12:00:00.000000,16250
t_demo,demo_20260921_v1,s1,R2026091000057,O20260909000057,2026-09-10 12:00:00.000000,16250
t_demo,demo_20260921_v1,s1,R2026091000058,O20260909000058,2026-09-10 12:00:00.000000,16250
t_demo,demo_20260921_v1,s1,R2026091000059,O20260909000059,2026-09-10 12:00:00.000000,16250
t_demo,demo_20260921_v1,s1,R2026091000060,O20260909000060,2026-09-10 12:00:00.000000,16250
t_demo,demo_20260921_v1,s1,R2026091000061,O20260909000061,2026-09-10 12:00:00.000000,16250
t_demo,demo_20260921_v1,s1,R2026091000062,O20260909000062,2026-09-10 12:00:00.000000,16250
t_demo,demo_20260921_v1,s1,R2026091000063,O20260909000063,2026-09-10 12:00:00.000000,16250
t_demo,demo_20260921_v1,s1,R2026091000064,O20260909000064,2026-09-10 12:00:00.000000,16250
t_demo,demo_20260921_v1,s1,R2026091000065,O20260909000065,2026-09-10 12:00:00.000000,16250
t_demo,demo_20260921_v1,s1,R2026091000066,O20260909000066,2026-09-10 12:00:00.000000,16250
t_demo,demo_20260921_v1,s1,R2026091000067,O20260909000067,2026-09-10 12:00:00.000000,16250
t_demo,demo_20260921_v1,s1,R2026091000068,O20260909000068,2026-09-10 12:00:00.000000,16250
t_demo,demo_20260921_v1,s1,R2026091000069,O20260909000069,2026-09-10 12:00:00.000000,16250
t_demo,demo_20260921_v1,s1,R2026091000070,O20260909000070,2026-09-10 12:00:00.000000,16250
t_demo,demo_20260921_v1,s1,R2026091000071,O20260909000071,2026-09-10 12:00:00.000000,16250
t_demo,demo_20260921_v1,s1,R2026091000072,O20260909000072,2026-09-10 12:00:00.000000,16250
t_demo,demo_20260921_v1,s1,R2026091000073,O20260909000073,2026-09-10 12:00:00.000000,16250
t_demo,demo_20260921_v1,s1,R2026091000074,O20260909000074,2026-09-10 12:00:00.000000,16250
t_demo,demo_20260921_v1,s1,R2026091000075,O20260909000075,2026-09-10 12:00:00.000000,16250
t_demo,demo_20260921_v1,s1,R2026091000076,O20260909000076,2026-09-10 12:00:00.000000,16250
t_demo,demo_20260921_v1,s1,R2026091000077,O20260909000077,2026-09-10 12:00:00.000000,16250
t_demo,demo_20260921_v1,s1,R2026091000078,O20260909000078,2026-09-10 12:00:00.000000,16250
t_demo,demo_20260921_v1,s1,R2026091000079,O20260909000079,2026-09-10 12:00:00.000000,16250
t_demo,demo_20260921_v1,s1,R2026091000080,O20260909000080,2026-09-10 12:00:00.000000,16250
t_demo,demo_20260921_v1,s1,R2026091100001,O20260910000001,2026-09-11 12:00:00.000000,16250
t_demo,demo_20260921_v1,s1,R2026091100002,O20260910000002,2026-09-11 12:00:00.000000,16250
t_demo,demo_20260921_v1,s1,R2026091100003,O20260910000003,2026-09-11 12:00:00.000000,16250
t_demo,demo_20260921_v1,s1,R2026091100004,O20260910000004,2026-09-11 12:00:00.000000,16250
t_demo,demo_20260921_v1,s1,R2026091100005,O20260910000005,2026-09-11 12:00:00.000000,16250
t_demo,demo_20260921_v1,s1,R2026091100006,O20260910000006,2026-09-11 12:00:00.000000,16250
t_demo,demo_20260921_v1,s1,R2026091100007,O20260910000007,2026-09-11 12:00:00.000000,16250
t_demo,demo_20260921_v1,s1,R2026091100008,O20260910000008,2026-09-11 12:00:00.000000,16250
t_demo,demo_20260921_v1,s1,R2026091100009,O20260910000009,2026-09-11 12:00:00.000000,16250
t_demo,demo_20260921_v1,s1,R2026091100010,O20260910000010,2026-09-11 12:00:00.000000,16250
t_demo,demo_20260921_v1,s1,R2026091100011,O20260910000011,2026-09-11 12:00:00.000000,16250
t_demo,demo_20260921_v1,s1,R2026091100012,O20260910000012,2026-09-11 12:00:00.000000,16250
t_demo,demo_20260921_v1,s1,R2026091100013,O20260910000013,2026-09-11 12:00:00.000000,16250
t_demo,demo_20260921_v1,s1,R2026091100014,O20260910000014,2026-09-11 12:00:00.000000,16250
t_demo,demo_20260921_v1,s1,R2026091100015,O20260910000015,2026-09-11 12:00:00.000000,16250
t_demo,demo_20260921_v1,s1,R2026091100016,O20260910000016,2026-09-11 12:00:00.000000,16250
t_demo,demo_20260921_v1,s1,R2026091100017,O20260910000017,2026-09-11 12:00:00.000000,16250
t_demo,demo_20260921_v1,s1,R2026091100018,O20260910000018,2026-09-11 12:00:00.000000,16250
t_demo,demo_20260921_v1,s1,R2026091100019,O20260910000019,2026-09-11 12:00:00.000000,16250
t_demo,demo_20260921_v1,s1,R2026091100020,O20260910000020,2026-09-11 12:00:00.000000,16250
t_demo,demo_20260921_v1,s1,R2026091100021,O20260910000021,2026-09-11 12:00:00.000000,16250
t_demo,demo_20260921_v1,s1,R2026091100022,O20260910000022,2026-09-11 12:00:00.000000,16250
t_demo,demo_20260921_v1,s1,R2026091100023,O20260910000023,2026-09-11 12:00:00.000000,16250
t_demo,demo_20260921_v1,s1,R2026091100024,O20260910000024,2026-09-11 12:00:00.000000,16250
t_demo,demo_20260921_v1,s1,R2026091100025,O20260910000025,2026-09-11 12:00:00.000000,16250
t_demo,demo_20260921_v1,s1,R2026091100026,O20260910000026,2026-09-11 12:00:00.000000,16250
t_demo,demo_20260921_v1,s1,R2026091100027,O20260910000027,2026-09-11 12:00:00.000000,16250
t_demo,demo_20260921_v1,s1,R2026091100028,O20260910000028,2026-09-11 12:00:00.000000,16250
t_demo,demo_20260921_v1,s1,R2026091100029,O20260910000029,2026-09-11 12:00:00.000000,16250
t_demo,demo_20260921_v1,s1,R2026091100030,O20260910000030,2026-09-11 12:00:00.000000,16250
t_demo,demo_20260921_v1,s1,R2026091100031,O20260910000031,2026-09-11 12:00:00.000000,16250
t_demo,demo_20260921_v1,s1,R2026091100032,O20260910000032,2026-09-11 12:00:00.000000,16250
t_demo,demo_20260921_v1,s1,R2026091100033,O20260910000033,2026-09-11 12:00:00.000000,16250
t_demo,demo_20260921_v1,s1,R2026091100034,O20260910000034,2026-09-11 12:00:00.000000,16250
t_demo,demo_20260921_v1,s1,R2026091100035,O20260910000035,2026-09-11 12:00:00.000000,16250
t_demo,demo_20260921_v1,s1,R2026091100036,O20260910000036,2026-09-11 12:00:00.000000,16250
t_demo,demo_20260921_v1,s1,R2026091100037,O20260910000037,2026-09-11 12:00:00.000000,16250
t_demo,demo_20260921_v1,s1,R2026091100038,O20260910000038,2026-09-11 12:00:00.000000,16250
t_demo,demo_20260921_v1,s1,R2026091100039,O20260910000039,2026-09-11 12:00:00.000000,16250
t_demo,demo_20260921_v1,s1,R2026091100040,O20260910000040,2026-09-11 12:00:00.000000,16250
t_demo,demo_20260921_v1,s1,R2026091100041,O20260910000041,2026-09-11 12:00:00.000000,16250
t_demo,demo_20260921_v1,s1,R2026091100042,O20260910000042,2026-09-11 12:00:00.000000,16250
t_demo,demo_20260921_v1,s1,R2026091100043,O20260910000043,2026-09-11 12:00:00.000000,16250
t_demo,demo_20260921_v1,s1,R2026091100044,O20260910000044,2026-09-11 12:00:00.000000,16250
t_demo,demo_20260921_v1,s1,R2026091100045,O20260910000045,2026-09-11 12:00:00.000000,16250
t_demo,demo_20260921_v1,s1,R2026091100046,O20260910000046,2026-09-11 12:00:00.000000,16250
t_demo,demo_20260921_v1,s1,R2026091100047,O20260910000047,2026-09-11 12:00:00.000000,16250
t_demo,demo_20260921_v1,s1,R2026091100048,O20260910000048,2026-09-11 12:00:00.000000,16250
t_demo,demo_20260921_v1,s1,R2026091100049,O20260910000049,2026-09-11 12:00:00.000000,16250
t_demo,demo_20260921_v1,s1,R2026091100050,O20260910000050,2026-09-11 12:00:00.000000,16250
t_demo,demo_20260921_v1,s1,R2026091100051,O20260910000051,2026-09-11 12:00:00.000000,16250
t_demo,demo_20260921_v1,s1,R2026091100052,O20260910000052,2026-09-11 12:00:00.000000,16250
t_demo,demo_20260921_v1,s1,R2026091100053,O20260910000053,2026-09-11 12:00:00.000000,16250
t_demo,demo_20260921_v1,s1,R2026091100054,O20260910000054,2026-09-11 12:00:00.000000,16250
t_demo,demo_20260921_v1,s1,R2026091100055,O20260910000055,2026-09-11 12:00:00.000000,16250
t_demo,demo_20260921_v1,s1,R2026091100056,O20260910000056,2026-09-11 12:00:00.000000,16250
t_demo,demo_20260921_v1,s1,R2026091100057,O20260910000057,2026-09-11 12:00:00.000000,16250
t_demo,demo_20260921_v1,s1,R2026091100058,O20260910000058,2026-09-11 12:00:00.000000,16250
t_demo,demo_20260921_v1,s1,R2026091100059,O20260910000059,2026-09-11 12:00:00.000000,16250
t_demo,demo_20260921_v1,s1,R2026091100060,O20260910000060,2026-09-11 12:00:00.000000,16250
t_demo,demo_20260921_v1,s1,R2026091100061,O20260910000061,2026-09-11 12:00:00.000000,16250
t_demo,demo_20260921_v1,s1,R2026091100062,O20260910000062,2026-09-11 12:00:00.000000,16250
t_demo,demo_20260921_v1,s1,R2026091100063,O20260910000063,2026-09-11 12:00:00.000000,16250
t_demo,demo_20260921_v1,s1,R2026091100064,O20260910000064,2026-09-11 12:00:00.000000,16250
t_demo,demo_20260921_v1,s1,R2026091100065,O20260910000065,2026-09-11 12:00:00.000000,16250
t_demo,demo_20260921_v1,s1,R2026091100066,O20260910000066,2026-09-11 12:00:00.000000,16250
t_demo,demo_20260921_v1,s1,R2026091100067,O20260910000067,2026-09-11 12:00:00.000000,16250
t_demo,demo_20260921_v1,s1,R2026091100068,O20260910000068,2026-09-11 12:00:00.000000,16250
t_demo,demo_20260921_v1,s1,R2026091100069,O20260910000069,2026-09-11 12:00:00.000000,16250
t_demo,demo_20260921_v1,s1,R2026091100070,O20260910000070,2026-09-11 12:00:00.000000,16250
t_demo,demo_20260921_v1,s1,R2026091100071,O20260910000071,2026-09-11 12:00:00.000000,16250
t_demo,demo_20260921_v1,s1,R2026091100072,O20260910000072,2026-09-11 12:00:00.000000,16250
t_demo,demo_20260921_v1,s1,R2026091100073,O20260910000073,2026-09-11 12:00:00.000000,16250
t_demo,demo_20260921_v1,s1,R2026091100074,O20260910000074,2026-09-11 12:00:00.000000,16250
t_demo,demo_20260921_v1,s1,R2026091100075,O20260910000075,2026-09-11 12:00:00.000000,16250
t_demo,demo_20260921_v1,s1,R2026091100076,O20260910000076,2026-09-11 12:00:00.000000,16250
t_demo,demo_20260921_v1,s1,R2026091100077,O20260910000077,2026-09-11 12:00:00.000000,16250
t_demo,demo_20260921_v1,s1,R2026091100078,O20260910000078,2026-09-11 12:00:00.000000,16250
t_demo,demo_20260921_v1,s1,R2026091100079,O20260910000079,2026-09-11 12:00:00.000000,16250
t_demo,demo_20260921_v1,s1,R2026091100080,O20260910000080,2026-09-11 12:00:00.000000,16250
t_demo,demo_20260921_v1,s1,R2026091200001,O20260911000001,2026-09-12 12:00:00.000000,16250
t_demo,demo_20260921_v1,s1,R2026091200002,O20260911000002,2026-09-12 12:00:00.000000,16250
t_demo,demo_20260921_v1,s1,R2026091200003,O20260911000003,2026-09-12 12:00:00.000000,16250
t_demo,demo_20260921_v1,s1,R2026091200004,O20260911000004,2026-09-12 12:00:00.000000,16250
t_demo,demo_20260921_v1,s1,R2026091200005,O20260911000005,2026-09-12 12:00:00.000000,16250
t_demo,demo_20260921_v1,s1,R2026091200006,O20260911000006,2026-09-12 12:00:00.000000,16250
t_demo,demo_20260921_v1,s1,R2026091200007,O20260911000007,2026-09-12 12:00:00.000000,16250
t_demo,demo_20260921_v1,s1,R2026091200008,O20260911000008,2026-09-12 12:00:00.000000,16250
t_demo,demo_20260921_v1,s1,R2026091200009,O20260911000009,2026-09-12 12:00:00.000000,16250
t_demo,demo_20260921_v1,s1,R2026091200010,O20260911000010,2026-09-12 12:00:00.000000,16250
t_demo,demo_20260921_v1,s1,R2026091200011,O20260911000011,2026-09-12 12:00:00.000000,16250
t_demo,demo_20260921_v1,s1,R2026091200012,O20260911000012,2026-09-12 12:00:00.000000,16250
t_demo,demo_20260921_v1,s1,R2026091200013,O20260911000013,2026-09-12 12:00:00.000000,16250
t_demo,demo_20260921_v1,s1,R2026091200014,O20260911000014,2026-09-12 12:00:00.000000,16250
t_demo,demo_20260921_v1,s1,R2026091200015,O20260911000015,2026-09-12 12:00:00.000000,16250
t_demo,demo_20260921_v1,s1,R2026091200016,O20260911000016,2026-09-12 12:00:00.000000,16250
t_demo,demo_20260921_v1,s1,R2026091200017,O20260911000017,2026-09-12 12:00:00.000000,16250
t_demo,demo_20260921_v1,s1,R2026091200018,O20260911000018,2026-09-12 12:00:00.000000,16250
t_demo,demo_20260921_v1,s1,R2026091200019,O20260911000019,2026-09-12 12:00:00.000000,16250
t_demo,demo_20260921_v1,s1,R2026091200020,O20260911000020,2026-09-12 12:00:00.000000,16250
t_demo,demo_20260921_v1,s1,R2026091200021,O20260911000021,2026-09-12 12:00:00.000000,16250
t_demo,demo_20260921_v1,s1,R2026091200022,O20260911000022,2026-09-12 12:00:00.000000,16250
t_demo,demo_20260921_v1,s1,R2026091200023,O20260911000023,2026-09-12 12:00:00.000000,16250
t_demo,demo_20260921_v1,s1,R2026091200024,O20260911000024,2026-09-12 12:00:00.000000,16250
t_demo,demo_20260921_v1,s1,R2026091200025,O20260911000025,2026-09-12 12:00:00.000000,16250
t_demo,demo_20260921_v1,s1,R2026091200026,O20260911000026,2026-09-12 12:00:00.000000,16250
t_demo,demo_20260921_v1,s1,R2026091200027,O20260911000027,2026-09-12 12:00:00.000000,16250
t_demo,demo_20260921_v1,s1,R2026091200028,O20260911000028,2026-09-12 12:00:00.000000,16250
t_demo,demo_20260921_v1,s1,R2026091200029,O20260911000029,2026-09-12 12:00:00.000000,16250
t_demo,demo_20260921_v1,s1,R2026091200030,O20260911000030,2026-09-12 12:00:00.000000,16250
t_demo,demo_20260921_v1,s1,R2026091200031,O20260911000031,2026-09-12 12:00:00.000000,16250
t_demo,demo_20260921_v1,s1,R2026091200032,O20260911000032,2026-09-12 12:00:00.000000,16250
t_demo,demo_20260921_v1,s1,R2026091200033,O20260911000033,2026-09-12 12:00:00.000000,16250
t_demo,demo_20260921_v1,s1,R2026091200034,O20260911000034,2026-09-12 12:00:00.000000,16250
t_demo,demo_20260921_v1,s1,R2026091200035,O20260911000035,2026-09-12 12:00:00.000000,16250
t_demo,demo_20260921_v1,s1,R2026091200036,O20260911000036,2026-09-12 12:00:00.000000,16250
t_demo,demo_20260921_v1,s1,R2026091200037,O20260911000037,2026-09-12 12:00:00.000000,16250
t_demo,demo_20260921_v1,s1,R2026091200038,O20260911000038,2026-09-12 12:00:00.000000,16250
t_demo,demo_20260921_v1,s1,R2026091200039,O20260911000039,2026-09-12 12:00:00.000000,16250
t_demo,demo_20260921_v1,s1,R2026091200040,O20260911000040,2026-09-12 12:00:00.000000,16250
t_demo,demo_20260921_v1,s1,R2026091200041,O20260911000041,2026-09-12 12:00:00.000000,16250
t_demo,demo_20260921_v1,s1,R2026091200042,O20260911000042,2026-09-12 12:00:00.000000,16250
t_demo,demo_20260921_v1,s1,R2026091200043,O20260911000043,2026-09-12 12:00:00.000000,16250
t_demo,demo_20260921_v1,s1,R2026091200044,O20260911000044,2026-09-12 12:00:00.000000,16250
t_demo,demo_20260921_v1,s1,R2026091200045,O20260911000045,2026-09-12 12:00:00.000000,16250
t_demo,demo_20260921_v1,s1,R2026091200046,O20260911000046,2026-09-12 12:00:00.000000,16250
t_demo,demo_20260921_v1,s1,R2026091200047,O20260911000047,2026-09-12 12:00:00.000000,16250
t_demo,demo_20260921_v1,s1,R2026091200048,O20260911000048,2026-09-12 12:00:00.000000,16250
t_demo,demo_20260921_v1,s1,R2026091200049,O20260911000049,2026-09-12 12:00:00.000000,16250
t_demo,demo_20260921_v1,s1,R2026091200050,O20260911000050,2026-09-12 12:00:00.000000,16250
t_demo,demo_20260921_v1,s1,R2026091200051,O20260911000051,2026-09-12 12:00:00.000000,16250
t_demo,demo_20260921_v1,s1,R2026091200052,O20260911000052,2026-09-12 12:00:00.000000,16250
t_demo,demo_20260921_v1,s1,R2026091200053,O20260911000053,2026-09-12 12:00:00.000000,16250
t_demo,demo_20260921_v1,s1,R2026091200054,O20260911000054,2026-09-12 12:00:00.000000,16250
t_demo,demo_20260921_v1,s1,R2026091200055,O20260911000055,2026-09-12 12:00:00.000000,16250
t_demo,demo_20260921_v1,s1,R2026091200056,O20260911000056,2026-09-12 12:00:00.000000,16250
t_demo,demo_20260921_v1,s1,R2026091200057,O20260911000057,2026-09-12 12:00:00.000000,16250
t_demo,demo_20260921_v1,s1,R2026091200058,O20260911000058,2026-09-12 12:00:00.000000,16250
t_demo,demo_20260921_v1,s1,R2026091200059,O20260911000059,2026-09-12 12:00:00.000000,16250
t_demo,demo_20260921_v1,s1,R2026091200060,O20260911000060,2026-09-12 12:00:00.000000,16250
t_demo,demo_20260921_v1,s1,R2026091200061,O20260911000061,2026-09-12 12:00:00.000000,16250
t_demo,demo_20260921_v1,s1,R2026091200062,O20260911000062,2026-09-12 12:00:00.000000,16250
t_demo,demo_20260921_v1,s1,R2026091200063,O20260911000063,2026-09-12 12:00:00.000000,16250
t_demo,demo_20260921_v1,s1,R2026091200064,O20260911000064,2026-09-12 12:00:00.000000,16250
t_demo,demo_20260921_v1,s1,R2026091200065,O20260911000065,2026-09-12 12:00:00.000000,16250
t_demo,demo_20260921_v1,s1,R2026091200066,O20260911000066,2026-09-12 12:00:00.000000,16250
t_demo,demo_20260921_v1,s1,R2026091200067,O20260911000067,2026-09-12 12:00:00.000000,16250
t_demo,demo_20260921_v1,s1,R2026091200068,O20260911000068,2026-09-12 12:00:00.000000,16250
t_demo,demo_20260921_v1,s1,R2026091200069,O20260911000069,2026-09-12 12:00:00.000000,16250
t_demo,demo_20260921_v1,s1,R2026091200070,O20260911000070,2026-09-12 12:00:00.000000,16250
t_demo,demo_20260921_v1,s1,R2026091200071,O20260911000071,2026-09-12 12:00:00.000000,16250
t_demo,demo_20260921_v1,s1,R2026091200072,O20260911000072,2026-09-12 12:00:00.000000,16250
t_demo,demo_20260921_v1,s1,R2026091200073,O20260911000073,2026-09-12 12:00:00.000000,16250
t_demo,demo_20260921_v1,s1,R2026091200074,O20260911000074,2026-09-12 12:00:00.000000,16250
t_demo,demo_20260921_v1,s1,R2026091200075,O20260911000075,2026-09-12 12:00:00.000000,16250
t_demo,demo_20260921_v1,s1,R2026091200076,O20260911000076,2026-09-12 12:00:00.000000,16250
t_demo,demo_20260921_v1,s1,R2026091200077,O20260911000077,2026-09-12 12:00:00.000000,16250
t_demo,demo_20260921_v1,s1,R2026091200078,O20260911000078,2026-09-12 12:00:00.000000,16250
t_demo,demo_20260921_v1,s1,R2026091200079,O20260911000079,2026-09-12 12:00:00.000000,16250
t_demo,demo_20260921_v1,s1,R2026091200080,O20260911000080,2026-09-12 12:00:00.000000,16250
t_demo,demo_20260921_v1,s1,R2026091300001,O20260912000001,2026-09-13 12:00:00.000000,16250
t_demo,demo_20260921_v1,s1,R2026091300002,O20260912000002,2026-09-13 12:00:00.000000,16250
t_demo,demo_20260921_v1,s1,R2026091300003,O20260912000003,2026-09-13 12:00:00.000000,16250
t_demo,demo_20260921_v1,s1,R2026091300004,O20260912000004,2026-09-13 12:00:00.000000,16250
t_demo,demo_20260921_v1,s1,R2026091300005,O20260912000005,2026-09-13 12:00:00.000000,16250
t_demo,demo_20260921_v1,s1,R2026091300006,O20260912000006,2026-09-13 12:00:00.000000,16250
t_demo,demo_20260921_v1,s1,R2026091300007,O20260912000007,2026-09-13 12:00:00.000000,16250
t_demo,demo_20260921_v1,s1,R2026091300008,O20260912000008,2026-09-13 12:00:00.000000,16250
t_demo,demo_20260921_v1,s1,R2026091300009,O20260912000009,2026-09-13 12:00:00.000000,16250
t_demo,demo_20260921_v1,s1,R2026091300010,O20260912000010,2026-09-13 12:00:00.000000,16250
t_demo,demo_20260921_v1,s1,R2026091300011,O20260912000011,2026-09-13 12:00:00.000000,16250
t_demo,demo_20260921_v1,s1,R2026091300012,O20260912000012,2026-09-13 12:00:00.000000,16250
t_demo,demo_20260921_v1,s1,R2026091300013,O20260912000013,2026-09-13 12:00:00.000000,16250
t_demo,demo_20260921_v1,s1,R2026091300014,O20260912000014,2026-09-13 12:00:00.000000,16250
t_demo,demo_20260921_v1,s1,R2026091300015,O20260912000015,2026-09-13 12:00:00.000000,16250
t_demo,demo_20260921_v1,s1,R2026091300016,O20260912000016,2026-09-13 12:00:00.000000,16250
t_demo,demo_20260921_v1,s1,R2026091300017,O20260912000017,2026-09-13 12:00:00.000000,16250
t_demo,demo_20260921_v1,s1,R2026091300018,O20260912000018,2026-09-13 12:00:00.000000,16250
t_demo,demo_20260921_v1,s1,R2026091300019,O20260912000019,2026-09-13 12:00:00.000000,16250
t_demo,demo_20260921_v1,s1,R2026091300020,O20260912000020,2026-09-13 12:00:00.000000,16250
t_demo,demo_20260921_v1,s1,R2026091300021,O20260912000021,2026-09-13 12:00:00.000000,16250
t_demo,demo_20260921_v1,s1,R2026091300022,O20260912000022,2026-09-13 12:00:00.000000,16250
t_demo,demo_20260921_v1,s1,R2026091300023,O20260912000023,2026-09-13 12:00:00.000000,16250
t_demo,demo_20260921_v1,s1,R2026091300024,O20260912000024,2026-09-13 12:00:00.000000,16250
t_demo,demo_20260921_v1,s1,R2026091300025,O20260912000025,2026-09-13 12:00:00.000000,16250
t_demo,demo_20260921_v1,s1,R2026091300026,O20260912000026,2026-09-13 12:00:00.000000,16250
t_demo,demo_20260921_v1,s1,R2026091300027,O20260912000027,2026-09-13 12:00:00.000000,16250
t_demo,demo_20260921_v1,s1,R2026091300028,O20260912000028,2026-09-13 12:00:00.000000,16250
t_demo,demo_20260921_v1,s1,R2026091300029,O20260912000029,2026-09-13 12:00:00.000000,16250
t_demo,demo_20260921_v1,s1,R2026091300030,O20260912000030,2026-09-13 12:00:00.000000,16250
t_demo,demo_20260921_v1,s1,R2026091300031,O20260912000031,2026-09-13 12:00:00.000000,16250
t_demo,demo_20260921_v1,s1,R2026091300032,O20260912000032,2026-09-13 12:00:00.000000,16250
t_demo,demo_20260921_v1,s1,R2026091300033,O20260912000033,2026-09-13 12:00:00.000000,16250
t_demo,demo_20260921_v1,s1,R2026091300034,O20260912000034,2026-09-13 12:00:00.000000,16250
t_demo,demo_20260921_v1,s1,R2026091300035,O20260912000035,2026-09-13 12:00:00.000000,16250
t_demo,demo_20260921_v1,s1,R2026091300036,O20260912000036,2026-09-13 12:00:00.000000,16250
t_demo,demo_20260921_v1,s1,R2026091300037,O20260912000037,2026-09-13 12:00:00.000000,16250
t_demo,demo_20260921_v1,s1,R2026091300038,O20260912000038,2026-09-13 12:00:00.000000,16250
t_demo,demo_20260921_v1,s1,R2026091300039,O20260912000039,2026-09-13 12:00:00.000000,16250
t_demo,demo_20260921_v1,s1,R2026091300040,O20260912000040,2026-09-13 12:00:00.000000,16250
t_demo,demo_20260921_v1,s1,R2026091300041,O20260912000041,2026-09-13 12:00:00.000000,16250
t_demo,demo_20260921_v1,s1,R2026091300042,O20260912000042,2026-09-13 12:00:00.000000,16250
t_demo,demo_20260921_v1,s1,R2026091300043,O20260912000043,2026-09-13 12:00:00.000000,16250
t_demo,demo_20260921_v1,s1,R2026091300044,O20260912000044,2026-09-13 12:00:00.000000,16250
t_demo,demo_20260921_v1,s1,R2026091300045,O20260912000045,2026-09-13 12:00:00.000000,16250
t_demo,demo_20260921_v1,s1,R2026091300046,O20260912000046,2026-09-13 12:00:00.000000,16250
t_demo,demo_20260921_v1,s1,R2026091300047,O20260912000047,2026-09-13 12:00:00.000000,16250
t_demo,demo_20260921_v1,s1,R2026091300048,O20260912000048,2026-09-13 12:00:00.000000,16250
t_demo,demo_20260921_v1,s1,R2026091300049,O20260912000049,2026-09-13 12:00:00.000000,16250
t_demo,demo_20260921_v1,s1,R2026091300050,O20260912000050,2026-09-13 12:00:00.000000,16250
t_demo,demo_20260921_v1,s1,R2026091300051,O20260912000051,2026-09-13 12:00:00.000000,16250
t_demo,demo_20260921_v1,s1,R2026091300052,O20260912000052,2026-09-13 12:00:00.000000,16250
t_demo,demo_20260921_v1,s1,R2026091300053,O20260912000053,2026-09-13 12:00:00.000000,16250
t_demo,demo_20260921_v1,s1,R2026091300054,O20260912000054,2026-09-13 12:00:00.000000,16250
t_demo,demo_20260921_v1,s1,R2026091300055,O20260912000055,2026-09-13 12:00:00.000000,16250
t_demo,demo_20260921_v1,s1,R2026091300056,O20260912000056,2026-09-13 12:00:00.000000,16250
t_demo,demo_20260921_v1,s1,R2026091300057,O20260912000057,2026-09-13 12:00:00.000000,16250
t_demo,demo_20260921_v1,s1,R2026091300058,O20260912000058,2026-09-13 12:00:00.000000,16250
t_demo,demo_20260921_v1,s1,R2026091300059,O20260912000059,2026-09-13 12:00:00.000000,16250
t_demo,demo_20260921_v1,s1,R2026091300060,O20260912000060,2026-09-13 12:00:00.000000,16250
t_demo,demo_20260921_v1,s1,R2026091300061,O20260912000061,2026-09-13 12:00:00.000000,16250
t_demo,demo_20260921_v1,s1,R2026091300062,O20260912000062,2026-09-13 12:00:00.000000,16250
t_demo,demo_20260921_v1,s1,R2026091300063,O20260912000063,2026-09-13 12:00:00.000000,16250
t_demo,demo_20260921_v1,s1,R2026091300064,O20260912000064,2026-09-13 12:00:00.000000,16250
t_demo,demo_20260921_v1,s1,R2026091300065,O20260912000065,2026-09-13 12:00:00.000000,16250
t_demo,demo_20260921_v1,s1,R2026091300066,O20260912000066,2026-09-13 12:00:00.000000,16250
t_demo,demo_20260921_v1,s1,R2026091300067,O20260912000067,2026-09-13 12:00:00.000000,16250
t_demo,demo_20260921_v1,s1,R2026091300068,O20260912000068,2026-09-13 12:00:00.000000,16250
t_demo,demo_20260921_v1,s1,R2026091300069,O20260912000069,2026-09-13 12:00:00.000000,16250
t_demo,demo_20260921_v1,s1,R2026091300070,O20260912000070,2026-09-13 12:00:00.000000,16250
t_demo,demo_20260921_v1,s1,R2026091300071,O20260912000071,2026-09-13 12:00:00.000000,16250
t_demo,demo_20260921_v1,s1,R2026091300072,O20260912000072,2026-09-13 12:00:00.000000,16250
t_demo,demo_20260921_v1,s1,R2026091300073,O20260912000073,2026-09-13 12:00:00.000000,16250
t_demo,demo_20260921_v1,s1,R2026091300074,O20260912000074,2026-09-13 12:00:00.000000,16250
t_demo,demo_20260921_v1,s1,R2026091300075,O20260912000075,2026-09-13 12:00:00.000000,16250
t_demo,demo_20260921_v1,s1,R2026091300076,O20260912000076,2026-09-13 12:00:00.000000,16250
t_demo,demo_20260921_v1,s1,R2026091300077,O20260912000077,2026-09-13 12:00:00.000000,16250
t_demo,demo_20260921_v1,s1,R2026091300078,O20260912000078,2026-09-13 12:00:00.000000,16250
t_demo,demo_20260921_v1,s1,R2026091300079,O20260912000079,2026-09-13 12:00:00.000000,16250
t_demo,demo_20260921_v1,s1,R2026091300080,O20260912000080,2026-09-13 12:00:00.000000,16250
t_demo,demo_20260921_v1,s1,R2026091400001,O20260913000001,2026-09-14 12:00:00.000000,16250
t_demo,demo_20260921_v1,s1,R2026091400002,O20260913000002,2026-09-14 12:00:00.000000,16250
t_demo,demo_20260921_v1,s1,R2026091400003,O20260913000003,2026-09-14 12:00:00.000000,16250
t_demo,demo_20260921_v1,s1,R2026091400004,O20260913000004,2026-09-14 12:00:00.000000,16250
t_demo,demo_20260921_v1,s1,R2026091400005,O20260913000005,2026-09-14 12:00:00.000000,16250
t_demo,demo_20260921_v1,s1,R2026091400006,O20260913000006,2026-09-14 12:00:00.000000,16250
t_demo,demo_20260921_v1,s1,R2026091400007,O20260913000007,2026-09-14 12:00:00.000000,16250
t_demo,demo_20260921_v1,s1,R2026091400008,O20260913000008,2026-09-14 12:00:00.000000,16250
t_demo,demo_20260921_v1,s1,R2026091400009,O20260913000009,2026-09-14 12:00:00.000000,16250
t_demo,demo_20260921_v1,s1,R2026091400010,O20260913000010,2026-09-14 12:00:00.000000,16250
t_demo,demo_20260921_v1,s1,R2026091400011,O20260913000011,2026-09-14 12:00:00.000000,16250
t_demo,demo_20260921_v1,s1,R2026091400012,O20260913000012,2026-09-14 12:00:00.000000,16250
t_demo,demo_20260921_v1,s1,R2026091400013,O20260913000013,2026-09-14 12:00:00.000000,16250
t_demo,demo_20260921_v1,s1,R2026091400014,O20260913000014,2026-09-14 12:00:00.000000,16250
t_demo,demo_20260921_v1,s1,R2026091400015,O20260913000015,2026-09-14 12:00:00.000000,16250
t_demo,demo_20260921_v1,s1,R2026091400016,O20260913000016,2026-09-14 12:00:00.000000,16250
t_demo,demo_20260921_v1,s1,R2026091400017,O20260913000017,2026-09-14 12:00:00.000000,16250
t_demo,demo_20260921_v1,s1,R2026091400018,O20260913000018,2026-09-14 12:00:00.000000,16250
t_demo,demo_20260921_v1,s1,R2026091400019,O20260913000019,2026-09-14 12:00:00.000000,16250
t_demo,demo_20260921_v1,s1,R2026091400020,O20260913000020,2026-09-14 12:00:00.000000,16250
t_demo,demo_20260921_v1,s1,R2026091400021,O20260913000021,2026-09-14 12:00:00.000000,16250
t_demo,demo_20260921_v1,s1,R2026091400022,O20260913000022,2026-09-14 12:00:00.000000,16250
t_demo,demo_20260921_v1,s1,R2026091400023,O20260913000023,2026-09-14 12:00:00.000000,16250
t_demo,demo_20260921_v1,s1,R2026091400024,O20260913000024,2026-09-14 12:00:00.000000,16250
t_demo,demo_20260921_v1,s1,R2026091400025,O20260913000025,2026-09-14 12:00:00.000000,16250
t_demo,demo_20260921_v1,s1,R2026091400026,O20260913000026,2026-09-14 12:00:00.000000,16250
t_demo,demo_20260921_v1,s1,R2026091400027,O20260913000027,2026-09-14 12:00:00.000000,16250
t_demo,demo_20260921_v1,s1,R2026091400028,O20260913000028,2026-09-14 12:00:00.000000,16250
t_demo,demo_20260921_v1,s1,R2026091400029,O20260913000029,2026-09-14 12:00:00.000000,16250
t_demo,demo_20260921_v1,s1,R2026091400030,O20260913000030,2026-09-14 12:00:00.000000,16250
t_demo,demo_20260921_v1,s1,R2026091400031,O20260913000031,2026-09-14 12:00:00.000000,16250
t_demo,demo_20260921_v1,s1,R2026091400032,O20260913000032,2026-09-14 12:00:00.000000,16250
t_demo,demo_20260921_v1,s1,R2026091400033,O20260913000033,2026-09-14 12:00:00.000000,16250
t_demo,demo_20260921_v1,s1,R2026091400034,O20260913000034,2026-09-14 12:00:00.000000,16250
t_demo,demo_20260921_v1,s1,R2026091400035,O20260913000035,2026-09-14 12:00:00.000000,16250
t_demo,demo_20260921_v1,s1,R2026091400036,O20260913000036,2026-09-14 12:00:00.000000,16250
t_demo,demo_20260921_v1,s1,R2026091400037,O20260913000037,2026-09-14 12:00:00.000000,16250
t_demo,demo_20260921_v1,s1,R2026091400038,O20260913000038,2026-09-14 12:00:00.000000,16250
t_demo,demo_20260921_v1,s1,R2026091400039,O20260913000039,2026-09-14 12:00:00.000000,16250
t_demo,demo_20260921_v1,s1,R2026091400040,O20260913000040,2026-09-14 12:00:00.000000,16250
t_demo,demo_20260921_v1,s1,R2026091400041,O20260913000041,2026-09-14 12:00:00.000000,16250
t_demo,demo_20260921_v1,s1,R2026091400042,O20260913000042,2026-09-14 12:00:00.000000,16250
t_demo,demo_20260921_v1,s1,R2026091400043,O20260913000043,2026-09-14 12:00:00.000000,16250
t_demo,demo_20260921_v1,s1,R2026091400044,O20260913000044,2026-09-14 12:00:00.000000,16250
t_demo,demo_20260921_v1,s1,R2026091400045,O20260913000045,2026-09-14 12:00:00.000000,16250
t_demo,demo_20260921_v1,s1,R2026091400046,O20260913000046,2026-09-14 12:00:00.000000,16250
t_demo,demo_20260921_v1,s1,R2026091400047,O20260913000047,2026-09-14 12:00:00.000000,16250
t_demo,demo_20260921_v1,s1,R2026091400048,O20260913000048,2026-09-14 12:00:00.000000,16250
t_demo,demo_20260921_v1,s1,R2026091400049,O20260913000049,2026-09-14 12:00:00.000000,16250
t_demo,demo_20260921_v1,s1,R2026091400050,O20260913000050,2026-09-14 12:00:00.000000,16250
t_demo,demo_20260921_v1,s1,R2026091400051,O20260913000051,2026-09-14 12:00:00.000000,16250
t_demo,demo_20260921_v1,s1,R2026091400052,O20260913000052,2026-09-14 12:00:00.000000,16250
t_demo,demo_20260921_v1,s1,R2026091400053,O20260913000053,2026-09-14 12:00:00.000000,16250
t_demo,demo_20260921_v1,s1,R2026091400054,O20260913000054,2026-09-14 12:00:00.000000,16250
t_demo,demo_20260921_v1,s1,R2026091400055,O20260913000055,2026-09-14 12:00:00.000000,16250
t_demo,demo_20260921_v1,s1,R2026091400056,O20260913000056,2026-09-14 12:00:00.000000,16250
t_demo,demo_20260921_v1,s1,R2026091400057,O20260913000057,2026-09-14 12:00:00.000000,16250
t_demo,demo_20260921_v1,s1,R2026091400058,O20260913000058,2026-09-14 12:00:00.000000,16250
t_demo,demo_20260921_v1,s1,R2026091400059,O20260913000059,2026-09-14 12:00:00.000000,16250
t_demo,demo_20260921_v1,s1,R2026091400060,O20260913000060,2026-09-14 12:00:00.000000,16250
t_demo,demo_20260921_v1,s1,R2026091400061,O20260913000061,2026-09-14 12:00:00.000000,16250
t_demo,demo_20260921_v1,s1,R2026091400062,O20260913000062,2026-09-14 12:00:00.000000,16250
t_demo,demo_20260921_v1,s1,R2026091400063,O20260913000063,2026-09-14 12:00:00.000000,16250
t_demo,demo_20260921_v1,s1,R2026091400064,O20260913000064,2026-09-14 12:00:00.000000,16250
t_demo,demo_20260921_v1,s1,R2026091400065,O20260913000065,2026-09-14 12:00:00.000000,16250
t_demo,demo_20260921_v1,s1,R2026091400066,O20260913000066,2026-09-14 12:00:00.000000,16250
t_demo,demo_20260921_v1,s1,R2026091400067,O20260913000067,2026-09-14 12:00:00.000000,16250
t_demo,demo_20260921_v1,s1,R2026091400068,O20260913000068,2026-09-14 12:00:00.000000,16250
t_demo,demo_20260921_v1,s1,R2026091400069,O20260913000069,2026-09-14 12:00:00.000000,16250
t_demo,demo_20260921_v1,s1,R2026091400070,O20260913000070,2026-09-14 12:00:00.000000,16250
t_demo,demo_20260921_v1,s1,R2026091400071,O20260913000071,2026-09-14 12:00:00.000000,16250
t_demo,demo_20260921_v1,s1,R2026091400072,O20260913000072,2026-09-14 12:00:00.000000,16250
t_demo,demo_20260921_v1,s1,R2026091400073,O20260913000073,2026-09-14 12:00:00.000000,16250
t_demo,demo_20260921_v1,s1,R2026091400074,O20260913000074,2026-09-14 12:00:00.000000,16250
t_demo,demo_20260921_v1,s1,R2026091400075,O20260913000075,2026-09-14 12:00:00.000000,16250
t_demo,demo_20260921_v1,s1,R2026091400076,O20260913000076,2026-09-14 12:00:00.000000,16250
t_demo,demo_20260921_v1,s1,R2026091400077,O20260913000077,2026-09-14 12:00:00.000000,16250
t_demo,demo_20260921_v1,s1,R2026091400078,O20260913000078,2026-09-14 12:00:00.000000,16250
t_demo,demo_20260921_v1,s1,R2026091400079,O20260913000079,2026-09-14 12:00:00.000000,16250
t_demo,demo_20260921_v1,s1,R2026091400080,O20260913000080,2026-09-14 12:00:00.000000,16250
t_demo,demo_20260921_v1,s1,R2026091500001,O20260914000001,2026-09-15 12:00:00.000000,16250
t_demo,demo_20260921_v1,s1,R2026091500002,O20260914000002,2026-09-15 12:00:00.000000,16250
t_demo,demo_20260921_v1,s1,R2026091500003,O20260914000003,2026-09-15 12:00:00.000000,16250
t_demo,demo_20260921_v1,s1,R2026091500004,O20260914000004,2026-09-15 12:00:00.000000,16250
t_demo,demo_20260921_v1,s1,R2026091500005,O20260914000005,2026-09-15 12:00:00.000000,16250
t_demo,demo_20260921_v1,s1,R2026091500006,O20260914000006,2026-09-15 12:00:00.000000,16250
t_demo,demo_20260921_v1,s1,R2026091500007,O20260914000007,2026-09-15 12:00:00.000000,16250
t_demo,demo_20260921_v1,s1,R2026091500008,O20260914000008,2026-09-15 12:00:00.000000,16250
t_demo,demo_20260921_v1,s1,R2026091500009,O20260914000009,2026-09-15 12:00:00.000000,16250
t_demo,demo_20260921_v1,s1,R2026091500010,O20260914000010,2026-09-15 12:00:00.000000,16250
t_demo,demo_20260921_v1,s1,R2026091500011,O20260914000011,2026-09-15 12:00:00.000000,16250
t_demo,demo_20260921_v1,s1,R2026091500012,O20260914000012,2026-09-15 12:00:00.000000,16250
t_demo,demo_20260921_v1,s1,R2026091500013,O20260914000013,2026-09-15 12:00:00.000000,16250
t_demo,demo_20260921_v1,s1,R2026091500014,O20260914000014,2026-09-15 12:00:00.000000,16250
t_demo,demo_20260921_v1,s1,R2026091500015,O20260914000015,2026-09-15 12:00:00.000000,16250
t_demo,demo_20260921_v1,s1,R2026091500016,O20260914000016,2026-09-15 12:00:00.000000,16250
t_demo,demo_20260921_v1,s1,R2026091500017,O20260914000017,2026-09-15 12:00:00.000000,16250
t_demo,demo_20260921_v1,s1,R2026091500018,O20260914000018,2026-09-15 12:00:00.000000,16250
t_demo,demo_20260921_v1,s1,R2026091500019,O20260914000019,2026-09-15 12:00:00.000000,16250
t_demo,demo_20260921_v1,s1,R2026091500020,O20260914000020,2026-09-15 12:00:00.000000,16250
t_demo,demo_20260921_v1,s1,R2026091500021,O20260914000021,2026-09-15 12:00:00.000000,16250
t_demo,demo_20260921_v1,s1,R2026091500022,O20260914000022,2026-09-15 12:00:00.000000,16250
t_demo,demo_20260921_v1,s1,R2026091500023,O20260914000023,2026-09-15 12:00:00.000000,16250
t_demo,demo_20260921_v1,s1,R2026091500024,O20260914000024,2026-09-15 12:00:00.000000,16250
t_demo,demo_20260921_v1,s1,R2026091500025,O20260914000025,2026-09-15 12:00:00.000000,16250
t_demo,demo_20260921_v1,s1,R2026091500026,O20260914000026,2026-09-15 12:00:00.000000,16250
t_demo,demo_20260921_v1,s1,R2026091500027,O20260914000027,2026-09-15 12:00:00.000000,16250
t_demo,demo_20260921_v1,s1,R2026091500028,O20260914000028,2026-09-15 12:00:00.000000,16250
t_demo,demo_20260921_v1,s1,R2026091500029,O20260914000029,2026-09-15 12:00:00.000000,16250
t_demo,demo_20260921_v1,s1,R2026091500030,O20260914000030,2026-09-15 12:00:00.000000,16250
t_demo,demo_20260921_v1,s1,R2026091500031,O20260914000031,2026-09-15 12:00:00.000000,16250
t_demo,demo_20260921_v1,s1,R2026091500032,O20260914000032,2026-09-15 12:00:00.000000,16250
t_demo,demo_20260921_v1,s1,R2026091500033,O20260914000033,2026-09-15 12:00:00.000000,16250
t_demo,demo_20260921_v1,s1,R2026091500034,O20260914000034,2026-09-15 12:00:00.000000,16250
t_demo,demo_20260921_v1,s1,R2026091500035,O20260914000035,2026-09-15 12:00:00.000000,16250
t_demo,demo_20260921_v1,s1,R2026091500036,O20260914000036,2026-09-15 12:00:00.000000,16250
t_demo,demo_20260921_v1,s1,R2026091500037,O20260914000037,2026-09-15 12:00:00.000000,16250
t_demo,demo_20260921_v1,s1,R2026091500038,O20260914000038,2026-09-15 12:00:00.000000,16250
t_demo,demo_20260921_v1,s1,R2026091500039,O20260914000039,2026-09-15 12:00:00.000000,16250
t_demo,demo_20260921_v1,s1,R2026091500040,O20260914000040,2026-09-15 12:00:00.000000,16250
t_demo,demo_20260921_v1,s1,R2026091500041,O20260914000041,2026-09-15 12:00:00.000000,16250
t_demo,demo_20260921_v1,s1,R2026091500042,O20260914000042,2026-09-15 12:00:00.000000,16250
t_demo,demo_20260921_v1,s1,R2026091500043,O20260914000043,2026-09-15 12:00:00.000000,16250
t_demo,demo_20260921_v1,s1,R2026091500044,O20260914000044,2026-09-15 12:00:00.000000,16250
t_demo,demo_20260921_v1,s1,R2026091500045,O20260914000045,2026-09-15 12:00:00.000000,16250
t_demo,demo_20260921_v1,s1,R2026091500046,O20260914000046,2026-09-15 12:00:00.000000,16250
t_demo,demo_20260921_v1,s1,R2026091500047,O20260914000047,2026-09-15 12:00:00.000000,16250
t_demo,demo_20260921_v1,s1,R2026091500048,O20260914000048,2026-09-15 12:00:00.000000,16250
t_demo,demo_20260921_v1,s1,R2026091500049,O20260914000049,2026-09-15 12:00:00.000000,16250
t_demo,demo_20260921_v1,s1,R2026091500050,O20260914000050,2026-09-15 12:00:00.000000,16250
t_demo,demo_20260921_v1,s1,R2026091500051,O20260914000051,2026-09-15 12:00:00.000000,16250
t_demo,demo_20260921_v1,s1,R2026091500052,O20260914000052,2026-09-15 12:00:00.000000,16250
t_demo,demo_20260921_v1,s1,R2026091500053,O20260914000053,2026-09-15 12:00:00.000000,16250
t_demo,demo_20260921_v1,s1,R2026091500054,O20260914000054,2026-09-15 12:00:00.000000,16250
t_demo,demo_20260921_v1,s1,R2026091500055,O20260914000055,2026-09-15 12:00:00.000000,16250
t_demo,demo_20260921_v1,s1,R2026091500056,O20260914000056,2026-09-15 12:00:00.000000,16250
t_demo,demo_20260921_v1,s1,R2026091500057,O20260914000057,2026-09-15 12:00:00.000000,16250
t_demo,demo_20260921_v1,s1,R2026091500058,O20260914000058,2026-09-15 12:00:00.000000,16250
t_demo,demo_20260921_v1,s1,R2026091500059,O20260914000059,2026-09-15 12:00:00.000000,16250
t_demo,demo_20260921_v1,s1,R2026091500060,O20260914000060,2026-09-15 12:00:00.000000,16250
t_demo,demo_20260921_v1,s1,R2026091500061,O20260914000061,2026-09-15 12:00:00.000000,16250
t_demo,demo_20260921_v1,s1,R2026091500062,O20260914000062,2026-09-15 12:00:00.000000,16250
t_demo,demo_20260921_v1,s1,R2026091500063,O20260914000063,2026-09-15 12:00:00.000000,16250
t_demo,demo_20260921_v1,s1,R2026091500064,O20260914000064,2026-09-15 12:00:00.000000,16250
t_demo,demo_20260921_v1,s1,R2026091500065,O20260914000065,2026-09-15 12:00:00.000000,16250
t_demo,demo_20260921_v1,s1,R2026091500066,O20260914000066,2026-09-15 12:00:00.000000,16250
t_demo,demo_20260921_v1,s1,R2026091500067,O20260914000067,2026-09-15 12:00:00.000000,16250
t_demo,demo_20260921_v1,s1,R2026091500068,O20260914000068,2026-09-15 12:00:00.000000,16250
t_demo,demo_20260921_v1,s1,R2026091500069,O20260914000069,2026-09-15 12:00:00.000000,16250
t_demo,demo_20260921_v1,s1,R2026091500070,O20260914000070,2026-09-15 12:00:00.000000,16250
t_demo,demo_20260921_v1,s1,R2026091500071,O20260914000071,2026-09-15 12:00:00.000000,16250
t_demo,demo_20260921_v1,s1,R2026091500072,O20260914000072,2026-09-15 12:00:00.000000,16250
t_demo,demo_20260921_v1,s1,R2026091500073,O20260914000073,2026-09-15 12:00:00.000000,16250
t_demo,demo_20260921_v1,s1,R2026091500074,O20260914000074,2026-09-15 12:00:00.000000,16250
t_demo,demo_20260921_v1,s1,R2026091500075,O20260914000075,2026-09-15 12:00:00.000000,16250
t_demo,demo_20260921_v1,s1,R2026091500076,O20260914000076,2026-09-15 12:00:00.000000,16250
t_demo,demo_20260921_v1,s1,R2026091500077,O20260914000077,2026-09-15 12:00:00.000000,16250
t_demo,demo_20260921_v1,s1,R2026091500078,O20260914000078,2026-09-15 12:00:00.000000,16250
t_demo,demo_20260921_v1,s1,R2026091500079,O20260914000079,2026-09-15 12:00:00.000000,16250
t_demo,demo_20260921_v1,s1,R2026091500080,O20260914000080,2026-09-15 12:00:00.000000,16250
t_demo,demo_20260921_v1,s1,R2026091600001,O20260915000001,2026-09-16 12:00:00.000000,16250
t_demo,demo_20260921_v1,s1,R2026091600002,O20260915000002,2026-09-16 12:00:00.000000,16250
t_demo,demo_20260921_v1,s1,R2026091600003,O20260915000003,2026-09-16 12:00:00.000000,16250
t_demo,demo_20260921_v1,s1,R2026091600004,O20260915000004,2026-09-16 12:00:00.000000,16250
t_demo,demo_20260921_v1,s1,R2026091600005,O20260915000005,2026-09-16 12:00:00.000000,16250
t_demo,demo_20260921_v1,s1,R2026091600006,O20260915000006,2026-09-16 12:00:00.000000,16250
t_demo,demo_20260921_v1,s1,R2026091600007,O20260915000007,2026-09-16 12:00:00.000000,16250
t_demo,demo_20260921_v1,s1,R2026091600008,O20260915000008,2026-09-16 12:00:00.000000,16250
t_demo,demo_20260921_v1,s1,R2026091600009,O20260915000009,2026-09-16 12:00:00.000000,16250
t_demo,demo_20260921_v1,s1,R2026091600010,O20260915000010,2026-09-16 12:00:00.000000,16250
t_demo,demo_20260921_v1,s1,R2026091600011,O20260915000011,2026-09-16 12:00:00.000000,16250
t_demo,demo_20260921_v1,s1,R2026091600012,O20260915000012,2026-09-16 12:00:00.000000,16250
t_demo,demo_20260921_v1,s1,R2026091600013,O20260915000013,2026-09-16 12:00:00.000000,16250
t_demo,demo_20260921_v1,s1,R2026091600014,O20260915000014,2026-09-16 12:00:00.000000,16250
t_demo,demo_20260921_v1,s1,R2026091600015,O20260915000015,2026-09-16 12:00:00.000000,16250
t_demo,demo_20260921_v1,s1,R2026091600016,O20260915000016,2026-09-16 12:00:00.000000,16250
t_demo,demo_20260921_v1,s1,R2026091600017,O20260915000017,2026-09-16 12:00:00.000000,16250
t_demo,demo_20260921_v1,s1,R2026091600018,O20260915000018,2026-09-16 12:00:00.000000,16250
t_demo,demo_20260921_v1,s1,R2026091600019,O20260915000019,2026-09-16 12:00:00.000000,16250
t_demo,demo_20260921_v1,s1,R2026091600020,O20260915000020,2026-09-16 12:00:00.000000,16250
t_demo,demo_20260921_v1,s1,R2026091600021,O20260915000021,2026-09-16 12:00:00.000000,16250
t_demo,demo_20260921_v1,s1,R2026091600022,O20260915000022,2026-09-16 12:00:00.000000,16250
t_demo,demo_20260921_v1,s1,R2026091600023,O20260915000023,2026-09-16 12:00:00.000000,16250
t_demo,demo_20260921_v1,s1,R2026091600024,O20260915000024,2026-09-16 12:00:00.000000,16250
t_demo,demo_20260921_v1,s1,R2026091600025,O20260915000025,2026-09-16 12:00:00.000000,16250
t_demo,demo_20260921_v1,s1,R2026091600026,O20260915000026,2026-09-16 12:00:00.000000,16250
t_demo,demo_20260921_v1,s1,R2026091600027,O20260915000027,2026-09-16 12:00:00.000000,16250
t_demo,demo_20260921_v1,s1,R2026091600028,O20260915000028,2026-09-16 12:00:00.000000,16250
t_demo,demo_20260921_v1,s1,R2026091600029,O20260915000029,2026-09-16 12:00:00.000000,16250
t_demo,demo_20260921_v1,s1,R2026091600030,O20260915000030,2026-09-16 12:00:00.000000,16250
t_demo,demo_20260921_v1,s1,R2026091600031,O20260915000031,2026-09-16 12:00:00.000000,16250
t_demo,demo_20260921_v1,s1,R2026091600032,O20260915000032,2026-09-16 12:00:00.000000,16250
t_demo,demo_20260921_v1,s1,R2026091600033,O20260915000033,2026-09-16 12:00:00.000000,16250
t_demo,demo_20260921_v1,s1,R2026091600034,O20260915000034,2026-09-16 12:00:00.000000,16250
t_demo,demo_20260921_v1,s1,R2026091600035,O20260915000035,2026-09-16 12:00:00.000000,16250
t_demo,demo_20260921_v1,s1,R2026091600036,O20260915000036,2026-09-16 12:00:00.000000,16250
t_demo,demo_20260921_v1,s1,R2026091600037,O20260915000037,2026-09-16 12:00:00.000000,16250
t_demo,demo_20260921_v1,s1,R2026091600038,O20260915000038,2026-09-16 12:00:00.000000,16250
t_demo,demo_20260921_v1,s1,R2026091600039,O20260915000039,2026-09-16 12:00:00.000000,16250
t_demo,demo_20260921_v1,s1,R2026091600040,O20260915000040,2026-09-16 12:00:00.000000,16250
t_demo,demo_20260921_v1,s1,R2026091600041,O20260915000041,2026-09-16 12:00:00.000000,16250
t_demo,demo_20260921_v1,s1,R2026091600042,O20260915000042,2026-09-16 12:00:00.000000,16250
t_demo,demo_20260921_v1,s1,R2026091600043,O20260915000043,2026-09-16 12:00:00.000000,16250
t_demo,demo_20260921_v1,s1,R2026091600044,O20260915000044,2026-09-16 12:00:00.000000,16250
t_demo,demo_20260921_v1,s1,R2026091600045,O20260915000045,2026-09-16 12:00:00.000000,16250
t_demo,demo_20260921_v1,s1,R2026091600046,O20260915000046,2026-09-16 12:00:00.000000,16250
t_demo,demo_20260921_v1,s1,R2026091600047,O20260915000047,2026-09-16 12:00:00.000000,16250
t_demo,demo_20260921_v1,s1,R2026091600048,O20260915000048,2026-09-16 12:00:00.000000,16250
t_demo,demo_20260921_v1,s1,R2026091600049,O20260915000049,2026-09-16 12:00:00.000000,16250
t_demo,demo_20260921_v1,s1,R2026091600050,O20260915000050,2026-09-16 12:00:00.000000,16250
t_demo,demo_20260921_v1,s1,R2026091600051,O20260915000051,2026-09-16 12:00:00.000000,16250
t_demo,demo_20260921_v1,s1,R2026091600052,O20260915000052,2026-09-16 12:00:00.000000,16250
t_demo,demo_20260921_v1,s1,R2026091600053,O20260915000053,2026-09-16 12:00:00.000000,16250
t_demo,demo_20260921_v1,s1,R2026091600054,O20260915000054,2026-09-16 12:00:00.000000,16250
t_demo,demo_20260921_v1,s1,R2026091600055,O20260915000055,2026-09-16 12:00:00.000000,16250
t_demo,demo_20260921_v1,s1,R2026091600056,O20260915000056,2026-09-16 12:00:00.000000,16250
t_demo,demo_20260921_v1,s1,R2026091600057,O20260915000057,2026-09-16 12:00:00.000000,16250
t_demo,demo_20260921_v1,s1,R2026091600058,O20260915000058,2026-09-16 12:00:00.000000,16250
t_demo,demo_20260921_v1,s1,R2026091600059,O20260915000059,2026-09-16 12:00:00.000000,16250
t_demo,demo_20260921_v1,s1,R2026091600060,O20260915000060,2026-09-16 12:00:00.000000,16250
t_demo,demo_20260921_v1,s1,R2026091600061,O20260915000061,2026-09-16 12:00:00.000000,16250
t_demo,demo_20260921_v1,s1,R2026091600062,O20260915000062,2026-09-16 12:00:00.000000,16250
t_demo,demo_20260921_v1,s1,R2026091600063,O20260915000063,2026-09-16 12:00:00.000000,16250
t_demo,demo_20260921_v1,s1,R2026091600064,O20260915000064,2026-09-16 12:00:00.000000,16250
t_demo,demo_20260921_v1,s1,R2026091600065,O20260915000065,2026-09-16 12:00:00.000000,16250
t_demo,demo_20260921_v1,s1,R2026091600066,O20260915000066,2026-09-16 12:00:00.000000,16250
t_demo,demo_20260921_v1,s1,R2026091600067,O20260915000067,2026-09-16 12:00:00.000000,16250
t_demo,demo_20260921_v1,s1,R2026091600068,O20260915000068,2026-09-16 12:00:00.000000,16250
t_demo,demo_20260921_v1,s1,R2026091600069,O20260915000069,2026-09-16 12:00:00.000000,16250
t_demo,demo_20260921_v1,s1,R2026091600070,O20260915000070,2026-09-16 12:00:00.000000,16250
t_demo,demo_20260921_v1,s1,R2026091600071,O20260915000071,2026-09-16 12:00:00.000000,16250
t_demo,demo_20260921_v1,s1,R2026091600072,O20260915000072,2026-09-16 12:00:00.000000,16250
t_demo,demo_20260921_v1,s1,R2026091600073,O20260915000073,2026-09-16 12:00:00.000000,16250
t_demo,demo_20260921_v1,s1,R2026091600074,O20260915000074,2026-09-16 12:00:00.000000,16250
t_demo,demo_20260921_v1,s1,R2026091600075,O20260915000075,2026-09-16 12:00:00.000000,16250
t_demo,demo_20260921_v1,s1,R2026091600076,O20260915000076,2026-09-16 12:00:00.000000,16250
t_demo,demo_20260921_v1,s1,R2026091600077,O20260915000077,2026-09-16 12:00:00.000000,16250
t_demo,demo_20260921_v1,s1,R2026091600078,O20260915000078,2026-09-16 12:00:00.000000,16250
t_demo,demo_20260921_v1,s1,R2026091600079,O20260915000079,2026-09-16 12:00:00.000000,16250
t_demo,demo_20260921_v1,s1,R2026091600080,O20260915000080,2026-09-16 12:00:00.000000,16250
t_demo,demo_20260921_v1,s1,R2026091700001,O20260916000001,2026-09-17 12:00:00.000000,16250
t_demo,demo_20260921_v1,s1,R2026091700002,O20260916000002,2026-09-17 12:00:00.000000,16250
t_demo,demo_20260921_v1,s1,R2026091700003,O20260916000003,2026-09-17 12:00:00.000000,16250
t_demo,demo_20260921_v1,s1,R2026091700004,O20260916000004,2026-09-17 12:00:00.000000,16250
t_demo,demo_20260921_v1,s1,R2026091700005,O20260916000005,2026-09-17 12:00:00.000000,16250
t_demo,demo_20260921_v1,s1,R2026091700006,O20260916000006,2026-09-17 12:00:00.000000,16250
t_demo,demo_20260921_v1,s1,R2026091700007,O20260916000007,2026-09-17 12:00:00.000000,16250
t_demo,demo_20260921_v1,s1,R2026091700008,O20260916000008,2026-09-17 12:00:00.000000,16250
t_demo,demo_20260921_v1,s1,R2026091700009,O20260916000009,2026-09-17 12:00:00.000000,16250
t_demo,demo_20260921_v1,s1,R2026091700010,O20260916000010,2026-09-17 12:00:00.000000,16250
t_demo,demo_20260921_v1,s1,R2026091700011,O20260916000011,2026-09-17 12:00:00.000000,16250
t_demo,demo_20260921_v1,s1,R2026091700012,O20260916000012,2026-09-17 12:00:00.000000,16250
t_demo,demo_20260921_v1,s1,R2026091700013,O20260916000013,2026-09-17 12:00:00.000000,16250
t_demo,demo_20260921_v1,s1,R2026091700014,O20260916000014,2026-09-17 12:00:00.000000,16250
t_demo,demo_20260921_v1,s1,R2026091700015,O20260916000015,2026-09-17 12:00:00.000000,16250
t_demo,demo_20260921_v1,s1,R2026091700016,O20260916000016,2026-09-17 12:00:00.000000,16250
t_demo,demo_20260921_v1,s1,R2026091700017,O20260916000017,2026-09-17 12:00:00.000000,16250
t_demo,demo_20260921_v1,s1,R2026091700018,O20260916000018,2026-09-17 12:00:00.000000,16250
t_demo,demo_20260921_v1,s1,R2026091700019,O20260916000019,2026-09-17 12:00:00.000000,16250
t_demo,demo_20260921_v1,s1,R2026091700020,O20260916000020,2026-09-17 12:00:00.000000,16250
t_demo,demo_20260921_v1,s1,R2026091700021,O20260916000021,2026-09-17 12:00:00.000000,16250
t_demo,demo_20260921_v1,s1,R2026091700022,O20260916000022,2026-09-17 12:00:00.000000,16250
t_demo,demo_20260921_v1,s1,R2026091700023,O20260916000023,2026-09-17 12:00:00.000000,16250
t_demo,demo_20260921_v1,s1,R2026091700024,O20260916000024,2026-09-17 12:00:00.000000,16250
t_demo,demo_20260921_v1,s1,R2026091700025,O20260916000025,2026-09-17 12:00:00.000000,16250
t_demo,demo_20260921_v1,s1,R2026091700026,O20260916000026,2026-09-17 12:00:00.000000,16250
t_demo,demo_20260921_v1,s1,R2026091700027,O20260916000027,2026-09-17 12:00:00.000000,16250
t_demo,demo_20260921_v1,s1,R2026091700028,O20260916000028,2026-09-17 12:00:00.000000,16250
t_demo,demo_20260921_v1,s1,R2026091700029,O20260916000029,2026-09-17 12:00:00.000000,16250
t_demo,demo_20260921_v1,s1,R2026091700030,O20260916000030,2026-09-17 12:00:00.000000,16250
t_demo,demo_20260921_v1,s1,R2026091700031,O20260916000031,2026-09-17 12:00:00.000000,16250
t_demo,demo_20260921_v1,s1,R2026091700032,O20260916000032,2026-09-17 12:00:00.000000,16250
t_demo,demo_20260921_v1,s1,R2026091700033,O20260916000033,2026-09-17 12:00:00.000000,16250
t_demo,demo_20260921_v1,s1,R2026091700034,O20260916000034,2026-09-17 12:00:00.000000,16250
t_demo,demo_20260921_v1,s1,R2026091700035,O20260916000035,2026-09-17 12:00:00.000000,16250
t_demo,demo_20260921_v1,s1,R2026091700036,O20260916000036,2026-09-17 12:00:00.000000,16250
t_demo,demo_20260921_v1,s1,R2026091700037,O20260916000037,2026-09-17 12:00:00.000000,16250
t_demo,demo_20260921_v1,s1,R2026091700038,O20260916000038,2026-09-17 12:00:00.000000,16250
t_demo,demo_20260921_v1,s1,R2026091700039,O20260916000039,2026-09-17 12:00:00.000000,16250
t_demo,demo_20260921_v1,s1,R2026091700040,O20260916000040,2026-09-17 12:00:00.000000,16250
t_demo,demo_20260921_v1,s1,R2026091700041,O20260916000041,2026-09-17 12:00:00.000000,16250
t_demo,demo_20260921_v1,s1,R2026091700042,O20260916000042,2026-09-17 12:00:00.000000,16250
t_demo,demo_20260921_v1,s1,R2026091700043,O20260916000043,2026-09-17 12:00:00.000000,16250
t_demo,demo_20260921_v1,s1,R2026091700044,O20260916000044,2026-09-17 12:00:00.000000,16250
t_demo,demo_20260921_v1,s1,R2026091700045,O20260916000045,2026-09-17 12:00:00.000000,16250
t_demo,demo_20260921_v1,s1,R2026091700046,O20260916000046,2026-09-17 12:00:00.000000,16250
t_demo,demo_20260921_v1,s1,R2026091700047,O20260916000047,2026-09-17 12:00:00.000000,16250
t_demo,demo_20260921_v1,s1,R2026091700048,O20260916000048,2026-09-17 12:00:00.000000,16250
t_demo,demo_20260921_v1,s1,R2026091700049,O20260916000049,2026-09-17 12:00:00.000000,16250
t_demo,demo_20260921_v1,s1,R2026091700050,O20260916000050,2026-09-17 12:00:00.000000,16250
t_demo,demo_20260921_v1,s1,R2026091700051,O20260916000051,2026-09-17 12:00:00.000000,16250
t_demo,demo_20260921_v1,s1,R2026091700052,O20260916000052,2026-09-17 12:00:00.000000,16250
t_demo,demo_20260921_v1,s1,R2026091700053,O20260916000053,2026-09-17 12:00:00.000000,16250
t_demo,demo_20260921_v1,s1,R2026091700054,O20260916000054,2026-09-17 12:00:00.000000,16250
t_demo,demo_20260921_v1,s1,R2026091700055,O20260916000055,2026-09-17 12:00:00.000000,16250
t_demo,demo_20260921_v1,s1,R2026091700056,O20260916000056,2026-09-17 12:00:00.000000,16250
t_demo,demo_20260921_v1,s1,R2026091700057,O20260916000057,2026-09-17 12:00:00.000000,16250
t_demo,demo_20260921_v1,s1,R2026091700058,O20260916000058,2026-09-17 12:00:00.000000,16250
t_demo,demo_20260921_v1,s1,R2026091700059,O20260916000059,2026-09-17 12:00:00.000000,16250
t_demo,demo_20260921_v1,s1,R2026091700060,O20260916000060,2026-09-17 12:00:00.000000,16250
t_demo,demo_20260921_v1,s1,R2026091700061,O20260916000061,2026-09-17 12:00:00.000000,16250
t_demo,demo_20260921_v1,s1,R2026091700062,O20260916000062,2026-09-17 12:00:00.000000,16250
t_demo,demo_20260921_v1,s1,R2026091700063,O20260916000063,2026-09-17 12:00:00.000000,16250
t_demo,demo_20260921_v1,s1,R2026091700064,O20260916000064,2026-09-17 12:00:00.000000,16250
t_demo,demo_20260921_v1,s1,R2026091700065,O20260916000065,2026-09-17 12:00:00.000000,16250
t_demo,demo_20260921_v1,s1,R2026091700066,O20260916000066,2026-09-17 12:00:00.000000,16250
t_demo,demo_20260921_v1,s1,R2026091700067,O20260916000067,2026-09-17 12:00:00.000000,16250
t_demo,demo_20260921_v1,s1,R2026091700068,O20260916000068,2026-09-17 12:00:00.000000,16250
t_demo,demo_20260921_v1,s1,R2026091700069,O20260916000069,2026-09-17 12:00:00.000000,16250
t_demo,demo_20260921_v1,s1,R2026091700070,O20260916000070,2026-09-17 12:00:00.000000,16250
t_demo,demo_20260921_v1,s1,R2026091700071,O20260916000071,2026-09-17 12:00:00.000000,16250
t_demo,demo_20260921_v1,s1,R2026091700072,O20260916000072,2026-09-17 12:00:00.000000,16250
t_demo,demo_20260921_v1,s1,R2026091700073,O20260916000073,2026-09-17 12:00:00.000000,16250
t_demo,demo_20260921_v1,s1,R2026091700074,O20260916000074,2026-09-17 12:00:00.000000,16250
t_demo,demo_20260921_v1,s1,R2026091700075,O20260916000075,2026-09-17 12:00:00.000000,16250
t_demo,demo_20260921_v1,s1,R2026091700076,O20260916000076,2026-09-17 12:00:00.000000,16250
t_demo,demo_20260921_v1,s1,R2026091700077,O20260916000077,2026-09-17 12:00:00.000000,16250
t_demo,demo_20260921_v1,s1,R2026091700078,O20260916000078,2026-09-17 12:00:00.000000,16250
t_demo,demo_20260921_v1,s1,R2026091700079,O20260916000079,2026-09-17 12:00:00.000000,16250
t_demo,demo_20260921_v1,s1,R2026091700080,O20260916000080,2026-09-17 12:00:00.000000,16250
t_demo,demo_20260921_v1,s1,R2026091800001,O20260917000001,2026-09-18 12:00:00.000000,16250
t_demo,demo_20260921_v1,s1,R2026091800002,O20260917000002,2026-09-18 12:00:00.000000,16250
t_demo,demo_20260921_v1,s1,R2026091800003,O20260917000003,2026-09-18 12:00:00.000000,16250
t_demo,demo_20260921_v1,s1,R2026091800004,O20260917000004,2026-09-18 12:00:00.000000,16250
t_demo,demo_20260921_v1,s1,R2026091800005,O20260917000005,2026-09-18 12:00:00.000000,16250
t_demo,demo_20260921_v1,s1,R2026091800006,O20260917000006,2026-09-18 12:00:00.000000,16250
t_demo,demo_20260921_v1,s1,R2026091800007,O20260917000007,2026-09-18 12:00:00.000000,16250
t_demo,demo_20260921_v1,s1,R2026091800008,O20260917000008,2026-09-18 12:00:00.000000,16250
t_demo,demo_20260921_v1,s1,R2026091800009,O20260917000009,2026-09-18 12:00:00.000000,16250
t_demo,demo_20260921_v1,s1,R2026091800010,O20260917000010,2026-09-18 12:00:00.000000,16250
t_demo,demo_20260921_v1,s1,R2026091800011,O20260917000011,2026-09-18 12:00:00.000000,16250
t_demo,demo_20260921_v1,s1,R2026091800012,O20260917000012,2026-09-18 12:00:00.000000,16250
t_demo,demo_20260921_v1,s1,R2026091800013,O20260917000013,2026-09-18 12:00:00.000000,16250
t_demo,demo_20260921_v1,s1,R2026091800014,O20260917000014,2026-09-18 12:00:00.000000,16250
t_demo,demo_20260921_v1,s1,R2026091800015,O20260917000015,2026-09-18 12:00:00.000000,16250
t_demo,demo_20260921_v1,s1,R2026091800016,O20260917000016,2026-09-18 12:00:00.000000,16250
t_demo,demo_20260921_v1,s1,R2026091800017,O20260917000017,2026-09-18 12:00:00.000000,16250
t_demo,demo_20260921_v1,s1,R2026091800018,O20260917000018,2026-09-18 12:00:00.000000,16250
t_demo,demo_20260921_v1,s1,R2026091800019,O20260917000019,2026-09-18 12:00:00.000000,16250
t_demo,demo_20260921_v1,s1,R2026091800020,O20260917000020,2026-09-18 12:00:00.000000,16250
t_demo,demo_20260921_v1,s1,R2026091800021,O20260917000021,2026-09-18 12:00:00.000000,16250
t_demo,demo_20260921_v1,s1,R2026091800022,O20260917000022,2026-09-18 12:00:00.000000,16250
t_demo,demo_20260921_v1,s1,R2026091800023,O20260917000023,2026-09-18 12:00:00.000000,16250
t_demo,demo_20260921_v1,s1,R2026091800024,O20260917000024,2026-09-18 12:00:00.000000,16250
t_demo,demo_20260921_v1,s1,R2026091800025,O20260917000025,2026-09-18 12:00:00.000000,16250
t_demo,demo_20260921_v1,s1,R2026091800026,O20260917000026,2026-09-18 12:00:00.000000,16250
t_demo,demo_20260921_v1,s1,R2026091800027,O20260917000027,2026-09-18 12:00:00.000000,16250
t_demo,demo_20260921_v1,s1,R2026091800028,O20260917000028,2026-09-18 12:00:00.000000,16250
t_demo,demo_20260921_v1,s1,R2026091800029,O20260917000029,2026-09-18 12:00:00.000000,16250
t_demo,demo_20260921_v1,s1,R2026091800030,O20260917000030,2026-09-18 12:00:00.000000,16250
t_demo,demo_20260921_v1,s1,R2026091800031,O20260917000031,2026-09-18 12:00:00.000000,16250
t_demo,demo_20260921_v1,s1,R2026091800032,O20260917000032,2026-09-18 12:00:00.000000,16250
t_demo,demo_20260921_v1,s1,R2026091800033,O20260917000033,2026-09-18 12:00:00.000000,16250
t_demo,demo_20260921_v1,s1,R2026091800034,O20260917000034,2026-09-18 12:00:00.000000,16250
t_demo,demo_20260921_v1,s1,R2026091800035,O20260917000035,2026-09-18 12:00:00.000000,16250
t_demo,demo_20260921_v1,s1,R2026091800036,O20260917000036,2026-09-18 12:00:00.000000,16250
t_demo,demo_20260921_v1,s1,R2026091800037,O20260917000037,2026-09-18 12:00:00.000000,16250
t_demo,demo_20260921_v1,s1,R2026091800038,O20260917000038,2026-09-18 12:00:00.000000,16250
t_demo,demo_20260921_v1,s1,R2026091800039,O20260917000039,2026-09-18 12:00:00.000000,16250
t_demo,demo_20260921_v1,s1,R2026091800040,O20260917000040,2026-09-18 12:00:00.000000,16250
t_demo,demo_20260921_v1,s1,R2026091800041,O20260917000041,2026-09-18 12:00:00.000000,16250
t_demo,demo_20260921_v1,s1,R2026091800042,O20260917000042,2026-09-18 12:00:00.000000,16250
t_demo,demo_20260921_v1,s1,R2026091800043,O20260917000043,2026-09-18 12:00:00.000000,16250
t_demo,demo_20260921_v1,s1,R2026091800044,O20260917000044,2026-09-18 12:00:00.000000,16250
t_demo,demo_20260921_v1,s1,R2026091800045,O20260917000045,2026-09-18 12:00:00.000000,16250
t_demo,demo_20260921_v1,s1,R2026091800046,O20260917000046,2026-09-18 12:00:00.000000,16250
t_demo,demo_20260921_v1,s1,R2026091800047,O20260917000047,2026-09-18 12:00:00.000000,16250
t_demo,demo_20260921_v1,s1,R2026091800048,O20260917000048,2026-09-18 12:00:00.000000,16250
t_demo,demo_20260921_v1,s1,R2026091800049,O20260917000049,2026-09-18 12:00:00.000000,16250
t_demo,demo_20260921_v1,s1,R2026091800050,O20260917000050,2026-09-18 12:00:00.000000,16250
t_demo,demo_20260921_v1,s1,R2026091800051,O20260917000051,2026-09-18 12:00:00.000000,16250
t_demo,demo_20260921_v1,s1,R2026091800052,O20260917000052,2026-09-18 12:00:00.000000,16250
t_demo,demo_20260921_v1,s1,R2026091800053,O20260917000053,2026-09-18 12:00:00.000000,16250
t_demo,demo_20260921_v1,s1,R2026091800054,O20260917000054,2026-09-18 12:00:00.000000,16250
t_demo,demo_20260921_v1,s1,R2026091800055,O20260917000055,2026-09-18 12:00:00.000000,16250
t_demo,demo_20260921_v1,s1,R2026091800056,O20260917000056,2026-09-18 12:00:00.000000,16250
t_demo,demo_20260921_v1,s1,R2026091800057,O20260917000057,2026-09-18 12:00:00.000000,16250
t_demo,demo_20260921_v1,s1,R2026091800058,O20260917000058,2026-09-18 12:00:00.000000,16250
t_demo,demo_20260921_v1,s1,R2026091800059,O20260917000059,2026-09-18 12:00:00.000000,16250
t_demo,demo_20260921_v1,s1,R2026091800060,O20260917000060,2026-09-18 12:00:00.000000,16250
t_demo,demo_20260921_v1,s1,R2026091800061,O20260917000061,2026-09-18 12:00:00.000000,16250
t_demo,demo_20260921_v1,s1,R2026091800062,O20260917000062,2026-09-18 12:00:00.000000,16250
t_demo,demo_20260921_v1,s1,R2026091800063,O20260917000063,2026-09-18 12:00:00.000000,16250
t_demo,demo_20260921_v1,s1,R2026091800064,O20260917000064,2026-09-18 12:00:00.000000,16250
t_demo,demo_20260921_v1,s1,R2026091800065,O20260917000065,2026-09-18 12:00:00.000000,16250
t_demo,demo_20260921_v1,s1,R2026091800066,O20260917000066,2026-09-18 12:00:00.000000,16250
t_demo,demo_20260921_v1,s1,R2026091800067,O20260917000067,2026-09-18 12:00:00.000000,16250
t_demo,demo_20260921_v1,s1,R2026091800068,O20260917000068,2026-09-18 12:00:00.000000,16250
t_demo,demo_20260921_v1,s1,R2026091800069,O20260917000069,2026-09-18 12:00:00.000000,16250
t_demo,demo_20260921_v1,s1,R2026091800070,O20260917000070,2026-09-18 12:00:00.000000,16250
t_demo,demo_20260921_v1,s1,R2026091800071,O20260917000071,2026-09-18 12:00:00.000000,16250
t_demo,demo_20260921_v1,s1,R2026091800072,O20260917000072,2026-09-18 12:00:00.000000,16250
t_demo,demo_20260921_v1,s1,R2026091800073,O20260917000073,2026-09-18 12:00:00.000000,16250
t_demo,demo_20260921_v1,s1,R2026091800074,O20260917000074,2026-09-18 12:00:00.000000,16250
t_demo,demo_20260921_v1,s1,R2026091800075,O20260917000075,2026-09-18 12:00:00.000000,16250
t_demo,demo_20260921_v1,s1,R2026091800076,O20260917000076,2026-09-18 12:00:00.000000,16250
t_demo,demo_20260921_v1,s1,R2026091800077,O20260917000077,2026-09-18 12:00:00.000000,16250
t_demo,demo_20260921_v1,s1,R2026091800078,O20260917000078,2026-09-18 12:00:00.000000,16250
t_demo,demo_20260921_v1,s1,R2026091800079,O20260917000079,2026-09-18 12:00:00.000000,16250
t_demo,demo_20260921_v1,s1,R2026091800080,O20260917000080,2026-09-18 12:00:00.000000,16250
t_demo,demo_20260921_v1,s1,R2026091900001,O20260918000001,2026-09-19 12:00:00.000000,16250
t_demo,demo_20260921_v1,s1,R2026091900002,O20260918000002,2026-09-19 12:00:00.000000,16250
t_demo,demo_20260921_v1,s1,R2026091900003,O20260918000003,2026-09-19 12:00:00.000000,16250
t_demo,demo_20260921_v1,s1,R2026091900004,O20260918000004,2026-09-19 12:00:00.000000,16250
t_demo,demo_20260921_v1,s1,R2026091900005,O20260918000005,2026-09-19 12:00:00.000000,16250
t_demo,demo_20260921_v1,s1,R2026091900006,O20260918000006,2026-09-19 12:00:00.000000,16250
t_demo,demo_20260921_v1,s1,R2026091900007,O20260918000007,2026-09-19 12:00:00.000000,16250
t_demo,demo_20260921_v1,s1,R2026091900008,O20260918000008,2026-09-19 12:00:00.000000,16250
t_demo,demo_20260921_v1,s1,R2026091900009,O20260918000009,2026-09-19 12:00:00.000000,16250
t_demo,demo_20260921_v1,s1,R2026091900010,O20260918000010,2026-09-19 12:00:00.000000,16250
t_demo,demo_20260921_v1,s1,R2026091900011,O20260918000011,2026-09-19 12:00:00.000000,16250
t_demo,demo_20260921_v1,s1,R2026091900012,O20260918000012,2026-09-19 12:00:00.000000,16250
t_demo,demo_20260921_v1,s1,R2026091900013,O20260918000013,2026-09-19 12:00:00.000000,16250
t_demo,demo_20260921_v1,s1,R2026091900014,O20260918000014,2026-09-19 12:00:00.000000,16250
t_demo,demo_20260921_v1,s1,R2026091900015,O20260918000015,2026-09-19 12:00:00.000000,16250
t_demo,demo_20260921_v1,s1,R2026091900016,O20260918000016,2026-09-19 12:00:00.000000,16250
t_demo,demo_20260921_v1,s1,R2026091900017,O20260918000017,2026-09-19 12:00:00.000000,16250
t_demo,demo_20260921_v1,s1,R2026091900018,O20260918000018,2026-09-19 12:00:00.000000,16250
t_demo,demo_20260921_v1,s1,R2026091900019,O20260918000019,2026-09-19 12:00:00.000000,16250
t_demo,demo_20260921_v1,s1,R2026091900020,O20260918000020,2026-09-19 12:00:00.000000,16250
t_demo,demo_20260921_v1,s1,R2026091900021,O20260918000021,2026-09-19 12:00:00.000000,16250
t_demo,demo_20260921_v1,s1,R2026091900022,O20260918000022,2026-09-19 12:00:00.000000,16250
t_demo,demo_20260921_v1,s1,R2026091900023,O20260918000023,2026-09-19 12:00:00.000000,16250
t_demo,demo_20260921_v1,s1,R2026091900024,O20260918000024,2026-09-19 12:00:00.000000,16250
t_demo,demo_20260921_v1,s1,R2026091900025,O20260918000025,2026-09-19 12:00:00.000000,16250
t_demo,demo_20260921_v1,s1,R2026091900026,O20260918000026,2026-09-19 12:00:00.000000,16250
t_demo,demo_20260921_v1,s1,R2026091900027,O20260918000027,2026-09-19 12:00:00.000000,16250
t_demo,demo_20260921_v1,s1,R2026091900028,O20260918000028,2026-09-19 12:00:00.000000,16250
t_demo,demo_20260921_v1,s1,R2026091900029,O20260918000029,2026-09-19 12:00:00.000000,16250
t_demo,demo_20260921_v1,s1,R2026091900030,O20260918000030,2026-09-19 12:00:00.000000,16250
t_demo,demo_20260921_v1,s1,R2026091900031,O20260918000031,2026-09-19 12:00:00.000000,16250
t_demo,demo_20260921_v1,s1,R2026091900032,O20260918000032,2026-09-19 12:00:00.000000,16250
t_demo,demo_20260921_v1,s1,R2026091900033,O20260918000033,2026-09-19 12:00:00.000000,16250
t_demo,demo_20260921_v1,s1,R2026091900034,O20260918000034,2026-09-19 12:00:00.000000,16250
t_demo,demo_20260921_v1,s1,R2026091900035,O20260918000035,2026-09-19 12:00:00.000000,16250
t_demo,demo_20260921_v1,s1,R2026091900036,O20260918000036,2026-09-19 12:00:00.000000,16250
t_demo,demo_20260921_v1,s1,R2026091900037,O20260918000037,2026-09-19 12:00:00.000000,16250
t_demo,demo_20260921_v1,s1,R2026091900038,O20260918000038,2026-09-19 12:00:00.000000,16250
t_demo,demo_20260921_v1,s1,R2026091900039,O20260918000039,2026-09-19 12:00:00.000000,16250
t_demo,demo_20260921_v1,s1,R2026091900040,O20260918000040,2026-09-19 12:00:00.000000,16250
t_demo,demo_20260921_v1,s1,R2026091900041,O20260918000041,2026-09-19 12:00:00.000000,16250
t_demo,demo_20260921_v1,s1,R2026091900042,O20260918000042,2026-09-19 12:00:00.000000,16250
t_demo,demo_20260921_v1,s1,R2026091900043,O20260918000043,2026-09-19 12:00:00.000000,16250
t_demo,demo_20260921_v1,s1,R2026091900044,O20260918000044,2026-09-19 12:00:00.000000,16250
t_demo,demo_20260921_v1,s1,R2026091900045,O20260918000045,2026-09-19 12:00:00.000000,16250
t_demo,demo_20260921_v1,s1,R2026091900046,O20260918000046,2026-09-19 12:00:00.000000,16250
t_demo,demo_20260921_v1,s1,R2026091900047,O20260918000047,2026-09-19 12:00:00.000000,16250
t_demo,demo_20260921_v1,s1,R2026091900048,O20260918000048,2026-09-19 12:00:00.000000,16250
t_demo,demo_20260921_v1,s1,R2026091900049,O20260918000049,2026-09-19 12:00:00.000000,16250
t_demo,demo_20260921_v1,s1,R2026091900050,O20260918000050,2026-09-19 12:00:00.000000,16250
t_demo,demo_20260921_v1,s1,R2026091900051,O20260918000051,2026-09-19 12:00:00.000000,16250
t_demo,demo_20260921_v1,s1,R2026091900052,O20260918000052,2026-09-19 12:00:00.000000,16250
t_demo,demo_20260921_v1,s1,R2026091900053,O20260918000053,2026-09-19 12:00:00.000000,16250
t_demo,demo_20260921_v1,s1,R2026091900054,O20260918000054,2026-09-19 12:00:00.000000,16250
t_demo,demo_20260921_v1,s1,R2026091900055,O20260918000055,2026-09-19 12:00:00.000000,16250
t_demo,demo_20260921_v1,s1,R2026091900056,O20260918000056,2026-09-19 12:00:00.000000,16250
t_demo,demo_20260921_v1,s1,R2026091900057,O20260918000057,2026-09-19 12:00:00.000000,16250
t_demo,demo_20260921_v1,s1,R2026091900058,O20260918000058,2026-09-19 12:00:00.000000,16250
t_demo,demo_20260921_v1,s1,R2026091900059,O20260918000059,2026-09-19 12:00:00.000000,16250
t_demo,demo_20260921_v1,s1,R2026091900060,O20260918000060,2026-09-19 12:00:00.000000,16250
t_demo,demo_20260921_v1,s1,R2026091900061,O20260918000061,2026-09-19 12:00:00.000000,16250
t_demo,demo_20260921_v1,s1,R2026091900062,O20260918000062,2026-09-19 12:00:00.000000,16250
t_demo,demo_20260921_v1,s1,R2026091900063,O20260918000063,2026-09-19 12:00:00.000000,16250
t_demo,demo_20260921_v1,s1,R2026091900064,O20260918000064,2026-09-19 12:00:00.000000,16250
t_demo,demo_20260921_v1,s1,R2026091900065,O20260918000065,2026-09-19 12:00:00.000000,16250
t_demo,demo_20260921_v1,s1,R2026091900066,O20260918000066,2026-09-19 12:00:00.000000,16250
t_demo,demo_20260921_v1,s1,R2026091900067,O20260918000067,2026-09-19 12:00:00.000000,16250
t_demo,demo_20260921_v1,s1,R2026091900068,O20260918000068,2026-09-19 12:00:00.000000,16250
t_demo,demo_20260921_v1,s1,R2026091900069,O20260918000069,2026-09-19 12:00:00.000000,16250
t_demo,demo_20260921_v1,s1,R2026091900070,O20260918000070,2026-09-19 12:00:00.000000,16250
t_demo,demo_20260921_v1,s1,R2026091900071,O20260918000071,2026-09-19 12:00:00.000000,16250
t_demo,demo_20260921_v1,s1,R2026091900072,O20260918000072,2026-09-19 12:00:00.000000,16250
t_demo,demo_20260921_v1,s1,R2026091900073,O20260918000073,2026-09-19 12:00:00.000000,16250
t_demo,demo_20260921_v1,s1,R2026091900074,O20260918000074,2026-09-19 12:00:00.000000,16250
t_demo,demo_20260921_v1,s1,R2026091900075,O20260918000075,2026-09-19 12:00:00.000000,16250
t_demo,demo_20260921_v1,s1,R2026091900076,O20260918000076,2026-09-19 12:00:00.000000,16250
t_demo,demo_20260921_v1,s1,R2026091900077,O20260918000077,2026-09-19 12:00:00.000000,16250
t_demo,demo_20260921_v1,s1,R2026091900078,O20260918000078,2026-09-19 12:00:00.000000,16250
t_demo,demo_20260921_v1,s1,R2026091900079,O20260918000079,2026-09-19 12:00:00.000000,16250
t_demo,demo_20260921_v1,s1,R2026091900080,O20260918000080,2026-09-19 12:00:00.000000,16250
t_demo,demo_20260921_v1,s1,R2026092000001,O20260919000001,2026-09-20 12:00:00.000000,23750
t_demo,demo_20260921_v1,s1,R2026092000002,O20260919000002,2026-09-20 12:00:00.000000,23750
t_demo,demo_20260921_v1,s1,R2026092000003,O20260919000003,2026-09-20 12:00:00.000000,23750
t_demo,demo_20260921_v1,s1,R2026092000004,O20260919000004,2026-09-20 12:00:00.000000,23750
t_demo,demo_20260921_v1,s1,R2026092000005,O20260919000005,2026-09-20 12:00:00.000000,23750
t_demo,demo_20260921_v1,s1,R2026092000006,O20260919000006,2026-09-20 12:00:00.000000,23750
t_demo,demo_20260921_v1,s1,R2026092000007,O20260919000007,2026-09-20 12:00:00.000000,23750
t_demo,demo_20260921_v1,s1,R2026092000008,O20260919000008,2026-09-20 12:00:00.000000,23750
t_demo,demo_20260921_v1,s1,R2026092000009,O20260919000009,2026-09-20 12:00:00.000000,23750
t_demo,demo_20260921_v1,s1,R2026092000010,O20260919000010,2026-09-20 12:00:00.000000,23750
t_demo,demo_20260921_v1,s1,R2026092000011,O20260919000011,2026-09-20 12:00:00.000000,23750
t_demo,demo_20260921_v1,s1,R2026092000012,O20260919000012,2026-09-20 12:00:00.000000,23750
t_demo,demo_20260921_v1,s1,R2026092000013,O20260919000013,2026-09-20 12:00:00.000000,23750
t_demo,demo_20260921_v1,s1,R2026092000014,O20260919000014,2026-09-20 12:00:00.000000,23750
t_demo,demo_20260921_v1,s1,R2026092000015,O20260919000015,2026-09-20 12:00:00.000000,23750
t_demo,demo_20260921_v1,s1,R2026092000016,O20260919000016,2026-09-20 12:00:00.000000,23750
t_demo,demo_20260921_v1,s1,R2026092000017,O20260919000017,2026-09-20 12:00:00.000000,23750
t_demo,demo_20260921_v1,s1,R2026092000018,O20260919000018,2026-09-20 12:00:00.000000,23750
t_demo,demo_20260921_v1,s1,R2026092000019,O20260919000019,2026-09-20 12:00:00.000000,23750
t_demo,demo_20260921_v1,s1,R2026092000020,O20260919000020,2026-09-20 12:00:00.000000,23750
t_demo,demo_20260921_v1,s1,R2026092000021,O20260919000021,2026-09-20 12:00:00.000000,23750
t_demo,demo_20260921_v1,s1,R2026092000022,O20260919000022,2026-09-20 12:00:00.000000,23750
t_demo,demo_20260921_v1,s1,R2026092000023,O20260919000023,2026-09-20 12:00:00.000000,23750
t_demo,demo_20260921_v1,s1,R2026092000024,O20260919000024,2026-09-20 12:00:00.000000,23750
t_demo,demo_20260921_v1,s1,R2026092000025,O20260919000025,2026-09-20 12:00:00.000000,23750
t_demo,demo_20260921_v1,s1,R2026092000026,O20260919000026,2026-09-20 12:00:00.000000,23750
t_demo,demo_20260921_v1,s1,R2026092000027,O20260919000027,2026-09-20 12:00:00.000000,23750
t_demo,demo_20260921_v1,s1,R2026092000028,O20260919000028,2026-09-20 12:00:00.000000,23750
t_demo,demo_20260921_v1,s1,R2026092000029,O20260919000029,2026-09-20 12:00:00.000000,23750
t_demo,demo_20260921_v1,s1,R2026092000030,O20260919000030,2026-09-20 12:00:00.000000,23750
t_demo,demo_20260921_v1,s1,R2026092000031,O20260919000031,2026-09-20 12:00:00.000000,23750
t_demo,demo_20260921_v1,s1,R2026092000032,O20260919000032,2026-09-20 12:00:00.000000,23750
t_demo,demo_20260921_v1,s1,R2026092000033,O20260919000033,2026-09-20 12:00:00.000000,23750
t_demo,demo_20260921_v1,s1,R2026092000034,O20260919000034,2026-09-20 12:00:00.000000,23750
t_demo,demo_20260921_v1,s1,R2026092000035,O20260919000035,2026-09-20 12:00:00.000000,23750
t_demo,demo_20260921_v1,s1,R2026092000036,O20260919000036,2026-09-20 12:00:00.000000,23750
t_demo,demo_20260921_v1,s1,R2026092000037,O20260919000037,2026-09-20 12:00:00.000000,23750
t_demo,demo_20260921_v1,s1,R2026092000038,O20260919000038,2026-09-20 12:00:00.000000,23750
t_demo,demo_20260921_v1,s1,R2026092000039,O20260919000039,2026-09-20 12:00:00.000000,23750
t_demo,demo_20260921_v1,s1,R2026092000040,O20260919000040,2026-09-20 12:00:00.000000,23750
t_demo,demo_20260921_v1,s1,R2026092000041,O20260919000041,2026-09-20 12:00:00.000000,23750
t_demo,demo_20260921_v1,s1,R2026092000042,O20260919000042,2026-09-20 12:00:00.000000,23750
t_demo,demo_20260921_v1,s1,R2026092000043,O20260919000043,2026-09-20 12:00:00.000000,23750
t_demo,demo_20260921_v1,s1,R2026092000044,O20260919000044,2026-09-20 12:00:00.000000,23750
t_demo,demo_20260921_v1,s1,R2026092000045,O20260919000045,2026-09-20 12:00:00.000000,23750
t_demo,demo_20260921_v1,s1,R2026092000046,O20260919000046,2026-09-20 12:00:00.000000,23750
t_demo,demo_20260921_v1,s1,R2026092000047,O20260919000047,2026-09-20 12:00:00.000000,23750
t_demo,demo_20260921_v1,s1,R2026092000048,O20260919000048,2026-09-20 12:00:00.000000,23750
t_demo,demo_20260921_v1,s1,R2026092000049,O20260919000049,2026-09-20 12:00:00.000000,23750
t_demo,demo_20260921_v1,s1,R2026092000050,O20260919000050,2026-09-20 12:00:00.000000,23750
t_demo,demo_20260921_v1,s1,R2026092000051,O20260919000051,2026-09-20 12:00:00.000000,23750
t_demo,demo_20260921_v1,s1,R2026092000052,O20260919000052,2026-09-20 12:00:00.000000,23750
t_demo,demo_20260921_v1,s1,R2026092000053,O20260919000053,2026-09-20 12:00:00.000000,23750
t_demo,demo_20260921_v1,s1,R2026092000054,O20260919000054,2026-09-20 12:00:00.000000,23750
t_demo,demo_20260921_v1,s1,R2026092000055,O20260919000055,2026-09-20 12:00:00.000000,23750
t_demo,demo_20260921_v1,s1,R2026092000056,O20260919000056,2026-09-20 12:00:00.000000,23750
t_demo,demo_20260921_v1,s1,R2026092000057,O20260919000057,2026-09-20 12:00:00.000000,23750
t_demo,demo_20260921_v1,s1,R2026092000058,O20260919000058,2026-09-20 12:00:00.000000,23750
t_demo,demo_20260921_v1,s1,R2026092000059,O20260919000059,2026-09-20 12:00:00.000000,23750
t_demo,demo_20260921_v1,s1,R2026092000060,O20260919000060,2026-09-20 12:00:00.000000,23750
t_demo,demo_20260921_v1,s1,R2026092000061,O20260919000061,2026-09-20 12:00:00.000000,23750
t_demo,demo_20260921_v1,s1,R2026092000062,O20260919000062,2026-09-20 12:00:00.000000,23750
t_demo,demo_20260921_v1,s1,R2026092000063,O20260919000063,2026-09-20 12:00:00.000000,23750
t_demo,demo_20260921_v1,s1,R2026092000064,O20260919000064,2026-09-20 12:00:00.000000,23750
t_demo,demo_20260921_v1,s1,R2026092000065,O20260919000065,2026-09-20 12:00:00.000000,23750
t_demo,demo_20260921_v1,s1,R2026092000066,O20260919000066,2026-09-20 12:00:00.000000,23750
t_demo,demo_20260921_v1,s1,R2026092000067,O20260919000067,2026-09-20 12:00:00.000000,23750
t_demo,demo_20260921_v1,s1,R2026092000068,O20260919000068,2026-09-20 12:00:00.000000,23750
t_demo,demo_20260921_v1,s1,R2026092000069,O20260919000069,2026-09-20 12:00:00.000000,23750
t_demo,demo_20260921_v1,s1,R2026092000070,O20260919000070,2026-09-20 12:00:00.000000,23750
t_demo,demo_20260921_v1,s1,R2026092000071,O20260919000071,2026-09-20 12:00:00.000000,23750
t_demo,demo_20260921_v1,s1,R2026092000072,O20260919000072,2026-09-20 12:00:00.000000,23750
t_demo,demo_20260921_v1,s1,R2026092000073,O20260919000073,2026-09-20 12:00:00.000000,23750
t_demo,demo_20260921_v1,s1,R2026092000074,O20260919000074,2026-09-20 12:00:00.000000,23750
t_demo,demo_20260921_v1,s1,R2026092000075,O20260919000075,2026-09-20 12:00:00.000000,23750
t_demo,demo_20260921_v1,s1,R2026092000076,O20260919000076,2026-09-20 12:00:00.000000,23750
t_demo,demo_20260921_v1,s1,R2026092000077,O20260919000077,2026-09-20 12:00:00.000000,23750
t_demo,demo_20260921_v1,s1,R2026092000078,O20260919000078,2026-09-20 12:00:00.000000,23750
t_demo,demo_20260921_v1,s1,R2026092000079,O20260919000079,2026-09-20 12:00:00.000000,23750
t_demo,demo_20260921_v1,s1,R2026092000080,O20260919000080,2026-09-20 12:00:00.000000,23750
t_demo,demo_20260921_v1,s2,R2026072600001,O20260726000476,2026-07-26 12:00:00.000000,20000
t_demo,demo_20260921_v1,s2,R2026072600002,O20260726000477,2026-07-26 12:00:00.000000,20000
t_demo,demo_20260921_v1,s2,R2026072600003,O20260726000478,2026-07-26 12:00:00.000000,20000
t_demo,demo_20260921_v1,s2,R2026072600004,O20260726000479,2026-07-26 12:00:00.000000,20000
t_demo,demo_20260921_v1,s2,R2026072600005,O20260726000480,2026-07-26 12:00:00.000000,20000
t_demo,demo_20260921_v1,s2,R2026072600006,O20260726000481,2026-07-26 12:00:00.000000,20000
t_demo,demo_20260921_v1,s2,R2026072600007,O20260726000482,2026-07-26 12:00:00.000000,20000
t_demo,demo_20260921_v1,s2,R2026072600008,O20260726000483,2026-07-26 12:00:00.000000,20000
t_demo,demo_20260921_v1,s2,R2026072600009,O20260726000484,2026-07-26 12:00:00.000000,20000
t_demo,demo_20260921_v1,s2,R2026072600010,O20260726000485,2026-07-26 12:00:00.000000,20000
t_demo,demo_20260921_v1,s2,R2026072600011,O20260726000486,2026-07-26 12:00:00.000000,20000
t_demo,demo_20260921_v1,s2,R2026072600012,O20260726000487,2026-07-26 12:00:00.000000,20000
t_demo,demo_20260921_v1,s2,R2026072600013,O20260726000488,2026-07-26 12:00:00.000000,20000
t_demo,demo_20260921_v1,s2,R2026072600014,O20260726000489,2026-07-26 12:00:00.000000,20000
t_demo,demo_20260921_v1,s2,R2026072600015,O20260726000490,2026-07-26 12:00:00.000000,20000
t_demo,demo_20260921_v1,s2,R2026072600016,O20260726000491,2026-07-26 12:00:00.000000,20000
t_demo,demo_20260921_v1,s2,R2026072600017,O20260726000492,2026-07-26 12:00:00.000000,20000
t_demo,demo_20260921_v1,s2,R2026072600018,O20260726000493,2026-07-26 12:00:00.000000,20000
t_demo,demo_20260921_v1,s2,R2026072600019,O20260726000494,2026-07-26 12:00:00.000000,20000
t_demo,demo_20260921_v1,s2,R2026072600020,O20260726000495,2026-07-26 12:00:00.000000,20000
t_demo,demo_20260921_v1,s2,R2026072600021,O20260726000496,2026-07-26 12:00:00.000000,20000
t_demo,demo_20260921_v1,s2,R2026072600022,O20260726000497,2026-07-26 12:00:00.000000,20000
t_demo,demo_20260921_v1,s2,R2026072600023,O20260726000498,2026-07-26 12:00:00.000000,20000
t_demo,demo_20260921_v1,s2,R2026072600024,O20260726000499,2026-07-26 12:00:00.000000,20000
t_demo,demo_20260921_v1,s2,R2026072600025,O20260726000500,2026-07-26 12:00:00.000000,20000
t_demo,demo_20260921_v1,s2,R2026072700001,O20260726000001,2026-07-27 12:00:00.000000,20000
t_demo,demo_20260921_v1,s2,R2026072700002,O20260726000002,2026-07-27 12:00:00.000000,20000
t_demo,demo_20260921_v1,s2,R2026072700003,O20260726000003,2026-07-27 12:00:00.000000,20000
t_demo,demo_20260921_v1,s2,R2026072700004,O20260726000004,2026-07-27 12:00:00.000000,20000
t_demo,demo_20260921_v1,s2,R2026072700005,O20260726000005,2026-07-27 12:00:00.000000,20000
t_demo,demo_20260921_v1,s2,R2026072700006,O20260726000006,2026-07-27 12:00:00.000000,20000
t_demo,demo_20260921_v1,s2,R2026072700007,O20260726000007,2026-07-27 12:00:00.000000,20000
t_demo,demo_20260921_v1,s2,R2026072700008,O20260726000008,2026-07-27 12:00:00.000000,20000
t_demo,demo_20260921_v1,s2,R2026072700009,O20260726000009,2026-07-27 12:00:00.000000,20000
t_demo,demo_20260921_v1,s2,R2026072700010,O20260726000010,2026-07-27 12:00:00.000000,20000
t_demo,demo_20260921_v1,s2,R2026072700011,O20260726000011,2026-07-27 12:00:00.000000,20000
t_demo,demo_20260921_v1,s2,R2026072700012,O20260726000012,2026-07-27 12:00:00.000000,20000
t_demo,demo_20260921_v1,s2,R2026072700013,O20260726000013,2026-07-27 12:00:00.000000,20000
t_demo,demo_20260921_v1,s2,R2026072700014,O20260726000014,2026-07-27 12:00:00.000000,20000
t_demo,demo_20260921_v1,s2,R2026072700015,O20260726000015,2026-07-27 12:00:00.000000,20000
t_demo,demo_20260921_v1,s2,R2026072700016,O20260726000016,2026-07-27 12:00:00.000000,20000
t_demo,demo_20260921_v1,s2,R2026072700017,O20260726000017,2026-07-27 12:00:00.000000,20000
t_demo,demo_20260921_v1,s2,R2026072700018,O20260726000018,2026-07-27 12:00:00.000000,20000
t_demo,demo_20260921_v1,s2,R2026072700019,O20260726000019,2026-07-27 12:00:00.000000,20000
t_demo,demo_20260921_v1,s2,R2026072700020,O20260726000020,2026-07-27 12:00:00.000000,20000
t_demo,demo_20260921_v1,s2,R2026072700021,O20260726000021,2026-07-27 12:00:00.000000,20000
t_demo,demo_20260921_v1,s2,R2026072700022,O20260726000022,2026-07-27 12:00:00.000000,20000
t_demo,demo_20260921_v1,s2,R2026072700023,O20260726000023,2026-07-27 12:00:00.000000,20000
t_demo,demo_20260921_v1,s2,R2026072700024,O20260726000024,2026-07-27 12:00:00.000000,20000
t_demo,demo_20260921_v1,s2,R2026072700025,O20260726000025,2026-07-27 12:00:00.000000,20000
t_demo,demo_20260921_v1,s2,R2026072800001,O20260727000001,2026-07-28 12:00:00.000000,20000
t_demo,demo_20260921_v1,s2,R2026072800002,O20260727000002,2026-07-28 12:00:00.000000,20000
t_demo,demo_20260921_v1,s2,R2026072800003,O20260727000003,2026-07-28 12:00:00.000000,20000
t_demo,demo_20260921_v1,s2,R2026072800004,O20260727000004,2026-07-28 12:00:00.000000,20000
t_demo,demo_20260921_v1,s2,R2026072800005,O20260727000005,2026-07-28 12:00:00.000000,20000
t_demo,demo_20260921_v1,s2,R2026072800006,O20260727000006,2026-07-28 12:00:00.000000,20000
t_demo,demo_20260921_v1,s2,R2026072800007,O20260727000007,2026-07-28 12:00:00.000000,20000
t_demo,demo_20260921_v1,s2,R2026072800008,O20260727000008,2026-07-28 12:00:00.000000,20000
t_demo,demo_20260921_v1,s2,R2026072800009,O20260727000009,2026-07-28 12:00:00.000000,20000
t_demo,demo_20260921_v1,s2,R2026072800010,O20260727000010,2026-07-28 12:00:00.000000,20000
t_demo,demo_20260921_v1,s2,R2026072800011,O20260727000011,2026-07-28 12:00:00.000000,20000
t_demo,demo_20260921_v1,s2,R2026072800012,O20260727000012,2026-07-28 12:00:00.000000,20000
t_demo,demo_20260921_v1,s2,R2026072800013,O20260727000013,2026-07-28 12:00:00.000000,20000
t_demo,demo_20260921_v1,s2,R2026072800014,O20260727000014,2026-07-28 12:00:00.000000,20000
t_demo,demo_20260921_v1,s2,R2026072800015,O20260727000015,2026-07-28 12:00:00.000000,20000
t_demo,demo_20260921_v1,s2,R2026072800016,O20260727000016,2026-07-28 12:00:00.000000,20000
t_demo,demo_20260921_v1,s2,R2026072800017,O20260727000017,2026-07-28 12:00:00.000000,20000
t_demo,demo_20260921_v1,s2,R2026072800018,O20260727000018,2026-07-28 12:00:00.000000,20000
t_demo,demo_20260921_v1,s2,R2026072800019,O20260727000019,2026-07-28 12:00:00.000000,20000
t_demo,demo_20260921_v1,s2,R2026072800020,O20260727000020,2026-07-28 12:00:00.000000,20000
t_demo,demo_20260921_v1,s2,R2026072800021,O20260727000021,2026-07-28 12:00:00.000000,20000
t_demo,demo_20260921_v1,s2,R2026072800022,O20260727000022,2026-07-28 12:00:00.000000,20000
t_demo,demo_20260921_v1,s2,R2026072800023,O20260727000023,2026-07-28 12:00:00.000000,20000
t_demo,demo_20260921_v1,s2,R2026072800024,O20260727000024,2026-07-28 12:00:00.000000,20000
t_demo,demo_20260921_v1,s2,R2026072800025,O20260727000025,2026-07-28 12:00:00.000000,20000
t_demo,demo_20260921_v1,s2,R2026072900001,O20260728000001,2026-07-29 12:00:00.000000,20000
t_demo,demo_20260921_v1,s2,R2026072900002,O20260728000002,2026-07-29 12:00:00.000000,20000
t_demo,demo_20260921_v1,s2,R2026072900003,O20260728000003,2026-07-29 12:00:00.000000,20000
t_demo,demo_20260921_v1,s2,R2026072900004,O20260728000004,2026-07-29 12:00:00.000000,20000
t_demo,demo_20260921_v1,s2,R2026072900005,O20260728000005,2026-07-29 12:00:00.000000,20000
t_demo,demo_20260921_v1,s2,R2026072900006,O20260728000006,2026-07-29 12:00:00.000000,20000
t_demo,demo_20260921_v1,s2,R2026072900007,O20260728000007,2026-07-29 12:00:00.000000,20000
t_demo,demo_20260921_v1,s2,R2026072900008,O20260728000008,2026-07-29 12:00:00.000000,20000
t_demo,demo_20260921_v1,s2,R2026072900009,O20260728000009,2026-07-29 12:00:00.000000,20000
t_demo,demo_20260921_v1,s2,R2026072900010,O20260728000010,2026-07-29 12:00:00.000000,20000
t_demo,demo_20260921_v1,s2,R2026072900011,O20260728000011,2026-07-29 12:00:00.000000,20000
t_demo,demo_20260921_v1,s2,R2026072900012,O20260728000012,2026-07-29 12:00:00.000000,20000
t_demo,demo_20260921_v1,s2,R2026072900013,O20260728000013,2026-07-29 12:00:00.000000,20000
t_demo,demo_20260921_v1,s2,R2026072900014,O20260728000014,2026-07-29 12:00:00.000000,20000
t_demo,demo_20260921_v1,s2,R2026072900015,O20260728000015,2026-07-29 12:00:00.000000,20000
t_demo,demo_20260921_v1,s2,R2026072900016,O20260728000016,2026-07-29 12:00:00.000000,20000
t_demo,demo_20260921_v1,s2,R2026072900017,O20260728000017,2026-07-29 12:00:00.000000,20000
t_demo,demo_20260921_v1,s2,R2026072900018,O20260728000018,2026-07-29 12:00:00.000000,20000
t_demo,demo_20260921_v1,s2,R2026072900019,O20260728000019,2026-07-29 12:00:00.000000,20000
t_demo,demo_20260921_v1,s2,R2026072900020,O20260728000020,2026-07-29 12:00:00.000000,20000
t_demo,demo_20260921_v1,s2,R2026072900021,O20260728000021,2026-07-29 12:00:00.000000,20000
t_demo,demo_20260921_v1,s2,R2026072900022,O20260728000022,2026-07-29 12:00:00.000000,20000
t_demo,demo_20260921_v1,s2,R2026072900023,O20260728000023,2026-07-29 12:00:00.000000,20000
t_demo,demo_20260921_v1,s2,R2026072900024,O20260728000024,2026-07-29 12:00:00.000000,20000
t_demo,demo_20260921_v1,s2,R2026072900025,O20260728000025,2026-07-29 12:00:00.000000,20000
t_demo,demo_20260921_v1,s2,R2026073000001,O20260729000001,2026-07-30 12:00:00.000000,20000
t_demo,demo_20260921_v1,s2,R2026073000002,O20260729000002,2026-07-30 12:00:00.000000,20000
t_demo,demo_20260921_v1,s2,R2026073000003,O20260729000003,2026-07-30 12:00:00.000000,20000
t_demo,demo_20260921_v1,s2,R2026073000004,O20260729000004,2026-07-30 12:00:00.000000,20000
t_demo,demo_20260921_v1,s2,R2026073000005,O20260729000005,2026-07-30 12:00:00.000000,20000
t_demo,demo_20260921_v1,s2,R2026073000006,O20260729000006,2026-07-30 12:00:00.000000,20000
t_demo,demo_20260921_v1,s2,R2026073000007,O20260729000007,2026-07-30 12:00:00.000000,20000
t_demo,demo_20260921_v1,s2,R2026073000008,O20260729000008,2026-07-30 12:00:00.000000,20000
t_demo,demo_20260921_v1,s2,R2026073000009,O20260729000009,2026-07-30 12:00:00.000000,20000
t_demo,demo_20260921_v1,s2,R2026073000010,O20260729000010,2026-07-30 12:00:00.000000,20000
t_demo,demo_20260921_v1,s2,R2026073000011,O20260729000011,2026-07-30 12:00:00.000000,20000
t_demo,demo_20260921_v1,s2,R2026073000012,O20260729000012,2026-07-30 12:00:00.000000,20000
t_demo,demo_20260921_v1,s2,R2026073000013,O20260729000013,2026-07-30 12:00:00.000000,20000
t_demo,demo_20260921_v1,s2,R2026073000014,O20260729000014,2026-07-30 12:00:00.000000,20000
t_demo,demo_20260921_v1,s2,R2026073000015,O20260729000015,2026-07-30 12:00:00.000000,20000
t_demo,demo_20260921_v1,s2,R2026073000016,O20260729000016,2026-07-30 12:00:00.000000,20000
t_demo,demo_20260921_v1,s2,R2026073000017,O20260729000017,2026-07-30 12:00:00.000000,20000
t_demo,demo_20260921_v1,s2,R2026073000018,O20260729000018,2026-07-30 12:00:00.000000,20000
t_demo,demo_20260921_v1,s2,R2026073000019,O20260729000019,2026-07-30 12:00:00.000000,20000
t_demo,demo_20260921_v1,s2,R2026073000020,O20260729000020,2026-07-30 12:00:00.000000,20000
t_demo,demo_20260921_v1,s2,R2026073000021,O20260729000021,2026-07-30 12:00:00.000000,20000
t_demo,demo_20260921_v1,s2,R2026073000022,O20260729000022,2026-07-30 12:00:00.000000,20000
t_demo,demo_20260921_v1,s2,R2026073000023,O20260729000023,2026-07-30 12:00:00.000000,20000
t_demo,demo_20260921_v1,s2,R2026073000024,O20260729000024,2026-07-30 12:00:00.000000,20000
t_demo,demo_20260921_v1,s2,R2026073000025,O20260729000025,2026-07-30 12:00:00.000000,20000
t_demo,demo_20260921_v1,s2,R2026073100001,O20260730000001,2026-07-31 12:00:00.000000,20000
t_demo,demo_20260921_v1,s2,R2026073100002,O20260730000002,2026-07-31 12:00:00.000000,20000
t_demo,demo_20260921_v1,s2,R2026073100003,O20260730000003,2026-07-31 12:00:00.000000,20000
t_demo,demo_20260921_v1,s2,R2026073100004,O20260730000004,2026-07-31 12:00:00.000000,20000
t_demo,demo_20260921_v1,s2,R2026073100005,O20260730000005,2026-07-31 12:00:00.000000,20000
t_demo,demo_20260921_v1,s2,R2026073100006,O20260730000006,2026-07-31 12:00:00.000000,20000
t_demo,demo_20260921_v1,s2,R2026073100007,O20260730000007,2026-07-31 12:00:00.000000,20000
t_demo,demo_20260921_v1,s2,R2026073100008,O20260730000008,2026-07-31 12:00:00.000000,20000
t_demo,demo_20260921_v1,s2,R2026073100009,O20260730000009,2026-07-31 12:00:00.000000,20000
t_demo,demo_20260921_v1,s2,R2026073100010,O20260730000010,2026-07-31 12:00:00.000000,20000
t_demo,demo_20260921_v1,s2,R2026073100011,O20260730000011,2026-07-31 12:00:00.000000,20000
t_demo,demo_20260921_v1,s2,R2026073100012,O20260730000012,2026-07-31 12:00:00.000000,20000
t_demo,demo_20260921_v1,s2,R2026073100013,O20260730000013,2026-07-31 12:00:00.000000,20000
t_demo,demo_20260921_v1,s2,R2026073100014,O20260730000014,2026-07-31 12:00:00.000000,20000
t_demo,demo_20260921_v1,s2,R2026073100015,O20260730000015,2026-07-31 12:00:00.000000,20000
t_demo,demo_20260921_v1,s2,R2026073100016,O20260730000016,2026-07-31 12:00:00.000000,20000
t_demo,demo_20260921_v1,s2,R2026073100017,O20260730000017,2026-07-31 12:00:00.000000,20000
t_demo,demo_20260921_v1,s2,R2026073100018,O20260730000018,2026-07-31 12:00:00.000000,20000
t_demo,demo_20260921_v1,s2,R2026073100019,O20260730000019,2026-07-31 12:00:00.000000,20000
t_demo,demo_20260921_v1,s2,R2026073100020,O20260730000020,2026-07-31 12:00:00.000000,20000
t_demo,demo_20260921_v1,s2,R2026073100021,O20260730000021,2026-07-31 12:00:00.000000,20000
t_demo,demo_20260921_v1,s2,R2026073100022,O20260730000022,2026-07-31 12:00:00.000000,20000
t_demo,demo_20260921_v1,s2,R2026073100023,O20260730000023,2026-07-31 12:00:00.000000,20000
t_demo,demo_20260921_v1,s2,R2026073100024,O20260730000024,2026-07-31 12:00:00.000000,20000
t_demo,demo_20260921_v1,s2,R2026073100025,O20260730000025,2026-07-31 12:00:00.000000,20000
t_demo,demo_20260921_v1,s2,R2026080100001,O20260731000001,2026-08-01 12:00:00.000000,20000
t_demo,demo_20260921_v1,s2,R2026080100002,O20260731000002,2026-08-01 12:00:00.000000,20000
t_demo,demo_20260921_v1,s2,R2026080100003,O20260731000003,2026-08-01 12:00:00.000000,20000
t_demo,demo_20260921_v1,s2,R2026080100004,O20260731000004,2026-08-01 12:00:00.000000,20000
t_demo,demo_20260921_v1,s2,R2026080100005,O20260731000005,2026-08-01 12:00:00.000000,20000
t_demo,demo_20260921_v1,s2,R2026080100006,O20260731000006,2026-08-01 12:00:00.000000,20000
t_demo,demo_20260921_v1,s2,R2026080100007,O20260731000007,2026-08-01 12:00:00.000000,20000
t_demo,demo_20260921_v1,s2,R2026080100008,O20260731000008,2026-08-01 12:00:00.000000,20000
t_demo,demo_20260921_v1,s2,R2026080100009,O20260731000009,2026-08-01 12:00:00.000000,20000
t_demo,demo_20260921_v1,s2,R2026080100010,O20260731000010,2026-08-01 12:00:00.000000,20000
t_demo,demo_20260921_v1,s2,R2026080100011,O20260731000011,2026-08-01 12:00:00.000000,20000
t_demo,demo_20260921_v1,s2,R2026080100012,O20260731000012,2026-08-01 12:00:00.000000,20000
t_demo,demo_20260921_v1,s2,R2026080100013,O20260731000013,2026-08-01 12:00:00.000000,20000
t_demo,demo_20260921_v1,s2,R2026080100014,O20260731000014,2026-08-01 12:00:00.000000,20000
t_demo,demo_20260921_v1,s2,R2026080100015,O20260731000015,2026-08-01 12:00:00.000000,20000
t_demo,demo_20260921_v1,s2,R2026080100016,O20260731000016,2026-08-01 12:00:00.000000,20000
t_demo,demo_20260921_v1,s2,R2026080100017,O20260731000017,2026-08-01 12:00:00.000000,20000
t_demo,demo_20260921_v1,s2,R2026080100018,O20260731000018,2026-08-01 12:00:00.000000,20000
t_demo,demo_20260921_v1,s2,R2026080100019,O20260731000019,2026-08-01 12:00:00.000000,20000
t_demo,demo_20260921_v1,s2,R2026080100020,O20260731000020,2026-08-01 12:00:00.000000,20000
t_demo,demo_20260921_v1,s2,R2026080100021,O20260731000021,2026-08-01 12:00:00.000000,20000
t_demo,demo_20260921_v1,s2,R2026080100022,O20260731000022,2026-08-01 12:00:00.000000,20000
t_demo,demo_20260921_v1,s2,R2026080100023,O20260731000023,2026-08-01 12:00:00.000000,20000
t_demo,demo_20260921_v1,s2,R2026080100024,O20260731000024,2026-08-01 12:00:00.000000,20000
t_demo,demo_20260921_v1,s2,R2026080100025,O20260731000025,2026-08-01 12:00:00.000000,20000
t_demo,demo_20260921_v1,s2,R2026080200001,O20260801000001,2026-08-02 12:00:00.000000,20000
t_demo,demo_20260921_v1,s2,R2026080200002,O20260801000002,2026-08-02 12:00:00.000000,20000
t_demo,demo_20260921_v1,s2,R2026080200003,O20260801000003,2026-08-02 12:00:00.000000,20000
t_demo,demo_20260921_v1,s2,R2026080200004,O20260801000004,2026-08-02 12:00:00.000000,20000
t_demo,demo_20260921_v1,s2,R2026080200005,O20260801000005,2026-08-02 12:00:00.000000,20000
t_demo,demo_20260921_v1,s2,R2026080200006,O20260801000006,2026-08-02 12:00:00.000000,20000
t_demo,demo_20260921_v1,s2,R2026080200007,O20260801000007,2026-08-02 12:00:00.000000,20000
t_demo,demo_20260921_v1,s2,R2026080200008,O20260801000008,2026-08-02 12:00:00.000000,20000
t_demo,demo_20260921_v1,s2,R2026080200009,O20260801000009,2026-08-02 12:00:00.000000,20000
t_demo,demo_20260921_v1,s2,R2026080200010,O20260801000010,2026-08-02 12:00:00.000000,20000
t_demo,demo_20260921_v1,s2,R2026080200011,O20260801000011,2026-08-02 12:00:00.000000,20000
t_demo,demo_20260921_v1,s2,R2026080200012,O20260801000012,2026-08-02 12:00:00.000000,20000
t_demo,demo_20260921_v1,s2,R2026080200013,O20260801000013,2026-08-02 12:00:00.000000,20000
t_demo,demo_20260921_v1,s2,R2026080200014,O20260801000014,2026-08-02 12:00:00.000000,20000
t_demo,demo_20260921_v1,s2,R2026080200015,O20260801000015,2026-08-02 12:00:00.000000,20000
t_demo,demo_20260921_v1,s2,R2026080200016,O20260801000016,2026-08-02 12:00:00.000000,20000
t_demo,demo_20260921_v1,s2,R2026080200017,O20260801000017,2026-08-02 12:00:00.000000,20000
t_demo,demo_20260921_v1,s2,R2026080200018,O20260801000018,2026-08-02 12:00:00.000000,20000
t_demo,demo_20260921_v1,s2,R2026080200019,O20260801000019,2026-08-02 12:00:00.000000,20000
t_demo,demo_20260921_v1,s2,R2026080200020,O20260801000020,2026-08-02 12:00:00.000000,20000
t_demo,demo_20260921_v1,s2,R2026080200021,O20260801000021,2026-08-02 12:00:00.000000,20000
t_demo,demo_20260921_v1,s2,R2026080200022,O20260801000022,2026-08-02 12:00:00.000000,20000
t_demo,demo_20260921_v1,s2,R2026080200023,O20260801000023,2026-08-02 12:00:00.000000,20000
t_demo,demo_20260921_v1,s2,R2026080200024,O20260801000024,2026-08-02 12:00:00.000000,20000
t_demo,demo_20260921_v1,s2,R2026080200025,O20260801000025,2026-08-02 12:00:00.000000,20000
t_demo,demo_20260921_v1,s2,R2026080300001,O20260802000001,2026-08-03 12:00:00.000000,20000
t_demo,demo_20260921_v1,s2,R2026080300002,O20260802000002,2026-08-03 12:00:00.000000,20000
t_demo,demo_20260921_v1,s2,R2026080300003,O20260802000003,2026-08-03 12:00:00.000000,20000
t_demo,demo_20260921_v1,s2,R2026080300004,O20260802000004,2026-08-03 12:00:00.000000,20000
t_demo,demo_20260921_v1,s2,R2026080300005,O20260802000005,2026-08-03 12:00:00.000000,20000
t_demo,demo_20260921_v1,s2,R2026080300006,O20260802000006,2026-08-03 12:00:00.000000,20000
t_demo,demo_20260921_v1,s2,R2026080300007,O20260802000007,2026-08-03 12:00:00.000000,20000
t_demo,demo_20260921_v1,s2,R2026080300008,O20260802000008,2026-08-03 12:00:00.000000,20000
t_demo,demo_20260921_v1,s2,R2026080300009,O20260802000009,2026-08-03 12:00:00.000000,20000
t_demo,demo_20260921_v1,s2,R2026080300010,O20260802000010,2026-08-03 12:00:00.000000,20000
t_demo,demo_20260921_v1,s2,R2026080300011,O20260802000011,2026-08-03 12:00:00.000000,20000
t_demo,demo_20260921_v1,s2,R2026080300012,O20260802000012,2026-08-03 12:00:00.000000,20000
t_demo,demo_20260921_v1,s2,R2026080300013,O20260802000013,2026-08-03 12:00:00.000000,20000
t_demo,demo_20260921_v1,s2,R2026080300014,O20260802000014,2026-08-03 12:00:00.000000,20000
t_demo,demo_20260921_v1,s2,R2026080300015,O20260802000015,2026-08-03 12:00:00.000000,20000
t_demo,demo_20260921_v1,s2,R2026080300016,O20260802000016,2026-08-03 12:00:00.000000,20000
t_demo,demo_20260921_v1,s2,R2026080300017,O20260802000017,2026-08-03 12:00:00.000000,20000
t_demo,demo_20260921_v1,s2,R2026080300018,O20260802000018,2026-08-03 12:00:00.000000,20000
t_demo,demo_20260921_v1,s2,R2026080300019,O20260802000019,2026-08-03 12:00:00.000000,20000
t_demo,demo_20260921_v1,s2,R2026080300020,O20260802000020,2026-08-03 12:00:00.000000,20000
t_demo,demo_20260921_v1,s2,R2026080300021,O20260802000021,2026-08-03 12:00:00.000000,20000
t_demo,demo_20260921_v1,s2,R2026080300022,O20260802000022,2026-08-03 12:00:00.000000,20000
t_demo,demo_20260921_v1,s2,R2026080300023,O20260802000023,2026-08-03 12:00:00.000000,20000
t_demo,demo_20260921_v1,s2,R2026080300024,O20260802000024,2026-08-03 12:00:00.000000,20000
t_demo,demo_20260921_v1,s2,R2026080300025,O20260802000025,2026-08-03 12:00:00.000000,20000
t_demo,demo_20260921_v1,s2,R2026080400001,O20260803000001,2026-08-04 12:00:00.000000,20000
t_demo,demo_20260921_v1,s2,R2026080400002,O20260803000002,2026-08-04 12:00:00.000000,20000
t_demo,demo_20260921_v1,s2,R2026080400003,O20260803000003,2026-08-04 12:00:00.000000,20000
t_demo,demo_20260921_v1,s2,R2026080400004,O20260803000004,2026-08-04 12:00:00.000000,20000
t_demo,demo_20260921_v1,s2,R2026080400005,O20260803000005,2026-08-04 12:00:00.000000,20000
t_demo,demo_20260921_v1,s2,R2026080400006,O20260803000006,2026-08-04 12:00:00.000000,20000
t_demo,demo_20260921_v1,s2,R2026080400007,O20260803000007,2026-08-04 12:00:00.000000,20000
t_demo,demo_20260921_v1,s2,R2026080400008,O20260803000008,2026-08-04 12:00:00.000000,20000
t_demo,demo_20260921_v1,s2,R2026080400009,O20260803000009,2026-08-04 12:00:00.000000,20000
t_demo,demo_20260921_v1,s2,R2026080400010,O20260803000010,2026-08-04 12:00:00.000000,20000
t_demo,demo_20260921_v1,s2,R2026080400011,O20260803000011,2026-08-04 12:00:00.000000,20000
t_demo,demo_20260921_v1,s2,R2026080400012,O20260803000012,2026-08-04 12:00:00.000000,20000
t_demo,demo_20260921_v1,s2,R2026080400013,O20260803000013,2026-08-04 12:00:00.000000,20000
t_demo,demo_20260921_v1,s2,R2026080400014,O20260803000014,2026-08-04 12:00:00.000000,20000
t_demo,demo_20260921_v1,s2,R2026080400015,O20260803000015,2026-08-04 12:00:00.000000,20000
t_demo,demo_20260921_v1,s2,R2026080400016,O20260803000016,2026-08-04 12:00:00.000000,20000
t_demo,demo_20260921_v1,s2,R2026080400017,O20260803000017,2026-08-04 12:00:00.000000,20000
t_demo,demo_20260921_v1,s2,R2026080400018,O20260803000018,2026-08-04 12:00:00.000000,20000
t_demo,demo_20260921_v1,s2,R2026080400019,O20260803000019,2026-08-04 12:00:00.000000,20000
t_demo,demo_20260921_v1,s2,R2026080400020,O20260803000020,2026-08-04 12:00:00.000000,20000
t_demo,demo_20260921_v1,s2,R2026080400021,O20260803000021,2026-08-04 12:00:00.000000,20000
t_demo,demo_20260921_v1,s2,R2026080400022,O20260803000022,2026-08-04 12:00:00.000000,20000
t_demo,demo_20260921_v1,s2,R2026080400023,O20260803000023,2026-08-04 12:00:00.000000,20000
t_demo,demo_20260921_v1,s2,R2026080400024,O20260803000024,2026-08-04 12:00:00.000000,20000
t_demo,demo_20260921_v1,s2,R2026080400025,O20260803000025,2026-08-04 12:00:00.000000,20000
t_demo,demo_20260921_v1,s2,R2026080500001,O20260804000001,2026-08-05 12:00:00.000000,20000
t_demo,demo_20260921_v1,s2,R2026080500002,O20260804000002,2026-08-05 12:00:00.000000,20000
t_demo,demo_20260921_v1,s2,R2026080500003,O20260804000003,2026-08-05 12:00:00.000000,20000
t_demo,demo_20260921_v1,s2,R2026080500004,O20260804000004,2026-08-05 12:00:00.000000,20000
t_demo,demo_20260921_v1,s2,R2026080500005,O20260804000005,2026-08-05 12:00:00.000000,20000
t_demo,demo_20260921_v1,s2,R2026080500006,O20260804000006,2026-08-05 12:00:00.000000,20000
t_demo,demo_20260921_v1,s2,R2026080500007,O20260804000007,2026-08-05 12:00:00.000000,20000
t_demo,demo_20260921_v1,s2,R2026080500008,O20260804000008,2026-08-05 12:00:00.000000,20000
t_demo,demo_20260921_v1,s2,R2026080500009,O20260804000009,2026-08-05 12:00:00.000000,20000
t_demo,demo_20260921_v1,s2,R2026080500010,O20260804000010,2026-08-05 12:00:00.000000,20000
t_demo,demo_20260921_v1,s2,R2026080500011,O20260804000011,2026-08-05 12:00:00.000000,20000
t_demo,demo_20260921_v1,s2,R2026080500012,O20260804000012,2026-08-05 12:00:00.000000,20000
t_demo,demo_20260921_v1,s2,R2026080500013,O20260804000013,2026-08-05 12:00:00.000000,20000
t_demo,demo_20260921_v1,s2,R2026080500014,O20260804000014,2026-08-05 12:00:00.000000,20000
t_demo,demo_20260921_v1,s2,R2026080500015,O20260804000015,2026-08-05 12:00:00.000000,20000
t_demo,demo_20260921_v1,s2,R2026080500016,O20260804000016,2026-08-05 12:00:00.000000,20000
t_demo,demo_20260921_v1,s2,R2026080500017,O20260804000017,2026-08-05 12:00:00.000000,20000
t_demo,demo_20260921_v1,s2,R2026080500018,O20260804000018,2026-08-05 12:00:00.000000,20000
t_demo,demo_20260921_v1,s2,R2026080500019,O20260804000019,2026-08-05 12:00:00.000000,20000
t_demo,demo_20260921_v1,s2,R2026080500020,O20260804000020,2026-08-05 12:00:00.000000,20000
t_demo,demo_20260921_v1,s2,R2026080500021,O20260804000021,2026-08-05 12:00:00.000000,20000
t_demo,demo_20260921_v1,s2,R2026080500022,O20260804000022,2026-08-05 12:00:00.000000,20000
t_demo,demo_20260921_v1,s2,R2026080500023,O20260804000023,2026-08-05 12:00:00.000000,20000
t_demo,demo_20260921_v1,s2,R2026080500024,O20260804000024,2026-08-05 12:00:00.000000,20000
t_demo,demo_20260921_v1,s2,R2026080500025,O20260804000025,2026-08-05 12:00:00.000000,20000
t_demo,demo_20260921_v1,s2,R2026080600001,O20260805000001,2026-08-06 12:00:00.000000,20000
t_demo,demo_20260921_v1,s2,R2026080600002,O20260805000002,2026-08-06 12:00:00.000000,20000
t_demo,demo_20260921_v1,s2,R2026080600003,O20260805000003,2026-08-06 12:00:00.000000,20000
t_demo,demo_20260921_v1,s2,R2026080600004,O20260805000004,2026-08-06 12:00:00.000000,20000
t_demo,demo_20260921_v1,s2,R2026080600005,O20260805000005,2026-08-06 12:00:00.000000,20000
t_demo,demo_20260921_v1,s2,R2026080600006,O20260805000006,2026-08-06 12:00:00.000000,20000
t_demo,demo_20260921_v1,s2,R2026080600007,O20260805000007,2026-08-06 12:00:00.000000,20000
t_demo,demo_20260921_v1,s2,R2026080600008,O20260805000008,2026-08-06 12:00:00.000000,20000
t_demo,demo_20260921_v1,s2,R2026080600009,O20260805000009,2026-08-06 12:00:00.000000,20000
t_demo,demo_20260921_v1,s2,R2026080600010,O20260805000010,2026-08-06 12:00:00.000000,20000
t_demo,demo_20260921_v1,s2,R2026080600011,O20260805000011,2026-08-06 12:00:00.000000,20000
t_demo,demo_20260921_v1,s2,R2026080600012,O20260805000012,2026-08-06 12:00:00.000000,20000
t_demo,demo_20260921_v1,s2,R2026080600013,O20260805000013,2026-08-06 12:00:00.000000,20000
t_demo,demo_20260921_v1,s2,R2026080600014,O20260805000014,2026-08-06 12:00:00.000000,20000
t_demo,demo_20260921_v1,s2,R2026080600015,O20260805000015,2026-08-06 12:00:00.000000,20000
t_demo,demo_20260921_v1,s2,R2026080600016,O20260805000016,2026-08-06 12:00:00.000000,20000
t_demo,demo_20260921_v1,s2,R2026080600017,O20260805000017,2026-08-06 12:00:00.000000,20000
t_demo,demo_20260921_v1,s2,R2026080600018,O20260805000018,2026-08-06 12:00:00.000000,20000
t_demo,demo_20260921_v1,s2,R2026080600019,O20260805000019,2026-08-06 12:00:00.000000,20000
t_demo,demo_20260921_v1,s2,R2026080600020,O20260805000020,2026-08-06 12:00:00.000000,20000
t_demo,demo_20260921_v1,s2,R2026080600021,O20260805000021,2026-08-06 12:00:00.000000,20000
t_demo,demo_20260921_v1,s2,R2026080600022,O20260805000022,2026-08-06 12:00:00.000000,20000
t_demo,demo_20260921_v1,s2,R2026080600023,O20260805000023,2026-08-06 12:00:00.000000,20000
t_demo,demo_20260921_v1,s2,R2026080600024,O20260805000024,2026-08-06 12:00:00.000000,20000
t_demo,demo_20260921_v1,s2,R2026080600025,O20260805000025,2026-08-06 12:00:00.000000,20000
t_demo,demo_20260921_v1,s2,R2026080700001,O20260806000001,2026-08-07 12:00:00.000000,20000
t_demo,demo_20260921_v1,s2,R2026080700002,O20260806000002,2026-08-07 12:00:00.000000,20000
t_demo,demo_20260921_v1,s2,R2026080700003,O20260806000003,2026-08-07 12:00:00.000000,20000
t_demo,demo_20260921_v1,s2,R2026080700004,O20260806000004,2026-08-07 12:00:00.000000,20000
t_demo,demo_20260921_v1,s2,R2026080700005,O20260806000005,2026-08-07 12:00:00.000000,20000
t_demo,demo_20260921_v1,s2,R2026080700006,O20260806000006,2026-08-07 12:00:00.000000,20000
t_demo,demo_20260921_v1,s2,R2026080700007,O20260806000007,2026-08-07 12:00:00.000000,20000
t_demo,demo_20260921_v1,s2,R2026080700008,O20260806000008,2026-08-07 12:00:00.000000,20000
t_demo,demo_20260921_v1,s2,R2026080700009,O20260806000009,2026-08-07 12:00:00.000000,20000
t_demo,demo_20260921_v1,s2,R2026080700010,O20260806000010,2026-08-07 12:00:00.000000,20000
t_demo,demo_20260921_v1,s2,R2026080700011,O20260806000011,2026-08-07 12:00:00.000000,20000
t_demo,demo_20260921_v1,s2,R2026080700012,O20260806000012,2026-08-07 12:00:00.000000,20000
t_demo,demo_20260921_v1,s2,R2026080700013,O20260806000013,2026-08-07 12:00:00.000000,20000
t_demo,demo_20260921_v1,s2,R2026080700014,O20260806000014,2026-08-07 12:00:00.000000,20000
t_demo,demo_20260921_v1,s2,R2026080700015,O20260806000015,2026-08-07 12:00:00.000000,20000
t_demo,demo_20260921_v1,s2,R2026080700016,O20260806000016,2026-08-07 12:00:00.000000,20000
t_demo,demo_20260921_v1,s2,R2026080700017,O20260806000017,2026-08-07 12:00:00.000000,20000
t_demo,demo_20260921_v1,s2,R2026080700018,O20260806000018,2026-08-07 12:00:00.000000,20000
t_demo,demo_20260921_v1,s2,R2026080700019,O20260806000019,2026-08-07 12:00:00.000000,20000
t_demo,demo_20260921_v1,s2,R2026080700020,O20260806000020,2026-08-07 12:00:00.000000,20000
t_demo,demo_20260921_v1,s2,R2026080700021,O20260806000021,2026-08-07 12:00:00.000000,20000
t_demo,demo_20260921_v1,s2,R2026080700022,O20260806000022,2026-08-07 12:00:00.000000,20000
t_demo,demo_20260921_v1,s2,R2026080700023,O20260806000023,2026-08-07 12:00:00.000000,20000
t_demo,demo_20260921_v1,s2,R2026080700024,O20260806000024,2026-08-07 12:00:00.000000,20000
t_demo,demo_20260921_v1,s2,R2026080700025,O20260806000025,2026-08-07 12:00:00.000000,20000
t_demo,demo_20260921_v1,s2,R2026080800001,O20260807000001,2026-08-08 12:00:00.000000,20000
t_demo,demo_20260921_v1,s2,R2026080800002,O20260807000002,2026-08-08 12:00:00.000000,20000
t_demo,demo_20260921_v1,s2,R2026080800003,O20260807000003,2026-08-08 12:00:00.000000,20000
t_demo,demo_20260921_v1,s2,R2026080800004,O20260807000004,2026-08-08 12:00:00.000000,20000
t_demo,demo_20260921_v1,s2,R2026080800005,O20260807000005,2026-08-08 12:00:00.000000,20000
t_demo,demo_20260921_v1,s2,R2026080800006,O20260807000006,2026-08-08 12:00:00.000000,20000
t_demo,demo_20260921_v1,s2,R2026080800007,O20260807000007,2026-08-08 12:00:00.000000,20000
t_demo,demo_20260921_v1,s2,R2026080800008,O20260807000008,2026-08-08 12:00:00.000000,20000
t_demo,demo_20260921_v1,s2,R2026080800009,O20260807000009,2026-08-08 12:00:00.000000,20000
t_demo,demo_20260921_v1,s2,R2026080800010,O20260807000010,2026-08-08 12:00:00.000000,20000
t_demo,demo_20260921_v1,s2,R2026080800011,O20260807000011,2026-08-08 12:00:00.000000,20000
t_demo,demo_20260921_v1,s2,R2026080800012,O20260807000012,2026-08-08 12:00:00.000000,20000
t_demo,demo_20260921_v1,s2,R2026080800013,O20260807000013,2026-08-08 12:00:00.000000,20000
t_demo,demo_20260921_v1,s2,R2026080800014,O20260807000014,2026-08-08 12:00:00.000000,20000
t_demo,demo_20260921_v1,s2,R2026080800015,O20260807000015,2026-08-08 12:00:00.000000,20000
t_demo,demo_20260921_v1,s2,R2026080800016,O20260807000016,2026-08-08 12:00:00.000000,20000
t_demo,demo_20260921_v1,s2,R2026080800017,O20260807000017,2026-08-08 12:00:00.000000,20000
t_demo,demo_20260921_v1,s2,R2026080800018,O20260807000018,2026-08-08 12:00:00.000000,20000
t_demo,demo_20260921_v1,s2,R2026080800019,O20260807000019,2026-08-08 12:00:00.000000,20000
t_demo,demo_20260921_v1,s2,R2026080800020,O20260807000020,2026-08-08 12:00:00.000000,20000
t_demo,demo_20260921_v1,s2,R2026080800021,O20260807000021,2026-08-08 12:00:00.000000,20000
t_demo,demo_20260921_v1,s2,R2026080800022,O20260807000022,2026-08-08 12:00:00.000000,20000
t_demo,demo_20260921_v1,s2,R2026080800023,O20260807000023,2026-08-08 12:00:00.000000,20000
t_demo,demo_20260921_v1,s2,R2026080800024,O20260807000024,2026-08-08 12:00:00.000000,20000
t_demo,demo_20260921_v1,s2,R2026080800025,O20260807000025,2026-08-08 12:00:00.000000,20000
t_demo,demo_20260921_v1,s2,R2026080900001,O20260808000001,2026-08-09 12:00:00.000000,20000
t_demo,demo_20260921_v1,s2,R2026080900002,O20260808000002,2026-08-09 12:00:00.000000,20000
t_demo,demo_20260921_v1,s2,R2026080900003,O20260808000003,2026-08-09 12:00:00.000000,20000
t_demo,demo_20260921_v1,s2,R2026080900004,O20260808000004,2026-08-09 12:00:00.000000,20000
t_demo,demo_20260921_v1,s2,R2026080900005,O20260808000005,2026-08-09 12:00:00.000000,20000
t_demo,demo_20260921_v1,s2,R2026080900006,O20260808000006,2026-08-09 12:00:00.000000,20000
t_demo,demo_20260921_v1,s2,R2026080900007,O20260808000007,2026-08-09 12:00:00.000000,20000
t_demo,demo_20260921_v1,s2,R2026080900008,O20260808000008,2026-08-09 12:00:00.000000,20000
t_demo,demo_20260921_v1,s2,R2026080900009,O20260808000009,2026-08-09 12:00:00.000000,20000
t_demo,demo_20260921_v1,s2,R2026080900010,O20260808000010,2026-08-09 12:00:00.000000,20000
t_demo,demo_20260921_v1,s2,R2026080900011,O20260808000011,2026-08-09 12:00:00.000000,20000
t_demo,demo_20260921_v1,s2,R2026080900012,O20260808000012,2026-08-09 12:00:00.000000,20000
t_demo,demo_20260921_v1,s2,R2026080900013,O20260808000013,2026-08-09 12:00:00.000000,20000
t_demo,demo_20260921_v1,s2,R2026080900014,O20260808000014,2026-08-09 12:00:00.000000,20000
t_demo,demo_20260921_v1,s2,R2026080900015,O20260808000015,2026-08-09 12:00:00.000000,20000
t_demo,demo_20260921_v1,s2,R2026080900016,O20260808000016,2026-08-09 12:00:00.000000,20000
t_demo,demo_20260921_v1,s2,R2026080900017,O20260808000017,2026-08-09 12:00:00.000000,20000
t_demo,demo_20260921_v1,s2,R2026080900018,O20260808000018,2026-08-09 12:00:00.000000,20000
t_demo,demo_20260921_v1,s2,R2026080900019,O20260808000019,2026-08-09 12:00:00.000000,20000
t_demo,demo_20260921_v1,s2,R2026080900020,O20260808000020,2026-08-09 12:00:00.000000,20000
t_demo,demo_20260921_v1,s2,R2026080900021,O20260808000021,2026-08-09 12:00:00.000000,20000
t_demo,demo_20260921_v1,s2,R2026080900022,O20260808000022,2026-08-09 12:00:00.000000,20000
t_demo,demo_20260921_v1,s2,R2026080900023,O20260808000023,2026-08-09 12:00:00.000000,20000
t_demo,demo_20260921_v1,s2,R2026080900024,O20260808000024,2026-08-09 12:00:00.000000,20000
t_demo,demo_20260921_v1,s2,R2026080900025,O20260808000025,2026-08-09 12:00:00.000000,20000
t_demo,demo_20260921_v1,s2,R2026081000001,O20260809000001,2026-08-10 12:00:00.000000,20000
t_demo,demo_20260921_v1,s2,R2026081000002,O20260809000002,2026-08-10 12:00:00.000000,20000
t_demo,demo_20260921_v1,s2,R2026081000003,O20260809000003,2026-08-10 12:00:00.000000,20000
t_demo,demo_20260921_v1,s2,R2026081000004,O20260809000004,2026-08-10 12:00:00.000000,20000
t_demo,demo_20260921_v1,s2,R2026081000005,O20260809000005,2026-08-10 12:00:00.000000,20000
t_demo,demo_20260921_v1,s2,R2026081000006,O20260809000006,2026-08-10 12:00:00.000000,20000
t_demo,demo_20260921_v1,s2,R2026081000007,O20260809000007,2026-08-10 12:00:00.000000,20000
t_demo,demo_20260921_v1,s2,R2026081000008,O20260809000008,2026-08-10 12:00:00.000000,20000
t_demo,demo_20260921_v1,s2,R2026081000009,O20260809000009,2026-08-10 12:00:00.000000,20000
t_demo,demo_20260921_v1,s2,R2026081000010,O20260809000010,2026-08-10 12:00:00.000000,20000
t_demo,demo_20260921_v1,s2,R2026081000011,O20260809000011,2026-08-10 12:00:00.000000,20000
t_demo,demo_20260921_v1,s2,R2026081000012,O20260809000012,2026-08-10 12:00:00.000000,20000
t_demo,demo_20260921_v1,s2,R2026081000013,O20260809000013,2026-08-10 12:00:00.000000,20000
t_demo,demo_20260921_v1,s2,R2026081000014,O20260809000014,2026-08-10 12:00:00.000000,20000
t_demo,demo_20260921_v1,s2,R2026081000015,O20260809000015,2026-08-10 12:00:00.000000,20000
t_demo,demo_20260921_v1,s2,R2026081000016,O20260809000016,2026-08-10 12:00:00.000000,20000
t_demo,demo_20260921_v1,s2,R2026081000017,O20260809000017,2026-08-10 12:00:00.000000,20000
t_demo,demo_20260921_v1,s2,R2026081000018,O20260809000018,2026-08-10 12:00:00.000000,20000
t_demo,demo_20260921_v1,s2,R2026081000019,O20260809000019,2026-08-10 12:00:00.000000,20000
t_demo,demo_20260921_v1,s2,R2026081000020,O20260809000020,2026-08-10 12:00:00.000000,20000
t_demo,demo_20260921_v1,s2,R2026081000021,O20260809000021,2026-08-10 12:00:00.000000,20000
t_demo,demo_20260921_v1,s2,R2026081000022,O20260809000022,2026-08-10 12:00:00.000000,20000
t_demo,demo_20260921_v1,s2,R2026081000023,O20260809000023,2026-08-10 12:00:00.000000,20000
t_demo,demo_20260921_v1,s2,R2026081000024,O20260809000024,2026-08-10 12:00:00.000000,20000
t_demo,demo_20260921_v1,s2,R2026081000025,O20260809000025,2026-08-10 12:00:00.000000,20000
t_demo,demo_20260921_v1,s2,R2026081100001,O20260810000001,2026-08-11 12:00:00.000000,20000
t_demo,demo_20260921_v1,s2,R2026081100002,O20260810000002,2026-08-11 12:00:00.000000,20000
t_demo,demo_20260921_v1,s2,R2026081100003,O20260810000003,2026-08-11 12:00:00.000000,20000
t_demo,demo_20260921_v1,s2,R2026081100004,O20260810000004,2026-08-11 12:00:00.000000,20000
t_demo,demo_20260921_v1,s2,R2026081100005,O20260810000005,2026-08-11 12:00:00.000000,20000
t_demo,demo_20260921_v1,s2,R2026081100006,O20260810000006,2026-08-11 12:00:00.000000,20000
t_demo,demo_20260921_v1,s2,R2026081100007,O20260810000007,2026-08-11 12:00:00.000000,20000
t_demo,demo_20260921_v1,s2,R2026081100008,O20260810000008,2026-08-11 12:00:00.000000,20000
t_demo,demo_20260921_v1,s2,R2026081100009,O20260810000009,2026-08-11 12:00:00.000000,20000
t_demo,demo_20260921_v1,s2,R2026081100010,O20260810000010,2026-08-11 12:00:00.000000,20000
t_demo,demo_20260921_v1,s2,R2026081100011,O20260810000011,2026-08-11 12:00:00.000000,20000
t_demo,demo_20260921_v1,s2,R2026081100012,O20260810000012,2026-08-11 12:00:00.000000,20000
t_demo,demo_20260921_v1,s2,R2026081100013,O20260810000013,2026-08-11 12:00:00.000000,20000
t_demo,demo_20260921_v1,s2,R2026081100014,O20260810000014,2026-08-11 12:00:00.000000,20000
t_demo,demo_20260921_v1,s2,R2026081100015,O20260810000015,2026-08-11 12:00:00.000000,20000
t_demo,demo_20260921_v1,s2,R2026081100016,O20260810000016,2026-08-11 12:00:00.000000,20000
t_demo,demo_20260921_v1,s2,R2026081100017,O20260810000017,2026-08-11 12:00:00.000000,20000
t_demo,demo_20260921_v1,s2,R2026081100018,O20260810000018,2026-08-11 12:00:00.000000,20000
t_demo,demo_20260921_v1,s2,R2026081100019,O20260810000019,2026-08-11 12:00:00.000000,20000
t_demo,demo_20260921_v1,s2,R2026081100020,O20260810000020,2026-08-11 12:00:00.000000,20000
t_demo,demo_20260921_v1,s2,R2026081100021,O20260810000021,2026-08-11 12:00:00.000000,20000
t_demo,demo_20260921_v1,s2,R2026081100022,O20260810000022,2026-08-11 12:00:00.000000,20000
t_demo,demo_20260921_v1,s2,R2026081100023,O20260810000023,2026-08-11 12:00:00.000000,20000
t_demo,demo_20260921_v1,s2,R2026081100024,O20260810000024,2026-08-11 12:00:00.000000,20000
t_demo,demo_20260921_v1,s2,R2026081100025,O20260810000025,2026-08-11 12:00:00.000000,20000
t_demo,demo_20260921_v1,s2,R2026081200001,O20260811000001,2026-08-12 12:00:00.000000,20000
t_demo,demo_20260921_v1,s2,R2026081200002,O20260811000002,2026-08-12 12:00:00.000000,20000
t_demo,demo_20260921_v1,s2,R2026081200003,O20260811000003,2026-08-12 12:00:00.000000,20000
t_demo,demo_20260921_v1,s2,R2026081200004,O20260811000004,2026-08-12 12:00:00.000000,20000
t_demo,demo_20260921_v1,s2,R2026081200005,O20260811000005,2026-08-12 12:00:00.000000,20000
t_demo,demo_20260921_v1,s2,R2026081200006,O20260811000006,2026-08-12 12:00:00.000000,20000
t_demo,demo_20260921_v1,s2,R2026081200007,O20260811000007,2026-08-12 12:00:00.000000,20000
t_demo,demo_20260921_v1,s2,R2026081200008,O20260811000008,2026-08-12 12:00:00.000000,20000
t_demo,demo_20260921_v1,s2,R2026081200009,O20260811000009,2026-08-12 12:00:00.000000,20000
t_demo,demo_20260921_v1,s2,R2026081200010,O20260811000010,2026-08-12 12:00:00.000000,20000
t_demo,demo_20260921_v1,s2,R2026081200011,O20260811000011,2026-08-12 12:00:00.000000,20000
t_demo,demo_20260921_v1,s2,R2026081200012,O20260811000012,2026-08-12 12:00:00.000000,20000
t_demo,demo_20260921_v1,s2,R2026081200013,O20260811000013,2026-08-12 12:00:00.000000,20000
t_demo,demo_20260921_v1,s2,R2026081200014,O20260811000014,2026-08-12 12:00:00.000000,20000
t_demo,demo_20260921_v1,s2,R2026081200015,O20260811000015,2026-08-12 12:00:00.000000,20000
t_demo,demo_20260921_v1,s2,R2026081200016,O20260811000016,2026-08-12 12:00:00.000000,20000
t_demo,demo_20260921_v1,s2,R2026081200017,O20260811000017,2026-08-12 12:00:00.000000,20000
t_demo,demo_20260921_v1,s2,R2026081200018,O20260811000018,2026-08-12 12:00:00.000000,20000
t_demo,demo_20260921_v1,s2,R2026081200019,O20260811000019,2026-08-12 12:00:00.000000,20000
t_demo,demo_20260921_v1,s2,R2026081200020,O20260811000020,2026-08-12 12:00:00.000000,20000
t_demo,demo_20260921_v1,s2,R2026081200021,O20260811000021,2026-08-12 12:00:00.000000,20000
t_demo,demo_20260921_v1,s2,R2026081200022,O20260811000022,2026-08-12 12:00:00.000000,20000
t_demo,demo_20260921_v1,s2,R2026081200023,O20260811000023,2026-08-12 12:00:00.000000,20000
t_demo,demo_20260921_v1,s2,R2026081200024,O20260811000024,2026-08-12 12:00:00.000000,20000
t_demo,demo_20260921_v1,s2,R2026081200025,O20260811000025,2026-08-12 12:00:00.000000,20000
t_demo,demo_20260921_v1,s2,R2026081300001,O20260812000001,2026-08-13 12:00:00.000000,20000
t_demo,demo_20260921_v1,s2,R2026081300002,O20260812000002,2026-08-13 12:00:00.000000,20000
t_demo,demo_20260921_v1,s2,R2026081300003,O20260812000003,2026-08-13 12:00:00.000000,20000
t_demo,demo_20260921_v1,s2,R2026081300004,O20260812000004,2026-08-13 12:00:00.000000,20000
t_demo,demo_20260921_v1,s2,R2026081300005,O20260812000005,2026-08-13 12:00:00.000000,20000
t_demo,demo_20260921_v1,s2,R2026081300006,O20260812000006,2026-08-13 12:00:00.000000,20000
t_demo,demo_20260921_v1,s2,R2026081300007,O20260812000007,2026-08-13 12:00:00.000000,20000
t_demo,demo_20260921_v1,s2,R2026081300008,O20260812000008,2026-08-13 12:00:00.000000,20000
t_demo,demo_20260921_v1,s2,R2026081300009,O20260812000009,2026-08-13 12:00:00.000000,20000
t_demo,demo_20260921_v1,s2,R2026081300010,O20260812000010,2026-08-13 12:00:00.000000,20000
t_demo,demo_20260921_v1,s2,R2026081300011,O20260812000011,2026-08-13 12:00:00.000000,20000
t_demo,demo_20260921_v1,s2,R2026081300012,O20260812000012,2026-08-13 12:00:00.000000,20000
t_demo,demo_20260921_v1,s2,R2026081300013,O20260812000013,2026-08-13 12:00:00.000000,20000
t_demo,demo_20260921_v1,s2,R2026081300014,O20260812000014,2026-08-13 12:00:00.000000,20000
t_demo,demo_20260921_v1,s2,R2026081300015,O20260812000015,2026-08-13 12:00:00.000000,20000
t_demo,demo_20260921_v1,s2,R2026081300016,O20260812000016,2026-08-13 12:00:00.000000,20000
t_demo,demo_20260921_v1,s2,R2026081300017,O20260812000017,2026-08-13 12:00:00.000000,20000
t_demo,demo_20260921_v1,s2,R2026081300018,O20260812000018,2026-08-13 12:00:00.000000,20000
t_demo,demo_20260921_v1,s2,R2026081300019,O20260812000019,2026-08-13 12:00:00.000000,20000
t_demo,demo_20260921_v1,s2,R2026081300020,O20260812000020,2026-08-13 12:00:00.000000,20000
t_demo,demo_20260921_v1,s2,R2026081300021,O20260812000021,2026-08-13 12:00:00.000000,20000
t_demo,demo_20260921_v1,s2,R2026081300022,O20260812000022,2026-08-13 12:00:00.000000,20000
t_demo,demo_20260921_v1,s2,R2026081300023,O20260812000023,2026-08-13 12:00:00.000000,20000
t_demo,demo_20260921_v1,s2,R2026081300024,O20260812000024,2026-08-13 12:00:00.000000,20000
t_demo,demo_20260921_v1,s2,R2026081300025,O20260812000025,2026-08-13 12:00:00.000000,20000
t_demo,demo_20260921_v1,s2,R2026081400001,O20260813000001,2026-08-14 12:00:00.000000,20000
t_demo,demo_20260921_v1,s2,R2026081400002,O20260813000002,2026-08-14 12:00:00.000000,20000
t_demo,demo_20260921_v1,s2,R2026081400003,O20260813000003,2026-08-14 12:00:00.000000,20000
t_demo,demo_20260921_v1,s2,R2026081400004,O20260813000004,2026-08-14 12:00:00.000000,20000
t_demo,demo_20260921_v1,s2,R2026081400005,O20260813000005,2026-08-14 12:00:00.000000,20000
t_demo,demo_20260921_v1,s2,R2026081400006,O20260813000006,2026-08-14 12:00:00.000000,20000
t_demo,demo_20260921_v1,s2,R2026081400007,O20260813000007,2026-08-14 12:00:00.000000,20000
t_demo,demo_20260921_v1,s2,R2026081400008,O20260813000008,2026-08-14 12:00:00.000000,20000
t_demo,demo_20260921_v1,s2,R2026081400009,O20260813000009,2026-08-14 12:00:00.000000,20000
t_demo,demo_20260921_v1,s2,R2026081400010,O20260813000010,2026-08-14 12:00:00.000000,20000
t_demo,demo_20260921_v1,s2,R2026081400011,O20260813000011,2026-08-14 12:00:00.000000,20000
t_demo,demo_20260921_v1,s2,R2026081400012,O20260813000012,2026-08-14 12:00:00.000000,20000
t_demo,demo_20260921_v1,s2,R2026081400013,O20260813000013,2026-08-14 12:00:00.000000,20000
t_demo,demo_20260921_v1,s2,R2026081400014,O20260813000014,2026-08-14 12:00:00.000000,20000
t_demo,demo_20260921_v1,s2,R2026081400015,O20260813000015,2026-08-14 12:00:00.000000,20000
t_demo,demo_20260921_v1,s2,R2026081400016,O20260813000016,2026-08-14 12:00:00.000000,20000
t_demo,demo_20260921_v1,s2,R2026081400017,O20260813000017,2026-08-14 12:00:00.000000,20000
t_demo,demo_20260921_v1,s2,R2026081400018,O20260813000018,2026-08-14 12:00:00.000000,20000
t_demo,demo_20260921_v1,s2,R2026081400019,O20260813000019,2026-08-14 12:00:00.000000,20000
t_demo,demo_20260921_v1,s2,R2026081400020,O20260813000020,2026-08-14 12:00:00.000000,20000
t_demo,demo_20260921_v1,s2,R2026081400021,O20260813000021,2026-08-14 12:00:00.000000,20000
t_demo,demo_20260921_v1,s2,R2026081400022,O20260813000022,2026-08-14 12:00:00.000000,20000
t_demo,demo_20260921_v1,s2,R2026081400023,O20260813000023,2026-08-14 12:00:00.000000,20000
t_demo,demo_20260921_v1,s2,R2026081400024,O20260813000024,2026-08-14 12:00:00.000000,20000
t_demo,demo_20260921_v1,s2,R2026081400025,O20260813000025,2026-08-14 12:00:00.000000,20000
t_demo,demo_20260921_v1,s2,R2026081500001,O20260814000001,2026-08-15 12:00:00.000000,20000
t_demo,demo_20260921_v1,s2,R2026081500002,O20260814000002,2026-08-15 12:00:00.000000,20000
t_demo,demo_20260921_v1,s2,R2026081500003,O20260814000003,2026-08-15 12:00:00.000000,20000
t_demo,demo_20260921_v1,s2,R2026081500004,O20260814000004,2026-08-15 12:00:00.000000,20000
t_demo,demo_20260921_v1,s2,R2026081500005,O20260814000005,2026-08-15 12:00:00.000000,20000
t_demo,demo_20260921_v1,s2,R2026081500006,O20260814000006,2026-08-15 12:00:00.000000,20000
t_demo,demo_20260921_v1,s2,R2026081500007,O20260814000007,2026-08-15 12:00:00.000000,20000
t_demo,demo_20260921_v1,s2,R2026081500008,O20260814000008,2026-08-15 12:00:00.000000,20000
t_demo,demo_20260921_v1,s2,R2026081500009,O20260814000009,2026-08-15 12:00:00.000000,20000
t_demo,demo_20260921_v1,s2,R2026081500010,O20260814000010,2026-08-15 12:00:00.000000,20000
t_demo,demo_20260921_v1,s2,R2026081500011,O20260814000011,2026-08-15 12:00:00.000000,20000
t_demo,demo_20260921_v1,s2,R2026081500012,O20260814000012,2026-08-15 12:00:00.000000,20000
t_demo,demo_20260921_v1,s2,R2026081500013,O20260814000013,2026-08-15 12:00:00.000000,20000
t_demo,demo_20260921_v1,s2,R2026081500014,O20260814000014,2026-08-15 12:00:00.000000,20000
t_demo,demo_20260921_v1,s2,R2026081500015,O20260814000015,2026-08-15 12:00:00.000000,20000
t_demo,demo_20260921_v1,s2,R2026081500016,O20260814000016,2026-08-15 12:00:00.000000,20000
t_demo,demo_20260921_v1,s2,R2026081500017,O20260814000017,2026-08-15 12:00:00.000000,20000
t_demo,demo_20260921_v1,s2,R2026081500018,O20260814000018,2026-08-15 12:00:00.000000,20000
t_demo,demo_20260921_v1,s2,R2026081500019,O20260814000019,2026-08-15 12:00:00.000000,20000
t_demo,demo_20260921_v1,s2,R2026081500020,O20260814000020,2026-08-15 12:00:00.000000,20000
t_demo,demo_20260921_v1,s2,R2026081500021,O20260814000021,2026-08-15 12:00:00.000000,20000
t_demo,demo_20260921_v1,s2,R2026081500022,O20260814000022,2026-08-15 12:00:00.000000,20000
t_demo,demo_20260921_v1,s2,R2026081500023,O20260814000023,2026-08-15 12:00:00.000000,20000
t_demo,demo_20260921_v1,s2,R2026081500024,O20260814000024,2026-08-15 12:00:00.000000,20000
t_demo,demo_20260921_v1,s2,R2026081500025,O20260814000025,2026-08-15 12:00:00.000000,20000
t_demo,demo_20260921_v1,s2,R2026081600001,O20260815000001,2026-08-16 12:00:00.000000,20000
t_demo,demo_20260921_v1,s2,R2026081600002,O20260815000002,2026-08-16 12:00:00.000000,20000
t_demo,demo_20260921_v1,s2,R2026081600003,O20260815000003,2026-08-16 12:00:00.000000,20000
t_demo,demo_20260921_v1,s2,R2026081600004,O20260815000004,2026-08-16 12:00:00.000000,20000
t_demo,demo_20260921_v1,s2,R2026081600005,O20260815000005,2026-08-16 12:00:00.000000,20000
t_demo,demo_20260921_v1,s2,R2026081600006,O20260815000006,2026-08-16 12:00:00.000000,20000
t_demo,demo_20260921_v1,s2,R2026081600007,O20260815000007,2026-08-16 12:00:00.000000,20000
t_demo,demo_20260921_v1,s2,R2026081600008,O20260815000008,2026-08-16 12:00:00.000000,20000
t_demo,demo_20260921_v1,s2,R2026081600009,O20260815000009,2026-08-16 12:00:00.000000,20000
t_demo,demo_20260921_v1,s2,R2026081600010,O20260815000010,2026-08-16 12:00:00.000000,20000
t_demo,demo_20260921_v1,s2,R2026081600011,O20260815000011,2026-08-16 12:00:00.000000,20000
t_demo,demo_20260921_v1,s2,R2026081600012,O20260815000012,2026-08-16 12:00:00.000000,20000
t_demo,demo_20260921_v1,s2,R2026081600013,O20260815000013,2026-08-16 12:00:00.000000,20000
t_demo,demo_20260921_v1,s2,R2026081600014,O20260815000014,2026-08-16 12:00:00.000000,20000
t_demo,demo_20260921_v1,s2,R2026081600015,O20260815000015,2026-08-16 12:00:00.000000,20000
t_demo,demo_20260921_v1,s2,R2026081600016,O20260815000016,2026-08-16 12:00:00.000000,20000
t_demo,demo_20260921_v1,s2,R2026081600017,O20260815000017,2026-08-16 12:00:00.000000,20000
t_demo,demo_20260921_v1,s2,R2026081600018,O20260815000018,2026-08-16 12:00:00.000000,20000
t_demo,demo_20260921_v1,s2,R2026081600019,O20260815000019,2026-08-16 12:00:00.000000,20000
t_demo,demo_20260921_v1,s2,R2026081600020,O20260815000020,2026-08-16 12:00:00.000000,20000
t_demo,demo_20260921_v1,s2,R2026081600021,O20260815000021,2026-08-16 12:00:00.000000,20000
t_demo,demo_20260921_v1,s2,R2026081600022,O20260815000022,2026-08-16 12:00:00.000000,20000
t_demo,demo_20260921_v1,s2,R2026081600023,O20260815000023,2026-08-16 12:00:00.000000,20000
t_demo,demo_20260921_v1,s2,R2026081600024,O20260815000024,2026-08-16 12:00:00.000000,20000
t_demo,demo_20260921_v1,s2,R2026081600025,O20260815000025,2026-08-16 12:00:00.000000,20000
t_demo,demo_20260921_v1,s2,R2026081700001,O20260816000001,2026-08-17 12:00:00.000000,20000
t_demo,demo_20260921_v1,s2,R2026081700002,O20260816000002,2026-08-17 12:00:00.000000,20000
t_demo,demo_20260921_v1,s2,R2026081700003,O20260816000003,2026-08-17 12:00:00.000000,20000
t_demo,demo_20260921_v1,s2,R2026081700004,O20260816000004,2026-08-17 12:00:00.000000,20000
t_demo,demo_20260921_v1,s2,R2026081700005,O20260816000005,2026-08-17 12:00:00.000000,20000
t_demo,demo_20260921_v1,s2,R2026081700006,O20260816000006,2026-08-17 12:00:00.000000,20000
t_demo,demo_20260921_v1,s2,R2026081700007,O20260816000007,2026-08-17 12:00:00.000000,20000
t_demo,demo_20260921_v1,s2,R2026081700008,O20260816000008,2026-08-17 12:00:00.000000,20000
t_demo,demo_20260921_v1,s2,R2026081700009,O20260816000009,2026-08-17 12:00:00.000000,20000
t_demo,demo_20260921_v1,s2,R2026081700010,O20260816000010,2026-08-17 12:00:00.000000,20000
t_demo,demo_20260921_v1,s2,R2026081700011,O20260816000011,2026-08-17 12:00:00.000000,20000
t_demo,demo_20260921_v1,s2,R2026081700012,O20260816000012,2026-08-17 12:00:00.000000,20000
t_demo,demo_20260921_v1,s2,R2026081700013,O20260816000013,2026-08-17 12:00:00.000000,20000
t_demo,demo_20260921_v1,s2,R2026081700014,O20260816000014,2026-08-17 12:00:00.000000,20000
t_demo,demo_20260921_v1,s2,R2026081700015,O20260816000015,2026-08-17 12:00:00.000000,20000
t_demo,demo_20260921_v1,s2,R2026081700016,O20260816000016,2026-08-17 12:00:00.000000,20000
t_demo,demo_20260921_v1,s2,R2026081700017,O20260816000017,2026-08-17 12:00:00.000000,20000
t_demo,demo_20260921_v1,s2,R2026081700018,O20260816000018,2026-08-17 12:00:00.000000,20000
t_demo,demo_20260921_v1,s2,R2026081700019,O20260816000019,2026-08-17 12:00:00.000000,20000
t_demo,demo_20260921_v1,s2,R2026081700020,O20260816000020,2026-08-17 12:00:00.000000,20000
t_demo,demo_20260921_v1,s2,R2026081700021,O20260816000021,2026-08-17 12:00:00.000000,20000
t_demo,demo_20260921_v1,s2,R2026081700022,O20260816000022,2026-08-17 12:00:00.000000,20000
t_demo,demo_20260921_v1,s2,R2026081700023,O20260816000023,2026-08-17 12:00:00.000000,20000
t_demo,demo_20260921_v1,s2,R2026081700024,O20260816000024,2026-08-17 12:00:00.000000,20000
t_demo,demo_20260921_v1,s2,R2026081700025,O20260816000025,2026-08-17 12:00:00.000000,20000
t_demo,demo_20260921_v1,s2,R2026081800001,O20260817000001,2026-08-18 12:00:00.000000,20000
t_demo,demo_20260921_v1,s2,R2026081800002,O20260817000002,2026-08-18 12:00:00.000000,20000
t_demo,demo_20260921_v1,s2,R2026081800003,O20260817000003,2026-08-18 12:00:00.000000,20000
t_demo,demo_20260921_v1,s2,R2026081800004,O20260817000004,2026-08-18 12:00:00.000000,20000
t_demo,demo_20260921_v1,s2,R2026081800005,O20260817000005,2026-08-18 12:00:00.000000,20000
t_demo,demo_20260921_v1,s2,R2026081800006,O20260817000006,2026-08-18 12:00:00.000000,20000
t_demo,demo_20260921_v1,s2,R2026081800007,O20260817000007,2026-08-18 12:00:00.000000,20000
t_demo,demo_20260921_v1,s2,R2026081800008,O20260817000008,2026-08-18 12:00:00.000000,20000
t_demo,demo_20260921_v1,s2,R2026081800009,O20260817000009,2026-08-18 12:00:00.000000,20000
t_demo,demo_20260921_v1,s2,R2026081800010,O20260817000010,2026-08-18 12:00:00.000000,20000
t_demo,demo_20260921_v1,s2,R2026081800011,O20260817000011,2026-08-18 12:00:00.000000,20000
t_demo,demo_20260921_v1,s2,R2026081800012,O20260817000012,2026-08-18 12:00:00.000000,20000
t_demo,demo_20260921_v1,s2,R2026081800013,O20260817000013,2026-08-18 12:00:00.000000,20000
t_demo,demo_20260921_v1,s2,R2026081800014,O20260817000014,2026-08-18 12:00:00.000000,20000
t_demo,demo_20260921_v1,s2,R2026081800015,O20260817000015,2026-08-18 12:00:00.000000,20000
t_demo,demo_20260921_v1,s2,R2026081800016,O20260817000016,2026-08-18 12:00:00.000000,20000
t_demo,demo_20260921_v1,s2,R2026081800017,O20260817000017,2026-08-18 12:00:00.000000,20000
t_demo,demo_20260921_v1,s2,R2026081800018,O20260817000018,2026-08-18 12:00:00.000000,20000
t_demo,demo_20260921_v1,s2,R2026081800019,O20260817000019,2026-08-18 12:00:00.000000,20000
t_demo,demo_20260921_v1,s2,R2026081800020,O20260817000020,2026-08-18 12:00:00.000000,20000
t_demo,demo_20260921_v1,s2,R2026081800021,O20260817000021,2026-08-18 12:00:00.000000,20000
t_demo,demo_20260921_v1,s2,R2026081800022,O20260817000022,2026-08-18 12:00:00.000000,20000
t_demo,demo_20260921_v1,s2,R2026081800023,O20260817000023,2026-08-18 12:00:00.000000,20000
t_demo,demo_20260921_v1,s2,R2026081800024,O20260817000024,2026-08-18 12:00:00.000000,20000
t_demo,demo_20260921_v1,s2,R2026081800025,O20260817000025,2026-08-18 12:00:00.000000,20000
t_demo,demo_20260921_v1,s2,R2026081900001,O20260818000001,2026-08-19 12:00:00.000000,20000
t_demo,demo_20260921_v1,s2,R2026081900002,O20260818000002,2026-08-19 12:00:00.000000,20000
t_demo,demo_20260921_v1,s2,R2026081900003,O20260818000003,2026-08-19 12:00:00.000000,20000
t_demo,demo_20260921_v1,s2,R2026081900004,O20260818000004,2026-08-19 12:00:00.000000,20000
t_demo,demo_20260921_v1,s2,R2026081900005,O20260818000005,2026-08-19 12:00:00.000000,20000
t_demo,demo_20260921_v1,s2,R2026081900006,O20260818000006,2026-08-19 12:00:00.000000,20000
t_demo,demo_20260921_v1,s2,R2026081900007,O20260818000007,2026-08-19 12:00:00.000000,20000
t_demo,demo_20260921_v1,s2,R2026081900008,O20260818000008,2026-08-19 12:00:00.000000,20000
t_demo,demo_20260921_v1,s2,R2026081900009,O20260818000009,2026-08-19 12:00:00.000000,20000
t_demo,demo_20260921_v1,s2,R2026081900010,O20260818000010,2026-08-19 12:00:00.000000,20000
t_demo,demo_20260921_v1,s2,R2026081900011,O20260818000011,2026-08-19 12:00:00.000000,20000
t_demo,demo_20260921_v1,s2,R2026081900012,O20260818000012,2026-08-19 12:00:00.000000,20000
t_demo,demo_20260921_v1,s2,R2026081900013,O20260818000013,2026-08-19 12:00:00.000000,20000
t_demo,demo_20260921_v1,s2,R2026081900014,O20260818000014,2026-08-19 12:00:00.000000,20000
t_demo,demo_20260921_v1,s2,R2026081900015,O20260818000015,2026-08-19 12:00:00.000000,20000
t_demo,demo_20260921_v1,s2,R2026081900016,O20260818000016,2026-08-19 12:00:00.000000,20000
t_demo,demo_20260921_v1,s2,R2026081900017,O20260818000017,2026-08-19 12:00:00.000000,20000
t_demo,demo_20260921_v1,s2,R2026081900018,O20260818000018,2026-08-19 12:00:00.000000,20000
t_demo,demo_20260921_v1,s2,R2026081900019,O20260818000019,2026-08-19 12:00:00.000000,20000
t_demo,demo_20260921_v1,s2,R2026081900020,O20260818000020,2026-08-19 12:00:00.000000,20000
t_demo,demo_20260921_v1,s2,R2026081900021,O20260818000021,2026-08-19 12:00:00.000000,20000
t_demo,demo_20260921_v1,s2,R2026081900022,O20260818000022,2026-08-19 12:00:00.000000,20000
t_demo,demo_20260921_v1,s2,R2026081900023,O20260818000023,2026-08-19 12:00:00.000000,20000
t_demo,demo_20260921_v1,s2,R2026081900024,O20260818000024,2026-08-19 12:00:00.000000,20000
t_demo,demo_20260921_v1,s2,R2026081900025,O20260818000025,2026-08-19 12:00:00.000000,20000
t_demo,demo_20260921_v1,s2,R2026082000001,O20260819000001,2026-08-20 12:00:00.000000,20000
t_demo,demo_20260921_v1,s2,R2026082000002,O20260819000002,2026-08-20 12:00:00.000000,20000
t_demo,demo_20260921_v1,s2,R2026082000003,O20260819000003,2026-08-20 12:00:00.000000,20000
t_demo,demo_20260921_v1,s2,R2026082000004,O20260819000004,2026-08-20 12:00:00.000000,20000
t_demo,demo_20260921_v1,s2,R2026082000005,O20260819000005,2026-08-20 12:00:00.000000,20000
t_demo,demo_20260921_v1,s2,R2026082000006,O20260819000006,2026-08-20 12:00:00.000000,20000
t_demo,demo_20260921_v1,s2,R2026082000007,O20260819000007,2026-08-20 12:00:00.000000,20000
t_demo,demo_20260921_v1,s2,R2026082000008,O20260819000008,2026-08-20 12:00:00.000000,20000
t_demo,demo_20260921_v1,s2,R2026082000009,O20260819000009,2026-08-20 12:00:00.000000,20000
t_demo,demo_20260921_v1,s2,R2026082000010,O20260819000010,2026-08-20 12:00:00.000000,20000
t_demo,demo_20260921_v1,s2,R2026082000011,O20260819000011,2026-08-20 12:00:00.000000,20000
t_demo,demo_20260921_v1,s2,R2026082000012,O20260819000012,2026-08-20 12:00:00.000000,20000
t_demo,demo_20260921_v1,s2,R2026082000013,O20260819000013,2026-08-20 12:00:00.000000,20000
t_demo,demo_20260921_v1,s2,R2026082000014,O20260819000014,2026-08-20 12:00:00.000000,20000
t_demo,demo_20260921_v1,s2,R2026082000015,O20260819000015,2026-08-20 12:00:00.000000,20000
t_demo,demo_20260921_v1,s2,R2026082000016,O20260819000016,2026-08-20 12:00:00.000000,20000
t_demo,demo_20260921_v1,s2,R2026082000017,O20260819000017,2026-08-20 12:00:00.000000,20000
t_demo,demo_20260921_v1,s2,R2026082000018,O20260819000018,2026-08-20 12:00:00.000000,20000
t_demo,demo_20260921_v1,s2,R2026082000019,O20260819000019,2026-08-20 12:00:00.000000,20000
t_demo,demo_20260921_v1,s2,R2026082000020,O20260819000020,2026-08-20 12:00:00.000000,20000
t_demo,demo_20260921_v1,s2,R2026082000021,O20260819000021,2026-08-20 12:00:00.000000,20000
t_demo,demo_20260921_v1,s2,R2026082000022,O20260819000022,2026-08-20 12:00:00.000000,20000
t_demo,demo_20260921_v1,s2,R2026082000023,O20260819000023,2026-08-20 12:00:00.000000,20000
t_demo,demo_20260921_v1,s2,R2026082000024,O20260819000024,2026-08-20 12:00:00.000000,20000
t_demo,demo_20260921_v1,s2,R2026082000025,O20260819000025,2026-08-20 12:00:00.000000,20000
t_demo,demo_20260921_v1,s2,R2026082100001,O20260820000001,2026-08-21 12:00:00.000000,20000
t_demo,demo_20260921_v1,s2,R2026082100002,O20260820000002,2026-08-21 12:00:00.000000,20000
t_demo,demo_20260921_v1,s2,R2026082100003,O20260820000003,2026-08-21 12:00:00.000000,20000
t_demo,demo_20260921_v1,s2,R2026082100004,O20260820000004,2026-08-21 12:00:00.000000,20000
t_demo,demo_20260921_v1,s2,R2026082100005,O20260820000005,2026-08-21 12:00:00.000000,20000
t_demo,demo_20260921_v1,s2,R2026082100006,O20260820000006,2026-08-21 12:00:00.000000,20000
t_demo,demo_20260921_v1,s2,R2026082100007,O20260820000007,2026-08-21 12:00:00.000000,20000
t_demo,demo_20260921_v1,s2,R2026082100008,O20260820000008,2026-08-21 12:00:00.000000,20000
t_demo,demo_20260921_v1,s2,R2026082100009,O20260820000009,2026-08-21 12:00:00.000000,20000
t_demo,demo_20260921_v1,s2,R2026082100010,O20260820000010,2026-08-21 12:00:00.000000,20000
t_demo,demo_20260921_v1,s2,R2026082100011,O20260820000011,2026-08-21 12:00:00.000000,20000
t_demo,demo_20260921_v1,s2,R2026082100012,O20260820000012,2026-08-21 12:00:00.000000,20000
t_demo,demo_20260921_v1,s2,R2026082100013,O20260820000013,2026-08-21 12:00:00.000000,20000
t_demo,demo_20260921_v1,s2,R2026082100014,O20260820000014,2026-08-21 12:00:00.000000,20000
t_demo,demo_20260921_v1,s2,R2026082100015,O20260820000015,2026-08-21 12:00:00.000000,20000
t_demo,demo_20260921_v1,s2,R2026082100016,O20260820000016,2026-08-21 12:00:00.000000,20000
t_demo,demo_20260921_v1,s2,R2026082100017,O20260820000017,2026-08-21 12:00:00.000000,20000
t_demo,demo_20260921_v1,s2,R2026082100018,O20260820000018,2026-08-21 12:00:00.000000,20000
t_demo,demo_20260921_v1,s2,R2026082100019,O20260820000019,2026-08-21 12:00:00.000000,20000
t_demo,demo_20260921_v1,s2,R2026082100020,O20260820000020,2026-08-21 12:00:00.000000,20000
t_demo,demo_20260921_v1,s2,R2026082100021,O20260820000021,2026-08-21 12:00:00.000000,20000
t_demo,demo_20260921_v1,s2,R2026082100022,O20260820000022,2026-08-21 12:00:00.000000,20000
t_demo,demo_20260921_v1,s2,R2026082100023,O20260820000023,2026-08-21 12:00:00.000000,20000
t_demo,demo_20260921_v1,s2,R2026082100024,O20260820000024,2026-08-21 12:00:00.000000,20000
t_demo,demo_20260921_v1,s2,R2026082100025,O20260820000025,2026-08-21 12:00:00.000000,20000
t_demo,demo_20260921_v1,s2,R2026082200001,O20260821000001,2026-08-22 12:00:00.000000,20000
t_demo,demo_20260921_v1,s2,R2026082200002,O20260821000002,2026-08-22 12:00:00.000000,20000
t_demo,demo_20260921_v1,s2,R2026082200003,O20260821000003,2026-08-22 12:00:00.000000,20000
t_demo,demo_20260921_v1,s2,R2026082200004,O20260821000004,2026-08-22 12:00:00.000000,20000
t_demo,demo_20260921_v1,s2,R2026082200005,O20260821000005,2026-08-22 12:00:00.000000,20000
t_demo,demo_20260921_v1,s2,R2026082200006,O20260821000006,2026-08-22 12:00:00.000000,20000
t_demo,demo_20260921_v1,s2,R2026082200007,O20260821000007,2026-08-22 12:00:00.000000,20000
t_demo,demo_20260921_v1,s2,R2026082200008,O20260821000008,2026-08-22 12:00:00.000000,20000
t_demo,demo_20260921_v1,s2,R2026082200009,O20260821000009,2026-08-22 12:00:00.000000,20000
t_demo,demo_20260921_v1,s2,R2026082200010,O20260821000010,2026-08-22 12:00:00.000000,20000
t_demo,demo_20260921_v1,s2,R2026082200011,O20260821000011,2026-08-22 12:00:00.000000,20000
t_demo,demo_20260921_v1,s2,R2026082200012,O20260821000012,2026-08-22 12:00:00.000000,20000
t_demo,demo_20260921_v1,s2,R2026082200013,O20260821000013,2026-08-22 12:00:00.000000,20000
t_demo,demo_20260921_v1,s2,R2026082200014,O20260821000014,2026-08-22 12:00:00.000000,20000
t_demo,demo_20260921_v1,s2,R2026082200015,O20260821000015,2026-08-22 12:00:00.000000,20000
t_demo,demo_20260921_v1,s2,R2026082200016,O20260821000016,2026-08-22 12:00:00.000000,20000
t_demo,demo_20260921_v1,s2,R2026082200017,O20260821000017,2026-08-22 12:00:00.000000,20000
t_demo,demo_20260921_v1,s2,R2026082200018,O20260821000018,2026-08-22 12:00:00.000000,20000
t_demo,demo_20260921_v1,s2,R2026082200019,O20260821000019,2026-08-22 12:00:00.000000,20000
t_demo,demo_20260921_v1,s2,R2026082200020,O20260821000020,2026-08-22 12:00:00.000000,20000
t_demo,demo_20260921_v1,s2,R2026082200021,O20260821000021,2026-08-22 12:00:00.000000,20000
t_demo,demo_20260921_v1,s2,R2026082200022,O20260821000022,2026-08-22 12:00:00.000000,20000
t_demo,demo_20260921_v1,s2,R2026082200023,O20260821000023,2026-08-22 12:00:00.000000,20000
t_demo,demo_20260921_v1,s2,R2026082200024,O20260821000024,2026-08-22 12:00:00.000000,20000
t_demo,demo_20260921_v1,s2,R2026082200025,O20260821000025,2026-08-22 12:00:00.000000,20000
t_demo,demo_20260921_v1,s2,R2026082300001,O20260822000001,2026-08-23 12:00:00.000000,20000
t_demo,demo_20260921_v1,s2,R2026082300002,O20260822000002,2026-08-23 12:00:00.000000,20000
t_demo,demo_20260921_v1,s2,R2026082300003,O20260822000003,2026-08-23 12:00:00.000000,20000
t_demo,demo_20260921_v1,s2,R2026082300004,O20260822000004,2026-08-23 12:00:00.000000,20000
t_demo,demo_20260921_v1,s2,R2026082300005,O20260822000005,2026-08-23 12:00:00.000000,20000
t_demo,demo_20260921_v1,s2,R2026082300006,O20260822000006,2026-08-23 12:00:00.000000,20000
t_demo,demo_20260921_v1,s2,R2026082300007,O20260822000007,2026-08-23 12:00:00.000000,20000
t_demo,demo_20260921_v1,s2,R2026082300008,O20260822000008,2026-08-23 12:00:00.000000,20000
t_demo,demo_20260921_v1,s2,R2026082300009,O20260822000009,2026-08-23 12:00:00.000000,20000
t_demo,demo_20260921_v1,s2,R2026082300010,O20260822000010,2026-08-23 12:00:00.000000,20000
t_demo,demo_20260921_v1,s2,R2026082300011,O20260822000011,2026-08-23 12:00:00.000000,20000
t_demo,demo_20260921_v1,s2,R2026082300012,O20260822000012,2026-08-23 12:00:00.000000,20000
t_demo,demo_20260921_v1,s2,R2026082300013,O20260822000013,2026-08-23 12:00:00.000000,20000
t_demo,demo_20260921_v1,s2,R2026082300014,O20260822000014,2026-08-23 12:00:00.000000,20000
t_demo,demo_20260921_v1,s2,R2026082300015,O20260822000015,2026-08-23 12:00:00.000000,20000
t_demo,demo_20260921_v1,s2,R2026082300016,O20260822000016,2026-08-23 12:00:00.000000,20000
t_demo,demo_20260921_v1,s2,R2026082300017,O20260822000017,2026-08-23 12:00:00.000000,20000
t_demo,demo_20260921_v1,s2,R2026082300018,O20260822000018,2026-08-23 12:00:00.000000,20000
t_demo,demo_20260921_v1,s2,R2026082300019,O20260822000019,2026-08-23 12:00:00.000000,20000
t_demo,demo_20260921_v1,s2,R2026082300020,O20260822000020,2026-08-23 12:00:00.000000,20000
t_demo,demo_20260921_v1,s2,R2026082300021,O20260822000021,2026-08-23 12:00:00.000000,20000
t_demo,demo_20260921_v1,s2,R2026082300022,O20260822000022,2026-08-23 12:00:00.000000,20000
t_demo,demo_20260921_v1,s2,R2026082300023,O20260822000023,2026-08-23 12:00:00.000000,20000
t_demo,demo_20260921_v1,s2,R2026082300024,O20260822000024,2026-08-23 12:00:00.000000,20000
t_demo,demo_20260921_v1,s2,R2026082300025,O20260822000025,2026-08-23 12:00:00.000000,20000
t_demo,demo_20260921_v1,s2,R2026082400001,O20260823000001,2026-08-24 12:00:00.000000,20000
t_demo,demo_20260921_v1,s2,R2026082400002,O20260823000002,2026-08-24 12:00:00.000000,20000
t_demo,demo_20260921_v1,s2,R2026082400003,O20260823000003,2026-08-24 12:00:00.000000,20000
t_demo,demo_20260921_v1,s2,R2026082400004,O20260823000004,2026-08-24 12:00:00.000000,20000
t_demo,demo_20260921_v1,s2,R2026082400005,O20260823000005,2026-08-24 12:00:00.000000,20000
t_demo,demo_20260921_v1,s2,R2026082400006,O20260823000006,2026-08-24 12:00:00.000000,20000
t_demo,demo_20260921_v1,s2,R2026082400007,O20260823000007,2026-08-24 12:00:00.000000,20000
t_demo,demo_20260921_v1,s2,R2026082400008,O20260823000008,2026-08-24 12:00:00.000000,20000
t_demo,demo_20260921_v1,s2,R2026082400009,O20260823000009,2026-08-24 12:00:00.000000,20000
t_demo,demo_20260921_v1,s2,R2026082400010,O20260823000010,2026-08-24 12:00:00.000000,20000
t_demo,demo_20260921_v1,s2,R2026082400011,O20260823000011,2026-08-24 12:00:00.000000,20000
t_demo,demo_20260921_v1,s2,R2026082400012,O20260823000012,2026-08-24 12:00:00.000000,20000
t_demo,demo_20260921_v1,s2,R2026082400013,O20260823000013,2026-08-24 12:00:00.000000,20000
t_demo,demo_20260921_v1,s2,R2026082400014,O20260823000014,2026-08-24 12:00:00.000000,20000
t_demo,demo_20260921_v1,s2,R2026082400015,O20260823000015,2026-08-24 12:00:00.000000,20000
t_demo,demo_20260921_v1,s2,R2026082400016,O20260823000016,2026-08-24 12:00:00.000000,20000
t_demo,demo_20260921_v1,s2,R2026082400017,O20260823000017,2026-08-24 12:00:00.000000,20000
t_demo,demo_20260921_v1,s2,R2026082400018,O20260823000018,2026-08-24 12:00:00.000000,20000
t_demo,demo_20260921_v1,s2,R2026082400019,O20260823000019,2026-08-24 12:00:00.000000,20000
t_demo,demo_20260921_v1,s2,R2026082400020,O20260823000020,2026-08-24 12:00:00.000000,20000
t_demo,demo_20260921_v1,s2,R2026082400021,O20260823000021,2026-08-24 12:00:00.000000,20000
t_demo,demo_20260921_v1,s2,R2026082400022,O20260823000022,2026-08-24 12:00:00.000000,20000
t_demo,demo_20260921_v1,s2,R2026082400023,O20260823000023,2026-08-24 12:00:00.000000,20000
t_demo,demo_20260921_v1,s2,R2026082400024,O20260823000024,2026-08-24 12:00:00.000000,20000
t_demo,demo_20260921_v1,s2,R2026082400025,O20260823000025,2026-08-24 12:00:00.000000,20000
t_demo,demo_20260921_v1,s2,R2026082500001,O20260824000001,2026-08-25 12:00:00.000000,20000
t_demo,demo_20260921_v1,s2,R2026082500002,O20260824000002,2026-08-25 12:00:00.000000,20000
t_demo,demo_20260921_v1,s2,R2026082500003,O20260824000003,2026-08-25 12:00:00.000000,20000
t_demo,demo_20260921_v1,s2,R2026082500004,O20260824000004,2026-08-25 12:00:00.000000,20000
t_demo,demo_20260921_v1,s2,R2026082500005,O20260824000005,2026-08-25 12:00:00.000000,20000
t_demo,demo_20260921_v1,s2,R2026082500006,O20260824000006,2026-08-25 12:00:00.000000,20000
t_demo,demo_20260921_v1,s2,R2026082500007,O20260824000007,2026-08-25 12:00:00.000000,20000
t_demo,demo_20260921_v1,s2,R2026082500008,O20260824000008,2026-08-25 12:00:00.000000,20000
t_demo,demo_20260921_v1,s2,R2026082500009,O20260824000009,2026-08-25 12:00:00.000000,20000
t_demo,demo_20260921_v1,s2,R2026082500010,O20260824000010,2026-08-25 12:00:00.000000,20000
t_demo,demo_20260921_v1,s2,R2026082500011,O20260824000011,2026-08-25 12:00:00.000000,20000
t_demo,demo_20260921_v1,s2,R2026082500012,O20260824000012,2026-08-25 12:00:00.000000,20000
t_demo,demo_20260921_v1,s2,R2026082500013,O20260824000013,2026-08-25 12:00:00.000000,20000
t_demo,demo_20260921_v1,s2,R2026082500014,O20260824000014,2026-08-25 12:00:00.000000,20000
t_demo,demo_20260921_v1,s2,R2026082500015,O20260824000015,2026-08-25 12:00:00.000000,20000
t_demo,demo_20260921_v1,s2,R2026082500016,O20260824000016,2026-08-25 12:00:00.000000,20000
t_demo,demo_20260921_v1,s2,R2026082500017,O20260824000017,2026-08-25 12:00:00.000000,20000
t_demo,demo_20260921_v1,s2,R2026082500018,O20260824000018,2026-08-25 12:00:00.000000,20000
t_demo,demo_20260921_v1,s2,R2026082500019,O20260824000019,2026-08-25 12:00:00.000000,20000
t_demo,demo_20260921_v1,s2,R2026082500020,O20260824000020,2026-08-25 12:00:00.000000,20000
t_demo,demo_20260921_v1,s2,R2026082500021,O20260824000021,2026-08-25 12:00:00.000000,20000
t_demo,demo_20260921_v1,s2,R2026082500022,O20260824000022,2026-08-25 12:00:00.000000,20000
t_demo,demo_20260921_v1,s2,R2026082500023,O20260824000023,2026-08-25 12:00:00.000000,20000
t_demo,demo_20260921_v1,s2,R2026082500024,O20260824000024,2026-08-25 12:00:00.000000,20000
t_demo,demo_20260921_v1,s2,R2026082500025,O20260824000025,2026-08-25 12:00:00.000000,20000
t_demo,demo_20260921_v1,s2,R2026082600001,O20260825000001,2026-08-26 12:00:00.000000,20000
t_demo,demo_20260921_v1,s2,R2026082600002,O20260825000002,2026-08-26 12:00:00.000000,20000
t_demo,demo_20260921_v1,s2,R2026082600003,O20260825000003,2026-08-26 12:00:00.000000,20000
t_demo,demo_20260921_v1,s2,R2026082600004,O20260825000004,2026-08-26 12:00:00.000000,20000
t_demo,demo_20260921_v1,s2,R2026082600005,O20260825000005,2026-08-26 12:00:00.000000,20000
t_demo,demo_20260921_v1,s2,R2026082600006,O20260825000006,2026-08-26 12:00:00.000000,20000
t_demo,demo_20260921_v1,s2,R2026082600007,O20260825000007,2026-08-26 12:00:00.000000,20000
t_demo,demo_20260921_v1,s2,R2026082600008,O20260825000008,2026-08-26 12:00:00.000000,20000
t_demo,demo_20260921_v1,s2,R2026082600009,O20260825000009,2026-08-26 12:00:00.000000,20000
t_demo,demo_20260921_v1,s2,R2026082600010,O20260825000010,2026-08-26 12:00:00.000000,20000
t_demo,demo_20260921_v1,s2,R2026082600011,O20260825000011,2026-08-26 12:00:00.000000,20000
t_demo,demo_20260921_v1,s2,R2026082600012,O20260825000012,2026-08-26 12:00:00.000000,20000
t_demo,demo_20260921_v1,s2,R2026082600013,O20260825000013,2026-08-26 12:00:00.000000,20000
t_demo,demo_20260921_v1,s2,R2026082600014,O20260825000014,2026-08-26 12:00:00.000000,20000
t_demo,demo_20260921_v1,s2,R2026082600015,O20260825000015,2026-08-26 12:00:00.000000,20000
t_demo,demo_20260921_v1,s2,R2026082600016,O20260825000016,2026-08-26 12:00:00.000000,20000
t_demo,demo_20260921_v1,s2,R2026082600017,O20260825000017,2026-08-26 12:00:00.000000,20000
t_demo,demo_20260921_v1,s2,R2026082600018,O20260825000018,2026-08-26 12:00:00.000000,20000
t_demo,demo_20260921_v1,s2,R2026082600019,O20260825000019,2026-08-26 12:00:00.000000,20000
t_demo,demo_20260921_v1,s2,R2026082600020,O20260825000020,2026-08-26 12:00:00.000000,20000
t_demo,demo_20260921_v1,s2,R2026082600021,O20260825000021,2026-08-26 12:00:00.000000,20000
t_demo,demo_20260921_v1,s2,R2026082600022,O20260825000022,2026-08-26 12:00:00.000000,20000
t_demo,demo_20260921_v1,s2,R2026082600023,O20260825000023,2026-08-26 12:00:00.000000,20000
t_demo,demo_20260921_v1,s2,R2026082600024,O20260825000024,2026-08-26 12:00:00.000000,20000
t_demo,demo_20260921_v1,s2,R2026082600025,O20260825000025,2026-08-26 12:00:00.000000,20000
t_demo,demo_20260921_v1,s2,R2026082700001,O20260826000001,2026-08-27 12:00:00.000000,20000
t_demo,demo_20260921_v1,s2,R2026082700002,O20260826000002,2026-08-27 12:00:00.000000,20000
t_demo,demo_20260921_v1,s2,R2026082700003,O20260826000003,2026-08-27 12:00:00.000000,20000
t_demo,demo_20260921_v1,s2,R2026082700004,O20260826000004,2026-08-27 12:00:00.000000,20000
t_demo,demo_20260921_v1,s2,R2026082700005,O20260826000005,2026-08-27 12:00:00.000000,20000
t_demo,demo_20260921_v1,s2,R2026082700006,O20260826000006,2026-08-27 12:00:00.000000,20000
t_demo,demo_20260921_v1,s2,R2026082700007,O20260826000007,2026-08-27 12:00:00.000000,20000
t_demo,demo_20260921_v1,s2,R2026082700008,O20260826000008,2026-08-27 12:00:00.000000,20000
t_demo,demo_20260921_v1,s2,R2026082700009,O20260826000009,2026-08-27 12:00:00.000000,20000
t_demo,demo_20260921_v1,s2,R2026082700010,O20260826000010,2026-08-27 12:00:00.000000,20000
t_demo,demo_20260921_v1,s2,R2026082700011,O20260826000011,2026-08-27 12:00:00.000000,20000
t_demo,demo_20260921_v1,s2,R2026082700012,O20260826000012,2026-08-27 12:00:00.000000,20000
t_demo,demo_20260921_v1,s2,R2026082700013,O20260826000013,2026-08-27 12:00:00.000000,20000
t_demo,demo_20260921_v1,s2,R2026082700014,O20260826000014,2026-08-27 12:00:00.000000,20000
t_demo,demo_20260921_v1,s2,R2026082700015,O20260826000015,2026-08-27 12:00:00.000000,20000
t_demo,demo_20260921_v1,s2,R2026082700016,O20260826000016,2026-08-27 12:00:00.000000,20000
t_demo,demo_20260921_v1,s2,R2026082700017,O20260826000017,2026-08-27 12:00:00.000000,20000
t_demo,demo_20260921_v1,s2,R2026082700018,O20260826000018,2026-08-27 12:00:00.000000,20000
t_demo,demo_20260921_v1,s2,R2026082700019,O20260826000019,2026-08-27 12:00:00.000000,20000
t_demo,demo_20260921_v1,s2,R2026082700020,O20260826000020,2026-08-27 12:00:00.000000,20000
t_demo,demo_20260921_v1,s2,R2026082700021,O20260826000021,2026-08-27 12:00:00.000000,20000
t_demo,demo_20260921_v1,s2,R2026082700022,O20260826000022,2026-08-27 12:00:00.000000,20000
t_demo,demo_20260921_v1,s2,R2026082700023,O20260826000023,2026-08-27 12:00:00.000000,20000
t_demo,demo_20260921_v1,s2,R2026082700024,O20260826000024,2026-08-27 12:00:00.000000,20000
t_demo,demo_20260921_v1,s2,R2026082700025,O20260826000025,2026-08-27 12:00:00.000000,20000
t_demo,demo_20260921_v1,s2,R2026082800001,O20260827000001,2026-08-28 12:00:00.000000,20000
t_demo,demo_20260921_v1,s2,R2026082800002,O20260827000002,2026-08-28 12:00:00.000000,20000
t_demo,demo_20260921_v1,s2,R2026082800003,O20260827000003,2026-08-28 12:00:00.000000,20000
t_demo,demo_20260921_v1,s2,R2026082800004,O20260827000004,2026-08-28 12:00:00.000000,20000
t_demo,demo_20260921_v1,s2,R2026082800005,O20260827000005,2026-08-28 12:00:00.000000,20000
t_demo,demo_20260921_v1,s2,R2026082800006,O20260827000006,2026-08-28 12:00:00.000000,20000
t_demo,demo_20260921_v1,s2,R2026082800007,O20260827000007,2026-08-28 12:00:00.000000,20000
t_demo,demo_20260921_v1,s2,R2026082800008,O20260827000008,2026-08-28 12:00:00.000000,20000
t_demo,demo_20260921_v1,s2,R2026082800009,O20260827000009,2026-08-28 12:00:00.000000,20000
t_demo,demo_20260921_v1,s2,R2026082800010,O20260827000010,2026-08-28 12:00:00.000000,20000
t_demo,demo_20260921_v1,s2,R2026082800011,O20260827000011,2026-08-28 12:00:00.000000,20000
t_demo,demo_20260921_v1,s2,R2026082800012,O20260827000012,2026-08-28 12:00:00.000000,20000
t_demo,demo_20260921_v1,s2,R2026082800013,O20260827000013,2026-08-28 12:00:00.000000,20000
t_demo,demo_20260921_v1,s2,R2026082800014,O20260827000014,2026-08-28 12:00:00.000000,20000
t_demo,demo_20260921_v1,s2,R2026082800015,O20260827000015,2026-08-28 12:00:00.000000,20000
t_demo,demo_20260921_v1,s2,R2026082800016,O20260827000016,2026-08-28 12:00:00.000000,20000
t_demo,demo_20260921_v1,s2,R2026082800017,O20260827000017,2026-08-28 12:00:00.000000,20000
t_demo,demo_20260921_v1,s2,R2026082800018,O20260827000018,2026-08-28 12:00:00.000000,20000
t_demo,demo_20260921_v1,s2,R2026082800019,O20260827000019,2026-08-28 12:00:00.000000,20000
t_demo,demo_20260921_v1,s2,R2026082800020,O20260827000020,2026-08-28 12:00:00.000000,20000
t_demo,demo_20260921_v1,s2,R2026082800021,O20260827000021,2026-08-28 12:00:00.000000,20000
t_demo,demo_20260921_v1,s2,R2026082800022,O20260827000022,2026-08-28 12:00:00.000000,20000
t_demo,demo_20260921_v1,s2,R2026082800023,O20260827000023,2026-08-28 12:00:00.000000,20000
t_demo,demo_20260921_v1,s2,R2026082800024,O20260827000024,2026-08-28 12:00:00.000000,20000
t_demo,demo_20260921_v1,s2,R2026082800025,O20260827000025,2026-08-28 12:00:00.000000,20000
t_demo,demo_20260921_v1,s2,R2026082900001,O20260828000001,2026-08-29 12:00:00.000000,20000
t_demo,demo_20260921_v1,s2,R2026082900002,O20260828000002,2026-08-29 12:00:00.000000,20000
t_demo,demo_20260921_v1,s2,R2026082900003,O20260828000003,2026-08-29 12:00:00.000000,20000
t_demo,demo_20260921_v1,s2,R2026082900004,O20260828000004,2026-08-29 12:00:00.000000,20000
t_demo,demo_20260921_v1,s2,R2026082900005,O20260828000005,2026-08-29 12:00:00.000000,20000
t_demo,demo_20260921_v1,s2,R2026082900006,O20260828000006,2026-08-29 12:00:00.000000,20000
t_demo,demo_20260921_v1,s2,R2026082900007,O20260828000007,2026-08-29 12:00:00.000000,20000
t_demo,demo_20260921_v1,s2,R2026082900008,O20260828000008,2026-08-29 12:00:00.000000,20000
t_demo,demo_20260921_v1,s2,R2026082900009,O20260828000009,2026-08-29 12:00:00.000000,20000
t_demo,demo_20260921_v1,s2,R2026082900010,O20260828000010,2026-08-29 12:00:00.000000,20000
t_demo,demo_20260921_v1,s2,R2026082900011,O20260828000011,2026-08-29 12:00:00.000000,20000
t_demo,demo_20260921_v1,s2,R2026082900012,O20260828000012,2026-08-29 12:00:00.000000,20000
t_demo,demo_20260921_v1,s2,R2026082900013,O20260828000013,2026-08-29 12:00:00.000000,20000
t_demo,demo_20260921_v1,s2,R2026082900014,O20260828000014,2026-08-29 12:00:00.000000,20000
t_demo,demo_20260921_v1,s2,R2026082900015,O20260828000015,2026-08-29 12:00:00.000000,20000
t_demo,demo_20260921_v1,s2,R2026082900016,O20260828000016,2026-08-29 12:00:00.000000,20000
t_demo,demo_20260921_v1,s2,R2026082900017,O20260828000017,2026-08-29 12:00:00.000000,20000
t_demo,demo_20260921_v1,s2,R2026082900018,O20260828000018,2026-08-29 12:00:00.000000,20000
t_demo,demo_20260921_v1,s2,R2026082900019,O20260828000019,2026-08-29 12:00:00.000000,20000
t_demo,demo_20260921_v1,s2,R2026082900020,O20260828000020,2026-08-29 12:00:00.000000,20000
t_demo,demo_20260921_v1,s2,R2026082900021,O20260828000021,2026-08-29 12:00:00.000000,20000
t_demo,demo_20260921_v1,s2,R2026082900022,O20260828000022,2026-08-29 12:00:00.000000,20000
t_demo,demo_20260921_v1,s2,R2026082900023,O20260828000023,2026-08-29 12:00:00.000000,20000
t_demo,demo_20260921_v1,s2,R2026082900024,O20260828000024,2026-08-29 12:00:00.000000,20000
t_demo,demo_20260921_v1,s2,R2026082900025,O20260828000025,2026-08-29 12:00:00.000000,20000
t_demo,demo_20260921_v1,s2,R2026083000001,O20260829000001,2026-08-30 12:00:00.000000,20000
t_demo,demo_20260921_v1,s2,R2026083000002,O20260829000002,2026-08-30 12:00:00.000000,20000
t_demo,demo_20260921_v1,s2,R2026083000003,O20260829000003,2026-08-30 12:00:00.000000,20000
t_demo,demo_20260921_v1,s2,R2026083000004,O20260829000004,2026-08-30 12:00:00.000000,20000
t_demo,demo_20260921_v1,s2,R2026083000005,O20260829000005,2026-08-30 12:00:00.000000,20000
t_demo,demo_20260921_v1,s2,R2026083000006,O20260829000006,2026-08-30 12:00:00.000000,20000
t_demo,demo_20260921_v1,s2,R2026083000007,O20260829000007,2026-08-30 12:00:00.000000,20000
t_demo,demo_20260921_v1,s2,R2026083000008,O20260829000008,2026-08-30 12:00:00.000000,20000
t_demo,demo_20260921_v1,s2,R2026083000009,O20260829000009,2026-08-30 12:00:00.000000,20000
t_demo,demo_20260921_v1,s2,R2026083000010,O20260829000010,2026-08-30 12:00:00.000000,20000
t_demo,demo_20260921_v1,s2,R2026083000011,O20260829000011,2026-08-30 12:00:00.000000,20000
t_demo,demo_20260921_v1,s2,R2026083000012,O20260829000012,2026-08-30 12:00:00.000000,20000
t_demo,demo_20260921_v1,s2,R2026083000013,O20260829000013,2026-08-30 12:00:00.000000,20000
t_demo,demo_20260921_v1,s2,R2026083000014,O20260829000014,2026-08-30 12:00:00.000000,20000
t_demo,demo_20260921_v1,s2,R2026083000015,O20260829000015,2026-08-30 12:00:00.000000,20000
t_demo,demo_20260921_v1,s2,R2026083000016,O20260829000016,2026-08-30 12:00:00.000000,20000
t_demo,demo_20260921_v1,s2,R2026083000017,O20260829000017,2026-08-30 12:00:00.000000,20000
t_demo,demo_20260921_v1,s2,R2026083000018,O20260829000018,2026-08-30 12:00:00.000000,20000
t_demo,demo_20260921_v1,s2,R2026083000019,O20260829000019,2026-08-30 12:00:00.000000,20000
t_demo,demo_20260921_v1,s2,R2026083000020,O20260829000020,2026-08-30 12:00:00.000000,20000
t_demo,demo_20260921_v1,s2,R2026083000021,O20260829000021,2026-08-30 12:00:00.000000,20000
t_demo,demo_20260921_v1,s2,R2026083000022,O20260829000022,2026-08-30 12:00:00.000000,20000
t_demo,demo_20260921_v1,s2,R2026083000023,O20260829000023,2026-08-30 12:00:00.000000,20000
t_demo,demo_20260921_v1,s2,R2026083000024,O20260829000024,2026-08-30 12:00:00.000000,20000
t_demo,demo_20260921_v1,s2,R2026083000025,O20260829000025,2026-08-30 12:00:00.000000,20000
t_demo,demo_20260921_v1,s2,R2026083100001,O20260830000001,2026-08-31 12:00:00.000000,20000
t_demo,demo_20260921_v1,s2,R2026083100002,O20260830000002,2026-08-31 12:00:00.000000,20000
t_demo,demo_20260921_v1,s2,R2026083100003,O20260830000003,2026-08-31 12:00:00.000000,20000
t_demo,demo_20260921_v1,s2,R2026083100004,O20260830000004,2026-08-31 12:00:00.000000,20000
t_demo,demo_20260921_v1,s2,R2026083100005,O20260830000005,2026-08-31 12:00:00.000000,20000
t_demo,demo_20260921_v1,s2,R2026083100006,O20260830000006,2026-08-31 12:00:00.000000,20000
t_demo,demo_20260921_v1,s2,R2026083100007,O20260830000007,2026-08-31 12:00:00.000000,20000
t_demo,demo_20260921_v1,s2,R2026083100008,O20260830000008,2026-08-31 12:00:00.000000,20000
t_demo,demo_20260921_v1,s2,R2026083100009,O20260830000009,2026-08-31 12:00:00.000000,20000
t_demo,demo_20260921_v1,s2,R2026083100010,O20260830000010,2026-08-31 12:00:00.000000,20000
t_demo,demo_20260921_v1,s2,R2026083100011,O20260830000011,2026-08-31 12:00:00.000000,20000
t_demo,demo_20260921_v1,s2,R2026083100012,O20260830000012,2026-08-31 12:00:00.000000,20000
t_demo,demo_20260921_v1,s2,R2026083100013,O20260830000013,2026-08-31 12:00:00.000000,20000
t_demo,demo_20260921_v1,s2,R2026083100014,O20260830000014,2026-08-31 12:00:00.000000,20000
t_demo,demo_20260921_v1,s2,R2026083100015,O20260830000015,2026-08-31 12:00:00.000000,20000
t_demo,demo_20260921_v1,s2,R2026083100016,O20260830000016,2026-08-31 12:00:00.000000,20000
t_demo,demo_20260921_v1,s2,R2026083100017,O20260830000017,2026-08-31 12:00:00.000000,20000
t_demo,demo_20260921_v1,s2,R2026083100018,O20260830000018,2026-08-31 12:00:00.000000,20000
t_demo,demo_20260921_v1,s2,R2026083100019,O20260830000019,2026-08-31 12:00:00.000000,20000
t_demo,demo_20260921_v1,s2,R2026083100020,O20260830000020,2026-08-31 12:00:00.000000,20000
t_demo,demo_20260921_v1,s2,R2026083100021,O20260830000021,2026-08-31 12:00:00.000000,20000
t_demo,demo_20260921_v1,s2,R2026083100022,O20260830000022,2026-08-31 12:00:00.000000,20000
t_demo,demo_20260921_v1,s2,R2026083100023,O20260830000023,2026-08-31 12:00:00.000000,20000
t_demo,demo_20260921_v1,s2,R2026083100024,O20260830000024,2026-08-31 12:00:00.000000,20000
t_demo,demo_20260921_v1,s2,R2026083100025,O20260830000025,2026-08-31 12:00:00.000000,20000
t_demo,demo_20260921_v1,s2,R2026090100001,O20260831000001,2026-09-01 12:00:00.000000,20000
t_demo,demo_20260921_v1,s2,R2026090100002,O20260831000002,2026-09-01 12:00:00.000000,20000
t_demo,demo_20260921_v1,s2,R2026090100003,O20260831000003,2026-09-01 12:00:00.000000,20000
t_demo,demo_20260921_v1,s2,R2026090100004,O20260831000004,2026-09-01 12:00:00.000000,20000
t_demo,demo_20260921_v1,s2,R2026090100005,O20260831000005,2026-09-01 12:00:00.000000,20000
t_demo,demo_20260921_v1,s2,R2026090100006,O20260831000006,2026-09-01 12:00:00.000000,20000
t_demo,demo_20260921_v1,s2,R2026090100007,O20260831000007,2026-09-01 12:00:00.000000,20000
t_demo,demo_20260921_v1,s2,R2026090100008,O20260831000008,2026-09-01 12:00:00.000000,20000
t_demo,demo_20260921_v1,s2,R2026090100009,O20260831000009,2026-09-01 12:00:00.000000,20000
t_demo,demo_20260921_v1,s2,R2026090100010,O20260831000010,2026-09-01 12:00:00.000000,20000
t_demo,demo_20260921_v1,s2,R2026090100011,O20260831000011,2026-09-01 12:00:00.000000,20000
t_demo,demo_20260921_v1,s2,R2026090100012,O20260831000012,2026-09-01 12:00:00.000000,20000
t_demo,demo_20260921_v1,s2,R2026090100013,O20260831000013,2026-09-01 12:00:00.000000,20000
t_demo,demo_20260921_v1,s2,R2026090100014,O20260831000014,2026-09-01 12:00:00.000000,20000
t_demo,demo_20260921_v1,s2,R2026090100015,O20260831000015,2026-09-01 12:00:00.000000,20000
t_demo,demo_20260921_v1,s2,R2026090100016,O20260831000016,2026-09-01 12:00:00.000000,20000
t_demo,demo_20260921_v1,s2,R2026090100017,O20260831000017,2026-09-01 12:00:00.000000,20000
t_demo,demo_20260921_v1,s2,R2026090100018,O20260831000018,2026-09-01 12:00:00.000000,20000
t_demo,demo_20260921_v1,s2,R2026090100019,O20260831000019,2026-09-01 12:00:00.000000,20000
t_demo,demo_20260921_v1,s2,R2026090100020,O20260831000020,2026-09-01 12:00:00.000000,20000
t_demo,demo_20260921_v1,s2,R2026090100021,O20260831000021,2026-09-01 12:00:00.000000,20000
t_demo,demo_20260921_v1,s2,R2026090100022,O20260831000022,2026-09-01 12:00:00.000000,20000
t_demo,demo_20260921_v1,s2,R2026090100023,O20260831000023,2026-09-01 12:00:00.000000,20000
t_demo,demo_20260921_v1,s2,R2026090100024,O20260831000024,2026-09-01 12:00:00.000000,20000
t_demo,demo_20260921_v1,s2,R2026090100025,O20260831000025,2026-09-01 12:00:00.000000,20000
t_demo,demo_20260921_v1,s2,R2026090200001,O20260901000001,2026-09-02 12:00:00.000000,20000
t_demo,demo_20260921_v1,s2,R2026090200002,O20260901000002,2026-09-02 12:00:00.000000,20000
t_demo,demo_20260921_v1,s2,R2026090200003,O20260901000003,2026-09-02 12:00:00.000000,20000
t_demo,demo_20260921_v1,s2,R2026090200004,O20260901000004,2026-09-02 12:00:00.000000,20000
t_demo,demo_20260921_v1,s2,R2026090200005,O20260901000005,2026-09-02 12:00:00.000000,20000
t_demo,demo_20260921_v1,s2,R2026090200006,O20260901000006,2026-09-02 12:00:00.000000,20000
t_demo,demo_20260921_v1,s2,R2026090200007,O20260901000007,2026-09-02 12:00:00.000000,20000
t_demo,demo_20260921_v1,s2,R2026090200008,O20260901000008,2026-09-02 12:00:00.000000,20000
t_demo,demo_20260921_v1,s2,R2026090200009,O20260901000009,2026-09-02 12:00:00.000000,20000
t_demo,demo_20260921_v1,s2,R2026090200010,O20260901000010,2026-09-02 12:00:00.000000,20000
t_demo,demo_20260921_v1,s2,R2026090200011,O20260901000011,2026-09-02 12:00:00.000000,20000
t_demo,demo_20260921_v1,s2,R2026090200012,O20260901000012,2026-09-02 12:00:00.000000,20000
t_demo,demo_20260921_v1,s2,R2026090200013,O20260901000013,2026-09-02 12:00:00.000000,20000
t_demo,demo_20260921_v1,s2,R2026090200014,O20260901000014,2026-09-02 12:00:00.000000,20000
t_demo,demo_20260921_v1,s2,R2026090200015,O20260901000015,2026-09-02 12:00:00.000000,20000
t_demo,demo_20260921_v1,s2,R2026090200016,O20260901000016,2026-09-02 12:00:00.000000,20000
t_demo,demo_20260921_v1,s2,R2026090200017,O20260901000017,2026-09-02 12:00:00.000000,20000
t_demo,demo_20260921_v1,s2,R2026090200018,O20260901000018,2026-09-02 12:00:00.000000,20000
t_demo,demo_20260921_v1,s2,R2026090200019,O20260901000019,2026-09-02 12:00:00.000000,20000
t_demo,demo_20260921_v1,s2,R2026090200020,O20260901000020,2026-09-02 12:00:00.000000,20000
t_demo,demo_20260921_v1,s2,R2026090200021,O20260901000021,2026-09-02 12:00:00.000000,20000
t_demo,demo_20260921_v1,s2,R2026090200022,O20260901000022,2026-09-02 12:00:00.000000,20000
t_demo,demo_20260921_v1,s2,R2026090200023,O20260901000023,2026-09-02 12:00:00.000000,20000
t_demo,demo_20260921_v1,s2,R2026090200024,O20260901000024,2026-09-02 12:00:00.000000,20000
t_demo,demo_20260921_v1,s2,R2026090200025,O20260901000025,2026-09-02 12:00:00.000000,20000
t_demo,demo_20260921_v1,s2,R2026090300001,O20260902000001,2026-09-03 12:00:00.000000,20000
t_demo,demo_20260921_v1,s2,R2026090300002,O20260902000002,2026-09-03 12:00:00.000000,20000
t_demo,demo_20260921_v1,s2,R2026090300003,O20260902000003,2026-09-03 12:00:00.000000,20000
t_demo,demo_20260921_v1,s2,R2026090300004,O20260902000004,2026-09-03 12:00:00.000000,20000
t_demo,demo_20260921_v1,s2,R2026090300005,O20260902000005,2026-09-03 12:00:00.000000,20000
t_demo,demo_20260921_v1,s2,R2026090300006,O20260902000006,2026-09-03 12:00:00.000000,20000
t_demo,demo_20260921_v1,s2,R2026090300007,O20260902000007,2026-09-03 12:00:00.000000,20000
t_demo,demo_20260921_v1,s2,R2026090300008,O20260902000008,2026-09-03 12:00:00.000000,20000
t_demo,demo_20260921_v1,s2,R2026090300009,O20260902000009,2026-09-03 12:00:00.000000,20000
t_demo,demo_20260921_v1,s2,R2026090300010,O20260902000010,2026-09-03 12:00:00.000000,20000
t_demo,demo_20260921_v1,s2,R2026090300011,O20260902000011,2026-09-03 12:00:00.000000,20000
t_demo,demo_20260921_v1,s2,R2026090300012,O20260902000012,2026-09-03 12:00:00.000000,20000
t_demo,demo_20260921_v1,s2,R2026090300013,O20260902000013,2026-09-03 12:00:00.000000,20000
t_demo,demo_20260921_v1,s2,R2026090300014,O20260902000014,2026-09-03 12:00:00.000000,20000
t_demo,demo_20260921_v1,s2,R2026090300015,O20260902000015,2026-09-03 12:00:00.000000,20000
t_demo,demo_20260921_v1,s2,R2026090300016,O20260902000016,2026-09-03 12:00:00.000000,20000
t_demo,demo_20260921_v1,s2,R2026090300017,O20260902000017,2026-09-03 12:00:00.000000,20000
t_demo,demo_20260921_v1,s2,R2026090300018,O20260902000018,2026-09-03 12:00:00.000000,20000
t_demo,demo_20260921_v1,s2,R2026090300019,O20260902000019,2026-09-03 12:00:00.000000,20000
t_demo,demo_20260921_v1,s2,R2026090300020,O20260902000020,2026-09-03 12:00:00.000000,20000
t_demo,demo_20260921_v1,s2,R2026090300021,O20260902000021,2026-09-03 12:00:00.000000,20000
t_demo,demo_20260921_v1,s2,R2026090300022,O20260902000022,2026-09-03 12:00:00.000000,20000
t_demo,demo_20260921_v1,s2,R2026090300023,O20260902000023,2026-09-03 12:00:00.000000,20000
t_demo,demo_20260921_v1,s2,R2026090300024,O20260902000024,2026-09-03 12:00:00.000000,20000
t_demo,demo_20260921_v1,s2,R2026090300025,O20260902000025,2026-09-03 12:00:00.000000,20000
t_demo,demo_20260921_v1,s2,R2026090400001,O20260903000001,2026-09-04 12:00:00.000000,20000
t_demo,demo_20260921_v1,s2,R2026090400002,O20260903000002,2026-09-04 12:00:00.000000,20000
t_demo,demo_20260921_v1,s2,R2026090400003,O20260903000003,2026-09-04 12:00:00.000000,20000
t_demo,demo_20260921_v1,s2,R2026090400004,O20260903000004,2026-09-04 12:00:00.000000,20000
t_demo,demo_20260921_v1,s2,R2026090400005,O20260903000005,2026-09-04 12:00:00.000000,20000
t_demo,demo_20260921_v1,s2,R2026090400006,O20260903000006,2026-09-04 12:00:00.000000,20000
t_demo,demo_20260921_v1,s2,R2026090400007,O20260903000007,2026-09-04 12:00:00.000000,20000
t_demo,demo_20260921_v1,s2,R2026090400008,O20260903000008,2026-09-04 12:00:00.000000,20000
t_demo,demo_20260921_v1,s2,R2026090400009,O20260903000009,2026-09-04 12:00:00.000000,20000
t_demo,demo_20260921_v1,s2,R2026090400010,O20260903000010,2026-09-04 12:00:00.000000,20000
t_demo,demo_20260921_v1,s2,R2026090400011,O20260903000011,2026-09-04 12:00:00.000000,20000
t_demo,demo_20260921_v1,s2,R2026090400012,O20260903000012,2026-09-04 12:00:00.000000,20000
t_demo,demo_20260921_v1,s2,R2026090400013,O20260903000013,2026-09-04 12:00:00.000000,20000
t_demo,demo_20260921_v1,s2,R2026090400014,O20260903000014,2026-09-04 12:00:00.000000,20000
t_demo,demo_20260921_v1,s2,R2026090400015,O20260903000015,2026-09-04 12:00:00.000000,20000
t_demo,demo_20260921_v1,s2,R2026090400016,O20260903000016,2026-09-04 12:00:00.000000,20000
t_demo,demo_20260921_v1,s2,R2026090400017,O20260903000017,2026-09-04 12:00:00.000000,20000
t_demo,demo_20260921_v1,s2,R2026090400018,O20260903000018,2026-09-04 12:00:00.000000,20000
t_demo,demo_20260921_v1,s2,R2026090400019,O20260903000019,2026-09-04 12:00:00.000000,20000
t_demo,demo_20260921_v1,s2,R2026090400020,O20260903000020,2026-09-04 12:00:00.000000,20000
t_demo,demo_20260921_v1,s2,R2026090400021,O20260903000021,2026-09-04 12:00:00.000000,20000
t_demo,demo_20260921_v1,s2,R2026090400022,O20260903000022,2026-09-04 12:00:00.000000,20000
t_demo,demo_20260921_v1,s2,R2026090400023,O20260903000023,2026-09-04 12:00:00.000000,20000
t_demo,demo_20260921_v1,s2,R2026090400024,O20260903000024,2026-09-04 12:00:00.000000,20000
t_demo,demo_20260921_v1,s2,R2026090400025,O20260903000025,2026-09-04 12:00:00.000000,20000
t_demo,demo_20260921_v1,s2,R2026090500001,O20260904000001,2026-09-05 12:00:00.000000,20000
t_demo,demo_20260921_v1,s2,R2026090500002,O20260904000002,2026-09-05 12:00:00.000000,20000
t_demo,demo_20260921_v1,s2,R2026090500003,O20260904000003,2026-09-05 12:00:00.000000,20000
t_demo,demo_20260921_v1,s2,R2026090500004,O20260904000004,2026-09-05 12:00:00.000000,20000
t_demo,demo_20260921_v1,s2,R2026090500005,O20260904000005,2026-09-05 12:00:00.000000,20000
t_demo,demo_20260921_v1,s2,R2026090500006,O20260904000006,2026-09-05 12:00:00.000000,20000
t_demo,demo_20260921_v1,s2,R2026090500007,O20260904000007,2026-09-05 12:00:00.000000,20000
t_demo,demo_20260921_v1,s2,R2026090500008,O20260904000008,2026-09-05 12:00:00.000000,20000
t_demo,demo_20260921_v1,s2,R2026090500009,O20260904000009,2026-09-05 12:00:00.000000,20000
t_demo,demo_20260921_v1,s2,R2026090500010,O20260904000010,2026-09-05 12:00:00.000000,20000
t_demo,demo_20260921_v1,s2,R2026090500011,O20260904000011,2026-09-05 12:00:00.000000,20000
t_demo,demo_20260921_v1,s2,R2026090500012,O20260904000012,2026-09-05 12:00:00.000000,20000
t_demo,demo_20260921_v1,s2,R2026090500013,O20260904000013,2026-09-05 12:00:00.000000,20000
t_demo,demo_20260921_v1,s2,R2026090500014,O20260904000014,2026-09-05 12:00:00.000000,20000
t_demo,demo_20260921_v1,s2,R2026090500015,O20260904000015,2026-09-05 12:00:00.000000,20000
t_demo,demo_20260921_v1,s2,R2026090500016,O20260904000016,2026-09-05 12:00:00.000000,20000
t_demo,demo_20260921_v1,s2,R2026090500017,O20260904000017,2026-09-05 12:00:00.000000,20000
t_demo,demo_20260921_v1,s2,R2026090500018,O20260904000018,2026-09-05 12:00:00.000000,20000
t_demo,demo_20260921_v1,s2,R2026090500019,O20260904000019,2026-09-05 12:00:00.000000,20000
t_demo,demo_20260921_v1,s2,R2026090500020,O20260904000020,2026-09-05 12:00:00.000000,20000
t_demo,demo_20260921_v1,s2,R2026090500021,O20260904000021,2026-09-05 12:00:00.000000,20000
t_demo,demo_20260921_v1,s2,R2026090500022,O20260904000022,2026-09-05 12:00:00.000000,20000
t_demo,demo_20260921_v1,s2,R2026090500023,O20260904000023,2026-09-05 12:00:00.000000,20000
t_demo,demo_20260921_v1,s2,R2026090500024,O20260904000024,2026-09-05 12:00:00.000000,20000
t_demo,demo_20260921_v1,s2,R2026090500025,O20260904000025,2026-09-05 12:00:00.000000,20000
t_demo,demo_20260921_v1,s2,R2026090600001,O20260905000001,2026-09-06 12:00:00.000000,20000
t_demo,demo_20260921_v1,s2,R2026090600002,O20260905000002,2026-09-06 12:00:00.000000,20000
t_demo,demo_20260921_v1,s2,R2026090600003,O20260905000003,2026-09-06 12:00:00.000000,20000
t_demo,demo_20260921_v1,s2,R2026090600004,O20260905000004,2026-09-06 12:00:00.000000,20000
t_demo,demo_20260921_v1,s2,R2026090600005,O20260905000005,2026-09-06 12:00:00.000000,20000
t_demo,demo_20260921_v1,s2,R2026090600006,O20260905000006,2026-09-06 12:00:00.000000,20000
t_demo,demo_20260921_v1,s2,R2026090600007,O20260905000007,2026-09-06 12:00:00.000000,20000
t_demo,demo_20260921_v1,s2,R2026090600008,O20260905000008,2026-09-06 12:00:00.000000,20000
t_demo,demo_20260921_v1,s2,R2026090600009,O20260905000009,2026-09-06 12:00:00.000000,20000
t_demo,demo_20260921_v1,s2,R2026090600010,O20260905000010,2026-09-06 12:00:00.000000,20000
t_demo,demo_20260921_v1,s2,R2026090600011,O20260905000011,2026-09-06 12:00:00.000000,20000
t_demo,demo_20260921_v1,s2,R2026090600012,O20260905000012,2026-09-06 12:00:00.000000,20000
t_demo,demo_20260921_v1,s2,R2026090600013,O20260905000013,2026-09-06 12:00:00.000000,20000
t_demo,demo_20260921_v1,s2,R2026090600014,O20260905000014,2026-09-06 12:00:00.000000,20000
t_demo,demo_20260921_v1,s2,R2026090600015,O20260905000015,2026-09-06 12:00:00.000000,20000
t_demo,demo_20260921_v1,s2,R2026090600016,O20260905000016,2026-09-06 12:00:00.000000,20000
t_demo,demo_20260921_v1,s2,R2026090600017,O20260905000017,2026-09-06 12:00:00.000000,20000
t_demo,demo_20260921_v1,s2,R2026090600018,O20260905000018,2026-09-06 12:00:00.000000,20000
t_demo,demo_20260921_v1,s2,R2026090600019,O20260905000019,2026-09-06 12:00:00.000000,20000
t_demo,demo_20260921_v1,s2,R2026090600020,O20260905000020,2026-09-06 12:00:00.000000,20000
t_demo,demo_20260921_v1,s2,R2026090600021,O20260905000021,2026-09-06 12:00:00.000000,20000
t_demo,demo_20260921_v1,s2,R2026090600022,O20260905000022,2026-09-06 12:00:00.000000,20000
t_demo,demo_20260921_v1,s2,R2026090600023,O20260905000023,2026-09-06 12:00:00.000000,20000
t_demo,demo_20260921_v1,s2,R2026090600024,O20260905000024,2026-09-06 12:00:00.000000,20000
t_demo,demo_20260921_v1,s2,R2026090600025,O20260905000025,2026-09-06 12:00:00.000000,20000
t_demo,demo_20260921_v1,s2,R2026090700001,O20260906000001,2026-09-07 12:00:00.000000,20000
t_demo,demo_20260921_v1,s2,R2026090700002,O20260906000002,2026-09-07 12:00:00.000000,20000
t_demo,demo_20260921_v1,s2,R2026090700003,O20260906000003,2026-09-07 12:00:00.000000,20000
t_demo,demo_20260921_v1,s2,R2026090700004,O20260906000004,2026-09-07 12:00:00.000000,20000
t_demo,demo_20260921_v1,s2,R2026090700005,O20260906000005,2026-09-07 12:00:00.000000,20000
t_demo,demo_20260921_v1,s2,R2026090700006,O20260906000006,2026-09-07 12:00:00.000000,20000
t_demo,demo_20260921_v1,s2,R2026090700007,O20260906000007,2026-09-07 12:00:00.000000,20000
t_demo,demo_20260921_v1,s2,R2026090700008,O20260906000008,2026-09-07 12:00:00.000000,20000
t_demo,demo_20260921_v1,s2,R2026090700009,O20260906000009,2026-09-07 12:00:00.000000,20000
t_demo,demo_20260921_v1,s2,R2026090700010,O20260906000010,2026-09-07 12:00:00.000000,20000
t_demo,demo_20260921_v1,s2,R2026090700011,O20260906000011,2026-09-07 12:00:00.000000,20000
t_demo,demo_20260921_v1,s2,R2026090700012,O20260906000012,2026-09-07 12:00:00.000000,20000
t_demo,demo_20260921_v1,s2,R2026090700013,O20260906000013,2026-09-07 12:00:00.000000,20000
t_demo,demo_20260921_v1,s2,R2026090700014,O20260906000014,2026-09-07 12:00:00.000000,20000
t_demo,demo_20260921_v1,s2,R2026090700015,O20260906000015,2026-09-07 12:00:00.000000,20000
t_demo,demo_20260921_v1,s2,R2026090700016,O20260906000016,2026-09-07 12:00:00.000000,20000
t_demo,demo_20260921_v1,s2,R2026090700017,O20260906000017,2026-09-07 12:00:00.000000,20000
t_demo,demo_20260921_v1,s2,R2026090700018,O20260906000018,2026-09-07 12:00:00.000000,20000
t_demo,demo_20260921_v1,s2,R2026090700019,O20260906000019,2026-09-07 12:00:00.000000,20000
t_demo,demo_20260921_v1,s2,R2026090700020,O20260906000020,2026-09-07 12:00:00.000000,20000
t_demo,demo_20260921_v1,s2,R2026090700021,O20260906000021,2026-09-07 12:00:00.000000,20000
t_demo,demo_20260921_v1,s2,R2026090700022,O20260906000022,2026-09-07 12:00:00.000000,20000
t_demo,demo_20260921_v1,s2,R2026090700023,O20260906000023,2026-09-07 12:00:00.000000,20000
t_demo,demo_20260921_v1,s2,R2026090700024,O20260906000024,2026-09-07 12:00:00.000000,20000
t_demo,demo_20260921_v1,s2,R2026090700025,O20260906000025,2026-09-07 12:00:00.000000,20000
t_demo,demo_20260921_v1,s2,R2026090800001,O20260907000001,2026-09-08 12:00:00.000000,20000
t_demo,demo_20260921_v1,s2,R2026090800002,O20260907000002,2026-09-08 12:00:00.000000,20000
t_demo,demo_20260921_v1,s2,R2026090800003,O20260907000003,2026-09-08 12:00:00.000000,20000
t_demo,demo_20260921_v1,s2,R2026090800004,O20260907000004,2026-09-08 12:00:00.000000,20000
t_demo,demo_20260921_v1,s2,R2026090800005,O20260907000005,2026-09-08 12:00:00.000000,20000
t_demo,demo_20260921_v1,s2,R2026090800006,O20260907000006,2026-09-08 12:00:00.000000,20000
t_demo,demo_20260921_v1,s2,R2026090800007,O20260907000007,2026-09-08 12:00:00.000000,20000
t_demo,demo_20260921_v1,s2,R2026090800008,O20260907000008,2026-09-08 12:00:00.000000,20000
t_demo,demo_20260921_v1,s2,R2026090800009,O20260907000009,2026-09-08 12:00:00.000000,20000
t_demo,demo_20260921_v1,s2,R2026090800010,O20260907000010,2026-09-08 12:00:00.000000,20000
t_demo,demo_20260921_v1,s2,R2026090800011,O20260907000011,2026-09-08 12:00:00.000000,20000
t_demo,demo_20260921_v1,s2,R2026090800012,O20260907000012,2026-09-08 12:00:00.000000,20000
t_demo,demo_20260921_v1,s2,R2026090800013,O20260907000013,2026-09-08 12:00:00.000000,20000
t_demo,demo_20260921_v1,s2,R2026090800014,O20260907000014,2026-09-08 12:00:00.000000,20000
t_demo,demo_20260921_v1,s2,R2026090800015,O20260907000015,2026-09-08 12:00:00.000000,20000
t_demo,demo_20260921_v1,s2,R2026090800016,O20260907000016,2026-09-08 12:00:00.000000,20000
t_demo,demo_20260921_v1,s2,R2026090800017,O20260907000017,2026-09-08 12:00:00.000000,20000
t_demo,demo_20260921_v1,s2,R2026090800018,O20260907000018,2026-09-08 12:00:00.000000,20000
t_demo,demo_20260921_v1,s2,R2026090800019,O20260907000019,2026-09-08 12:00:00.000000,20000
t_demo,demo_20260921_v1,s2,R2026090800020,O20260907000020,2026-09-08 12:00:00.000000,20000
t_demo,demo_20260921_v1,s2,R2026090800021,O20260907000021,2026-09-08 12:00:00.000000,20000
t_demo,demo_20260921_v1,s2,R2026090800022,O20260907000022,2026-09-08 12:00:00.000000,20000
t_demo,demo_20260921_v1,s2,R2026090800023,O20260907000023,2026-09-08 12:00:00.000000,20000
t_demo,demo_20260921_v1,s2,R2026090800024,O20260907000024,2026-09-08 12:00:00.000000,20000
t_demo,demo_20260921_v1,s2,R2026090800025,O20260907000025,2026-09-08 12:00:00.000000,20000
t_demo,demo_20260921_v1,s2,R2026090900001,O20260908000001,2026-09-09 12:00:00.000000,20000
t_demo,demo_20260921_v1,s2,R2026090900002,O20260908000002,2026-09-09 12:00:00.000000,20000
t_demo,demo_20260921_v1,s2,R2026090900003,O20260908000003,2026-09-09 12:00:00.000000,20000
t_demo,demo_20260921_v1,s2,R2026090900004,O20260908000004,2026-09-09 12:00:00.000000,20000
t_demo,demo_20260921_v1,s2,R2026090900005,O20260908000005,2026-09-09 12:00:00.000000,20000
t_demo,demo_20260921_v1,s2,R2026090900006,O20260908000006,2026-09-09 12:00:00.000000,20000
t_demo,demo_20260921_v1,s2,R2026090900007,O20260908000007,2026-09-09 12:00:00.000000,20000
t_demo,demo_20260921_v1,s2,R2026090900008,O20260908000008,2026-09-09 12:00:00.000000,20000
t_demo,demo_20260921_v1,s2,R2026090900009,O20260908000009,2026-09-09 12:00:00.000000,20000
t_demo,demo_20260921_v1,s2,R2026090900010,O20260908000010,2026-09-09 12:00:00.000000,20000
t_demo,demo_20260921_v1,s2,R2026090900011,O20260908000011,2026-09-09 12:00:00.000000,20000
t_demo,demo_20260921_v1,s2,R2026090900012,O20260908000012,2026-09-09 12:00:00.000000,20000
t_demo,demo_20260921_v1,s2,R2026090900013,O20260908000013,2026-09-09 12:00:00.000000,20000
t_demo,demo_20260921_v1,s2,R2026090900014,O20260908000014,2026-09-09 12:00:00.000000,20000
t_demo,demo_20260921_v1,s2,R2026090900015,O20260908000015,2026-09-09 12:00:00.000000,20000
t_demo,demo_20260921_v1,s2,R2026090900016,O20260908000016,2026-09-09 12:00:00.000000,20000
t_demo,demo_20260921_v1,s2,R2026090900017,O20260908000017,2026-09-09 12:00:00.000000,20000
t_demo,demo_20260921_v1,s2,R2026090900018,O20260908000018,2026-09-09 12:00:00.000000,20000
t_demo,demo_20260921_v1,s2,R2026090900019,O20260908000019,2026-09-09 12:00:00.000000,20000
t_demo,demo_20260921_v1,s2,R2026090900020,O20260908000020,2026-09-09 12:00:00.000000,20000
t_demo,demo_20260921_v1,s2,R2026090900021,O20260908000021,2026-09-09 12:00:00.000000,20000
t_demo,demo_20260921_v1,s2,R2026090900022,O20260908000022,2026-09-09 12:00:00.000000,20000
t_demo,demo_20260921_v1,s2,R2026090900023,O20260908000023,2026-09-09 12:00:00.000000,20000
t_demo,demo_20260921_v1,s2,R2026090900024,O20260908000024,2026-09-09 12:00:00.000000,20000
t_demo,demo_20260921_v1,s2,R2026090900025,O20260908000025,2026-09-09 12:00:00.000000,20000
t_demo,demo_20260921_v1,s2,R2026091000001,O20260909000001,2026-09-10 12:00:00.000000,20000
t_demo,demo_20260921_v1,s2,R2026091000002,O20260909000002,2026-09-10 12:00:00.000000,20000
t_demo,demo_20260921_v1,s2,R2026091000003,O20260909000003,2026-09-10 12:00:00.000000,20000
t_demo,demo_20260921_v1,s2,R2026091000004,O20260909000004,2026-09-10 12:00:00.000000,20000
t_demo,demo_20260921_v1,s2,R2026091000005,O20260909000005,2026-09-10 12:00:00.000000,20000
t_demo,demo_20260921_v1,s2,R2026091000006,O20260909000006,2026-09-10 12:00:00.000000,20000
t_demo,demo_20260921_v1,s2,R2026091000007,O20260909000007,2026-09-10 12:00:00.000000,20000
t_demo,demo_20260921_v1,s2,R2026091000008,O20260909000008,2026-09-10 12:00:00.000000,20000
t_demo,demo_20260921_v1,s2,R2026091000009,O20260909000009,2026-09-10 12:00:00.000000,20000
t_demo,demo_20260921_v1,s2,R2026091000010,O20260909000010,2026-09-10 12:00:00.000000,20000
t_demo,demo_20260921_v1,s2,R2026091000011,O20260909000011,2026-09-10 12:00:00.000000,20000
t_demo,demo_20260921_v1,s2,R2026091000012,O20260909000012,2026-09-10 12:00:00.000000,20000
t_demo,demo_20260921_v1,s2,R2026091000013,O20260909000013,2026-09-10 12:00:00.000000,20000
t_demo,demo_20260921_v1,s2,R2026091000014,O20260909000014,2026-09-10 12:00:00.000000,20000
t_demo,demo_20260921_v1,s2,R2026091000015,O20260909000015,2026-09-10 12:00:00.000000,20000
t_demo,demo_20260921_v1,s2,R2026091000016,O20260909000016,2026-09-10 12:00:00.000000,20000
t_demo,demo_20260921_v1,s2,R2026091000017,O20260909000017,2026-09-10 12:00:00.000000,20000
t_demo,demo_20260921_v1,s2,R2026091000018,O20260909000018,2026-09-10 12:00:00.000000,20000
t_demo,demo_20260921_v1,s2,R2026091000019,O20260909000019,2026-09-10 12:00:00.000000,20000
t_demo,demo_20260921_v1,s2,R2026091000020,O20260909000020,2026-09-10 12:00:00.000000,20000
t_demo,demo_20260921_v1,s2,R2026091000021,O20260909000021,2026-09-10 12:00:00.000000,20000
t_demo,demo_20260921_v1,s2,R2026091000022,O20260909000022,2026-09-10 12:00:00.000000,20000
t_demo,demo_20260921_v1,s2,R2026091000023,O20260909000023,2026-09-10 12:00:00.000000,20000
t_demo,demo_20260921_v1,s2,R2026091000024,O20260909000024,2026-09-10 12:00:00.000000,20000
t_demo,demo_20260921_v1,s2,R2026091000025,O20260909000025,2026-09-10 12:00:00.000000,20000
t_demo,demo_20260921_v1,s2,R2026091100001,O20260910000001,2026-09-11 12:00:00.000000,20000
t_demo,demo_20260921_v1,s2,R2026091100002,O20260910000002,2026-09-11 12:00:00.000000,20000
t_demo,demo_20260921_v1,s2,R2026091100003,O20260910000003,2026-09-11 12:00:00.000000,20000
t_demo,demo_20260921_v1,s2,R2026091100004,O20260910000004,2026-09-11 12:00:00.000000,20000
t_demo,demo_20260921_v1,s2,R2026091100005,O20260910000005,2026-09-11 12:00:00.000000,20000
t_demo,demo_20260921_v1,s2,R2026091100006,O20260910000006,2026-09-11 12:00:00.000000,20000
t_demo,demo_20260921_v1,s2,R2026091100007,O20260910000007,2026-09-11 12:00:00.000000,20000
t_demo,demo_20260921_v1,s2,R2026091100008,O20260910000008,2026-09-11 12:00:00.000000,20000
t_demo,demo_20260921_v1,s2,R2026091100009,O20260910000009,2026-09-11 12:00:00.000000,20000
t_demo,demo_20260921_v1,s2,R2026091100010,O20260910000010,2026-09-11 12:00:00.000000,20000
t_demo,demo_20260921_v1,s2,R2026091100011,O20260910000011,2026-09-11 12:00:00.000000,20000
t_demo,demo_20260921_v1,s2,R2026091100012,O20260910000012,2026-09-11 12:00:00.000000,20000
t_demo,demo_20260921_v1,s2,R2026091100013,O20260910000013,2026-09-11 12:00:00.000000,20000
t_demo,demo_20260921_v1,s2,R2026091100014,O20260910000014,2026-09-11 12:00:00.000000,20000
t_demo,demo_20260921_v1,s2,R2026091100015,O20260910000015,2026-09-11 12:00:00.000000,20000
t_demo,demo_20260921_v1,s2,R2026091100016,O20260910000016,2026-09-11 12:00:00.000000,20000
t_demo,demo_20260921_v1,s2,R2026091100017,O20260910000017,2026-09-11 12:00:00.000000,20000
t_demo,demo_20260921_v1,s2,R2026091100018,O20260910000018,2026-09-11 12:00:00.000000,20000
t_demo,demo_20260921_v1,s2,R2026091100019,O20260910000019,2026-09-11 12:00:00.000000,20000
t_demo,demo_20260921_v1,s2,R2026091100020,O20260910000020,2026-09-11 12:00:00.000000,20000
t_demo,demo_20260921_v1,s2,R2026091100021,O20260910000021,2026-09-11 12:00:00.000000,20000
t_demo,demo_20260921_v1,s2,R2026091100022,O20260910000022,2026-09-11 12:00:00.000000,20000
t_demo,demo_20260921_v1,s2,R2026091100023,O20260910000023,2026-09-11 12:00:00.000000,20000
t_demo,demo_20260921_v1,s2,R2026091100024,O20260910000024,2026-09-11 12:00:00.000000,20000
t_demo,demo_20260921_v1,s2,R2026091100025,O20260910000025,2026-09-11 12:00:00.000000,20000
t_demo,demo_20260921_v1,s2,R2026091200001,O20260911000001,2026-09-12 12:00:00.000000,20000
t_demo,demo_20260921_v1,s2,R2026091200002,O20260911000002,2026-09-12 12:00:00.000000,20000
t_demo,demo_20260921_v1,s2,R2026091200003,O20260911000003,2026-09-12 12:00:00.000000,20000
t_demo,demo_20260921_v1,s2,R2026091200004,O20260911000004,2026-09-12 12:00:00.000000,20000
t_demo,demo_20260921_v1,s2,R2026091200005,O20260911000005,2026-09-12 12:00:00.000000,20000
t_demo,demo_20260921_v1,s2,R2026091200006,O20260911000006,2026-09-12 12:00:00.000000,20000
t_demo,demo_20260921_v1,s2,R2026091200007,O20260911000007,2026-09-12 12:00:00.000000,20000
t_demo,demo_20260921_v1,s2,R2026091200008,O20260911000008,2026-09-12 12:00:00.000000,20000
t_demo,demo_20260921_v1,s2,R2026091200009,O20260911000009,2026-09-12 12:00:00.000000,20000
t_demo,demo_20260921_v1,s2,R2026091200010,O20260911000010,2026-09-12 12:00:00.000000,20000
t_demo,demo_20260921_v1,s2,R2026091200011,O20260911000011,2026-09-12 12:00:00.000000,20000
t_demo,demo_20260921_v1,s2,R2026091200012,O20260911000012,2026-09-12 12:00:00.000000,20000
t_demo,demo_20260921_v1,s2,R2026091200013,O20260911000013,2026-09-12 12:00:00.000000,20000
t_demo,demo_20260921_v1,s2,R2026091200014,O20260911000014,2026-09-12 12:00:00.000000,20000
t_demo,demo_20260921_v1,s2,R2026091200015,O20260911000015,2026-09-12 12:00:00.000000,20000
t_demo,demo_20260921_v1,s2,R2026091200016,O20260911000016,2026-09-12 12:00:00.000000,20000
t_demo,demo_20260921_v1,s2,R2026091200017,O20260911000017,2026-09-12 12:00:00.000000,20000
t_demo,demo_20260921_v1,s2,R2026091200018,O20260911000018,2026-09-12 12:00:00.000000,20000
t_demo,demo_20260921_v1,s2,R2026091200019,O20260911000019,2026-09-12 12:00:00.000000,20000
t_demo,demo_20260921_v1,s2,R2026091200020,O20260911000020,2026-09-12 12:00:00.000000,20000
t_demo,demo_20260921_v1,s2,R2026091200021,O20260911000021,2026-09-12 12:00:00.000000,20000
t_demo,demo_20260921_v1,s2,R2026091200022,O20260911000022,2026-09-12 12:00:00.000000,20000
t_demo,demo_20260921_v1,s2,R2026091200023,O20260911000023,2026-09-12 12:00:00.000000,20000
t_demo,demo_20260921_v1,s2,R2026091200024,O20260911000024,2026-09-12 12:00:00.000000,20000
t_demo,demo_20260921_v1,s2,R2026091200025,O20260911000025,2026-09-12 12:00:00.000000,20000
t_demo,demo_20260921_v1,s2,R2026091300001,O20260912000001,2026-09-13 12:00:00.000000,20000
t_demo,demo_20260921_v1,s2,R2026091300002,O20260912000002,2026-09-13 12:00:00.000000,20000
t_demo,demo_20260921_v1,s2,R2026091300003,O20260912000003,2026-09-13 12:00:00.000000,20000
t_demo,demo_20260921_v1,s2,R2026091300004,O20260912000004,2026-09-13 12:00:00.000000,20000
t_demo,demo_20260921_v1,s2,R2026091300005,O20260912000005,2026-09-13 12:00:00.000000,20000
t_demo,demo_20260921_v1,s2,R2026091300006,O20260912000006,2026-09-13 12:00:00.000000,20000
t_demo,demo_20260921_v1,s2,R2026091300007,O20260912000007,2026-09-13 12:00:00.000000,20000
t_demo,demo_20260921_v1,s2,R2026091300008,O20260912000008,2026-09-13 12:00:00.000000,20000
t_demo,demo_20260921_v1,s2,R2026091300009,O20260912000009,2026-09-13 12:00:00.000000,20000
t_demo,demo_20260921_v1,s2,R2026091300010,O20260912000010,2026-09-13 12:00:00.000000,20000
t_demo,demo_20260921_v1,s2,R2026091300011,O20260912000011,2026-09-13 12:00:00.000000,20000
t_demo,demo_20260921_v1,s2,R2026091300012,O20260912000012,2026-09-13 12:00:00.000000,20000
t_demo,demo_20260921_v1,s2,R2026091300013,O20260912000013,2026-09-13 12:00:00.000000,20000
t_demo,demo_20260921_v1,s2,R2026091300014,O20260912000014,2026-09-13 12:00:00.000000,20000
t_demo,demo_20260921_v1,s2,R2026091300015,O20260912000015,2026-09-13 12:00:00.000000,20000
t_demo,demo_20260921_v1,s2,R2026091300016,O20260912000016,2026-09-13 12:00:00.000000,20000
t_demo,demo_20260921_v1,s2,R2026091300017,O20260912000017,2026-09-13 12:00:00.000000,20000
t_demo,demo_20260921_v1,s2,R2026091300018,O20260912000018,2026-09-13 12:00:00.000000,20000
t_demo,demo_20260921_v1,s2,R2026091300019,O20260912000019,2026-09-13 12:00:00.000000,20000
t_demo,demo_20260921_v1,s2,R2026091300020,O20260912000020,2026-09-13 12:00:00.000000,20000
t_demo,demo_20260921_v1,s2,R2026091300021,O20260912000021,2026-09-13 12:00:00.000000,20000
t_demo,demo_20260921_v1,s2,R2026091300022,O20260912000022,2026-09-13 12:00:00.000000,20000
t_demo,demo_20260921_v1,s2,R2026091300023,O20260912000023,2026-09-13 12:00:00.000000,20000
t_demo,demo_20260921_v1,s2,R2026091300024,O20260912000024,2026-09-13 12:00:00.000000,20000
t_demo,demo_20260921_v1,s2,R2026091300025,O20260912000025,2026-09-13 12:00:00.000000,20000
t_demo,demo_20260921_v1,s2,R2026091400001,O20260913000001,2026-09-14 12:00:00.000000,20000
t_demo,demo_20260921_v1,s2,R2026091400002,O20260913000002,2026-09-14 12:00:00.000000,20000
t_demo,demo_20260921_v1,s2,R2026091400003,O20260913000003,2026-09-14 12:00:00.000000,20000
t_demo,demo_20260921_v1,s2,R2026091400004,O20260913000004,2026-09-14 12:00:00.000000,20000
t_demo,demo_20260921_v1,s2,R2026091400005,O20260913000005,2026-09-14 12:00:00.000000,20000
t_demo,demo_20260921_v1,s2,R2026091400006,O20260913000006,2026-09-14 12:00:00.000000,20000
t_demo,demo_20260921_v1,s2,R2026091400007,O20260913000007,2026-09-14 12:00:00.000000,20000
t_demo,demo_20260921_v1,s2,R2026091400008,O20260913000008,2026-09-14 12:00:00.000000,20000
t_demo,demo_20260921_v1,s2,R2026091400009,O20260913000009,2026-09-14 12:00:00.000000,20000
t_demo,demo_20260921_v1,s2,R2026091400010,O20260913000010,2026-09-14 12:00:00.000000,20000
t_demo,demo_20260921_v1,s2,R2026091400011,O20260913000011,2026-09-14 12:00:00.000000,20000
t_demo,demo_20260921_v1,s2,R2026091400012,O20260913000012,2026-09-14 12:00:00.000000,20000
t_demo,demo_20260921_v1,s2,R2026091400013,O20260913000013,2026-09-14 12:00:00.000000,20000
t_demo,demo_20260921_v1,s2,R2026091400014,O20260913000014,2026-09-14 12:00:00.000000,20000
t_demo,demo_20260921_v1,s2,R2026091400015,O20260913000015,2026-09-14 12:00:00.000000,20000
t_demo,demo_20260921_v1,s2,R2026091400016,O20260913000016,2026-09-14 12:00:00.000000,20000
t_demo,demo_20260921_v1,s2,R2026091400017,O20260913000017,2026-09-14 12:00:00.000000,20000
t_demo,demo_20260921_v1,s2,R2026091400018,O20260913000018,2026-09-14 12:00:00.000000,20000
t_demo,demo_20260921_v1,s2,R2026091400019,O20260913000019,2026-09-14 12:00:00.000000,20000
t_demo,demo_20260921_v1,s2,R2026091400020,O20260913000020,2026-09-14 12:00:00.000000,20000
t_demo,demo_20260921_v1,s2,R2026091400021,O20260913000021,2026-09-14 12:00:00.000000,20000
t_demo,demo_20260921_v1,s2,R2026091400022,O20260913000022,2026-09-14 12:00:00.000000,20000
t_demo,demo_20260921_v1,s2,R2026091400023,O20260913000023,2026-09-14 12:00:00.000000,20000
t_demo,demo_20260921_v1,s2,R2026091400024,O20260913000024,2026-09-14 12:00:00.000000,20000
t_demo,demo_20260921_v1,s2,R2026091400025,O20260913000025,2026-09-14 12:00:00.000000,20000
t_demo,demo_20260921_v1,s2,R2026091500001,O20260914000001,2026-09-15 12:00:00.000000,20000
t_demo,demo_20260921_v1,s2,R2026091500002,O20260914000002,2026-09-15 12:00:00.000000,20000
t_demo,demo_20260921_v1,s2,R2026091500003,O20260914000003,2026-09-15 12:00:00.000000,20000
t_demo,demo_20260921_v1,s2,R2026091500004,O20260914000004,2026-09-15 12:00:00.000000,20000
t_demo,demo_20260921_v1,s2,R2026091500005,O20260914000005,2026-09-15 12:00:00.000000,20000
t_demo,demo_20260921_v1,s2,R2026091500006,O20260914000006,2026-09-15 12:00:00.000000,20000
t_demo,demo_20260921_v1,s2,R2026091500007,O20260914000007,2026-09-15 12:00:00.000000,20000
t_demo,demo_20260921_v1,s2,R2026091500008,O20260914000008,2026-09-15 12:00:00.000000,20000
t_demo,demo_20260921_v1,s2,R2026091500009,O20260914000009,2026-09-15 12:00:00.000000,20000
t_demo,demo_20260921_v1,s2,R2026091500010,O20260914000010,2026-09-15 12:00:00.000000,20000
t_demo,demo_20260921_v1,s2,R2026091500011,O20260914000011,2026-09-15 12:00:00.000000,20000
t_demo,demo_20260921_v1,s2,R2026091500012,O20260914000012,2026-09-15 12:00:00.000000,20000
t_demo,demo_20260921_v1,s2,R2026091500013,O20260914000013,2026-09-15 12:00:00.000000,20000
t_demo,demo_20260921_v1,s2,R2026091500014,O20260914000014,2026-09-15 12:00:00.000000,20000
t_demo,demo_20260921_v1,s2,R2026091500015,O20260914000015,2026-09-15 12:00:00.000000,20000
t_demo,demo_20260921_v1,s2,R2026091500016,O20260914000016,2026-09-15 12:00:00.000000,20000
t_demo,demo_20260921_v1,s2,R2026091500017,O20260914000017,2026-09-15 12:00:00.000000,20000
t_demo,demo_20260921_v1,s2,R2026091500018,O20260914000018,2026-09-15 12:00:00.000000,20000
t_demo,demo_20260921_v1,s2,R2026091500019,O20260914000019,2026-09-15 12:00:00.000000,20000
t_demo,demo_20260921_v1,s2,R2026091500020,O20260914000020,2026-09-15 12:00:00.000000,20000
t_demo,demo_20260921_v1,s2,R2026091500021,O20260914000021,2026-09-15 12:00:00.000000,20000
t_demo,demo_20260921_v1,s2,R2026091500022,O20260914000022,2026-09-15 12:00:00.000000,20000
t_demo,demo_20260921_v1,s2,R2026091500023,O20260914000023,2026-09-15 12:00:00.000000,20000
t_demo,demo_20260921_v1,s2,R2026091500024,O20260914000024,2026-09-15 12:00:00.000000,20000
t_demo,demo_20260921_v1,s2,R2026091500025,O20260914000025,2026-09-15 12:00:00.000000,20000
t_demo,demo_20260921_v1,s2,R2026091600001,O20260915000001,2026-09-16 12:00:00.000000,20000
t_demo,demo_20260921_v1,s2,R2026091600002,O20260915000002,2026-09-16 12:00:00.000000,20000
t_demo,demo_20260921_v1,s2,R2026091600003,O20260915000003,2026-09-16 12:00:00.000000,20000
t_demo,demo_20260921_v1,s2,R2026091600004,O20260915000004,2026-09-16 12:00:00.000000,20000
t_demo,demo_20260921_v1,s2,R2026091600005,O20260915000005,2026-09-16 12:00:00.000000,20000
t_demo,demo_20260921_v1,s2,R2026091600006,O20260915000006,2026-09-16 12:00:00.000000,20000
t_demo,demo_20260921_v1,s2,R2026091600007,O20260915000007,2026-09-16 12:00:00.000000,20000
t_demo,demo_20260921_v1,s2,R2026091600008,O20260915000008,2026-09-16 12:00:00.000000,20000
t_demo,demo_20260921_v1,s2,R2026091600009,O20260915000009,2026-09-16 12:00:00.000000,20000
t_demo,demo_20260921_v1,s2,R2026091600010,O20260915000010,2026-09-16 12:00:00.000000,20000
t_demo,demo_20260921_v1,s2,R2026091600011,O20260915000011,2026-09-16 12:00:00.000000,20000
t_demo,demo_20260921_v1,s2,R2026091600012,O20260915000012,2026-09-16 12:00:00.000000,20000
t_demo,demo_20260921_v1,s2,R2026091600013,O20260915000013,2026-09-16 12:00:00.000000,20000
t_demo,demo_20260921_v1,s2,R2026091600014,O20260915000014,2026-09-16 12:00:00.000000,20000
t_demo,demo_20260921_v1,s2,R2026091600015,O20260915000015,2026-09-16 12:00:00.000000,20000
t_demo,demo_20260921_v1,s2,R2026091600016,O20260915000016,2026-09-16 12:00:00.000000,20000
t_demo,demo_20260921_v1,s2,R2026091600017,O20260915000017,2026-09-16 12:00:00.000000,20000
t_demo,demo_20260921_v1,s2,R2026091600018,O20260915000018,2026-09-16 12:00:00.000000,20000
t_demo,demo_20260921_v1,s2,R2026091600019,O20260915000019,2026-09-16 12:00:00.000000,20000
t_demo,demo_20260921_v1,s2,R2026091600020,O20260915000020,2026-09-16 12:00:00.000000,20000
t_demo,demo_20260921_v1,s2,R2026091600021,O20260915000021,2026-09-16 12:00:00.000000,20000
t_demo,demo_20260921_v1,s2,R2026091600022,O20260915000022,2026-09-16 12:00:00.000000,20000
t_demo,demo_20260921_v1,s2,R2026091600023,O20260915000023,2026-09-16 12:00:00.000000,20000
t_demo,demo_20260921_v1,s2,R2026091600024,O20260915000024,2026-09-16 12:00:00.000000,20000
t_demo,demo_20260921_v1,s2,R2026091600025,O20260915000025,2026-09-16 12:00:00.000000,20000
t_demo,demo_20260921_v1,s2,R2026091700001,O20260916000001,2026-09-17 12:00:00.000000,20000
t_demo,demo_20260921_v1,s2,R2026091700002,O20260916000002,2026-09-17 12:00:00.000000,20000
t_demo,demo_20260921_v1,s2,R2026091700003,O20260916000003,2026-09-17 12:00:00.000000,20000
t_demo,demo_20260921_v1,s2,R2026091700004,O20260916000004,2026-09-17 12:00:00.000000,20000
t_demo,demo_20260921_v1,s2,R2026091700005,O20260916000005,2026-09-17 12:00:00.000000,20000
t_demo,demo_20260921_v1,s2,R2026091700006,O20260916000006,2026-09-17 12:00:00.000000,20000
t_demo,demo_20260921_v1,s2,R2026091700007,O20260916000007,2026-09-17 12:00:00.000000,20000
t_demo,demo_20260921_v1,s2,R2026091700008,O20260916000008,2026-09-17 12:00:00.000000,20000
t_demo,demo_20260921_v1,s2,R2026091700009,O20260916000009,2026-09-17 12:00:00.000000,20000
t_demo,demo_20260921_v1,s2,R2026091700010,O20260916000010,2026-09-17 12:00:00.000000,20000
t_demo,demo_20260921_v1,s2,R2026091700011,O20260916000011,2026-09-17 12:00:00.000000,20000
t_demo,demo_20260921_v1,s2,R2026091700012,O20260916000012,2026-09-17 12:00:00.000000,20000
t_demo,demo_20260921_v1,s2,R2026091700013,O20260916000013,2026-09-17 12:00:00.000000,20000
t_demo,demo_20260921_v1,s2,R2026091700014,O20260916000014,2026-09-17 12:00:00.000000,20000
t_demo,demo_20260921_v1,s2,R2026091700015,O20260916000015,2026-09-17 12:00:00.000000,20000
t_demo,demo_20260921_v1,s2,R2026091700016,O20260916000016,2026-09-17 12:00:00.000000,20000
t_demo,demo_20260921_v1,s2,R2026091700017,O20260916000017,2026-09-17 12:00:00.000000,20000
t_demo,demo_20260921_v1,s2,R2026091700018,O20260916000018,2026-09-17 12:00:00.000000,20000
t_demo,demo_20260921_v1,s2,R2026091700019,O20260916000019,2026-09-17 12:00:00.000000,20000
t_demo,demo_20260921_v1,s2,R2026091700020,O20260916000020,2026-09-17 12:00:00.000000,20000
t_demo,demo_20260921_v1,s2,R2026091700021,O20260916000021,2026-09-17 12:00:00.000000,20000
t_demo,demo_20260921_v1,s2,R2026091700022,O20260916000022,2026-09-17 12:00:00.000000,20000
t_demo,demo_20260921_v1,s2,R2026091700023,O20260916000023,2026-09-17 12:00:00.000000,20000
t_demo,demo_20260921_v1,s2,R2026091700024,O20260916000024,2026-09-17 12:00:00.000000,20000
t_demo,demo_20260921_v1,s2,R2026091700025,O20260916000025,2026-09-17 12:00:00.000000,20000
t_demo,demo_20260921_v1,s2,R2026091800001,O20260917000001,2026-09-18 12:00:00.000000,20000
t_demo,demo_20260921_v1,s2,R2026091800002,O20260917000002,2026-09-18 12:00:00.000000,20000
t_demo,demo_20260921_v1,s2,R2026091800003,O20260917000003,2026-09-18 12:00:00.000000,20000
t_demo,demo_20260921_v1,s2,R2026091800004,O20260917000004,2026-09-18 12:00:00.000000,20000
t_demo,demo_20260921_v1,s2,R2026091800005,O20260917000005,2026-09-18 12:00:00.000000,20000
t_demo,demo_20260921_v1,s2,R2026091800006,O20260917000006,2026-09-18 12:00:00.000000,20000
t_demo,demo_20260921_v1,s2,R2026091800007,O20260917000007,2026-09-18 12:00:00.000000,20000
t_demo,demo_20260921_v1,s2,R2026091800008,O20260917000008,2026-09-18 12:00:00.000000,20000
t_demo,demo_20260921_v1,s2,R2026091800009,O20260917000009,2026-09-18 12:00:00.000000,20000
t_demo,demo_20260921_v1,s2,R2026091800010,O20260917000010,2026-09-18 12:00:00.000000,20000
t_demo,demo_20260921_v1,s2,R2026091800011,O20260917000011,2026-09-18 12:00:00.000000,20000
t_demo,demo_20260921_v1,s2,R2026091800012,O20260917000012,2026-09-18 12:00:00.000000,20000
t_demo,demo_20260921_v1,s2,R2026091800013,O20260917000013,2026-09-18 12:00:00.000000,20000
t_demo,demo_20260921_v1,s2,R2026091800014,O20260917000014,2026-09-18 12:00:00.000000,20000
t_demo,demo_20260921_v1,s2,R2026091800015,O20260917000015,2026-09-18 12:00:00.000000,20000
t_demo,demo_20260921_v1,s2,R2026091800016,O20260917000016,2026-09-18 12:00:00.000000,20000
t_demo,demo_20260921_v1,s2,R2026091800017,O20260917000017,2026-09-18 12:00:00.000000,20000
t_demo,demo_20260921_v1,s2,R2026091800018,O20260917000018,2026-09-18 12:00:00.000000,20000
t_demo,demo_20260921_v1,s2,R2026091800019,O20260917000019,2026-09-18 12:00:00.000000,20000
t_demo,demo_20260921_v1,s2,R2026091800020,O20260917000020,2026-09-18 12:00:00.000000,20000
t_demo,demo_20260921_v1,s2,R2026091800021,O20260917000021,2026-09-18 12:00:00.000000,20000
t_demo,demo_20260921_v1,s2,R2026091800022,O20260917000022,2026-09-18 12:00:00.000000,20000
t_demo,demo_20260921_v1,s2,R2026091800023,O20260917000023,2026-09-18 12:00:00.000000,20000
t_demo,demo_20260921_v1,s2,R2026091800024,O20260917000024,2026-09-18 12:00:00.000000,20000
t_demo,demo_20260921_v1,s2,R2026091800025,O20260917000025,2026-09-18 12:00:00.000000,20000
t_demo,demo_20260921_v1,s2,R2026091900001,O20260918000001,2026-09-19 12:00:00.000000,20000
t_demo,demo_20260921_v1,s2,R2026091900002,O20260918000002,2026-09-19 12:00:00.000000,20000
t_demo,demo_20260921_v1,s2,R2026091900003,O20260918000003,2026-09-19 12:00:00.000000,20000
t_demo,demo_20260921_v1,s2,R2026091900004,O20260918000004,2026-09-19 12:00:00.000000,20000
t_demo,demo_20260921_v1,s2,R2026091900005,O20260918000005,2026-09-19 12:00:00.000000,20000
t_demo,demo_20260921_v1,s2,R2026091900006,O20260918000006,2026-09-19 12:00:00.000000,20000
t_demo,demo_20260921_v1,s2,R2026091900007,O20260918000007,2026-09-19 12:00:00.000000,20000
t_demo,demo_20260921_v1,s2,R2026091900008,O20260918000008,2026-09-19 12:00:00.000000,20000
t_demo,demo_20260921_v1,s2,R2026091900009,O20260918000009,2026-09-19 12:00:00.000000,20000
t_demo,demo_20260921_v1,s2,R2026091900010,O20260918000010,2026-09-19 12:00:00.000000,20000
t_demo,demo_20260921_v1,s2,R2026091900011,O20260918000011,2026-09-19 12:00:00.000000,20000
t_demo,demo_20260921_v1,s2,R2026091900012,O20260918000012,2026-09-19 12:00:00.000000,20000
t_demo,demo_20260921_v1,s2,R2026091900013,O20260918000013,2026-09-19 12:00:00.000000,20000
t_demo,demo_20260921_v1,s2,R2026091900014,O20260918000014,2026-09-19 12:00:00.000000,20000
t_demo,demo_20260921_v1,s2,R2026091900015,O20260918000015,2026-09-19 12:00:00.000000,20000
t_demo,demo_20260921_v1,s2,R2026091900016,O20260918000016,2026-09-19 12:00:00.000000,20000
t_demo,demo_20260921_v1,s2,R2026091900017,O20260918000017,2026-09-19 12:00:00.000000,20000
t_demo,demo_20260921_v1,s2,R2026091900018,O20260918000018,2026-09-19 12:00:00.000000,20000
t_demo,demo_20260921_v1,s2,R2026091900019,O20260918000019,2026-09-19 12:00:00.000000,20000
t_demo,demo_20260921_v1,s2,R2026091900020,O20260918000020,2026-09-19 12:00:00.000000,20000
t_demo,demo_20260921_v1,s2,R2026091900021,O20260918000021,2026-09-19 12:00:00.000000,20000
t_demo,demo_20260921_v1,s2,R2026091900022,O20260918000022,2026-09-19 12:00:00.000000,20000
t_demo,demo_20260921_v1,s2,R2026091900023,O20260918000023,2026-09-19 12:00:00.000000,20000
t_demo,demo_20260921_v1,s2,R2026091900024,O20260918000024,2026-09-19 12:00:00.000000,20000
t_demo,demo_20260921_v1,s2,R2026091900025,O20260918000025,2026-09-19 12:00:00.000000,20000
t_demo,demo_20260921_v1,s2,R2026092000001,O20260919000001,2026-09-20 12:00:00.000000,20800
t_demo,demo_20260921_v1,s2,R2026092000002,O20260919000002,2026-09-20 12:00:00.000000,20800
t_demo,demo_20260921_v1,s2,R2026092000003,O20260919000003,2026-09-20 12:00:00.000000,20800
t_demo,demo_20260921_v1,s2,R2026092000004,O20260919000004,2026-09-20 12:00:00.000000,20800
t_demo,demo_20260921_v1,s2,R2026092000005,O20260919000005,2026-09-20 12:00:00.000000,20800
t_demo,demo_20260921_v1,s2,R2026092000006,O20260919000006,2026-09-20 12:00:00.000000,20800
t_demo,demo_20260921_v1,s2,R2026092000007,O20260919000007,2026-09-20 12:00:00.000000,20800
t_demo,demo_20260921_v1,s2,R2026092000008,O20260919000008,2026-09-20 12:00:00.000000,20800
t_demo,demo_20260921_v1,s2,R2026092000009,O20260919000009,2026-09-20 12:00:00.000000,20800
t_demo,demo_20260921_v1,s2,R2026092000010,O20260919000010,2026-09-20 12:00:00.000000,20800
t_demo,demo_20260921_v1,s2,R2026092000011,O20260919000011,2026-09-20 12:00:00.000000,20800
t_demo,demo_20260921_v1,s2,R2026092000012,O20260919000012,2026-09-20 12:00:00.000000,20800
t_demo,demo_20260921_v1,s2,R2026092000013,O20260919000013,2026-09-20 12:00:00.000000,20800
t_demo,demo_20260921_v1,s2,R2026092000014,O20260919000014,2026-09-20 12:00:00.000000,20800
t_demo,demo_20260921_v1,s2,R2026092000015,O20260919000015,2026-09-20 12:00:00.000000,20800
t_demo,demo_20260921_v1,s2,R2026092000016,O20260919000016,2026-09-20 12:00:00.000000,20800
t_demo,demo_20260921_v1,s2,R2026092000017,O20260919000017,2026-09-20 12:00:00.000000,20800
t_demo,demo_20260921_v1,s2,R2026092000018,O20260919000018,2026-09-20 12:00:00.000000,20800
t_demo,demo_20260921_v1,s2,R2026092000019,O20260919000019,2026-09-20 12:00:00.000000,20800
t_demo,demo_20260921_v1,s2,R2026092000020,O20260919000020,2026-09-20 12:00:00.000000,20800
t_demo,demo_20260921_v1,s2,R2026092000021,O20260919000021,2026-09-20 12:00:00.000000,20800
t_demo,demo_20260921_v1,s2,R2026092000022,O20260919000022,2026-09-20 12:00:00.000000,20800
t_demo,demo_20260921_v1,s2,R2026092000023,O20260919000023,2026-09-20 12:00:00.000000,20800
t_demo,demo_20260921_v1,s2,R2026092000024,O20260919000024,2026-09-20 12:00:00.000000,20800
t_demo,demo_20260921_v1,s2,R2026092000025,O20260919000025,2026-09-20 12:00:00.000000,20800
t_demo,demo_20260921_v1,s3,R2026072600001,O20260726000286,2026-07-26 12:00:00.000000,20000
t_demo,demo_20260921_v1,s3,R2026072600002,O20260726000287,2026-07-26 12:00:00.000000,20000
t_demo,demo_20260921_v1,s3,R2026072600003,O20260726000288,2026-07-26 12:00:00.000000,20000
t_demo,demo_20260921_v1,s3,R2026072600004,O20260726000289,2026-07-26 12:00:00.000000,20000
t_demo,demo_20260921_v1,s3,R2026072600005,O20260726000290,2026-07-26 12:00:00.000000,20000
t_demo,demo_20260921_v1,s3,R2026072600006,O20260726000291,2026-07-26 12:00:00.000000,20000
t_demo,demo_20260921_v1,s3,R2026072600007,O20260726000292,2026-07-26 12:00:00.000000,20000
t_demo,demo_20260921_v1,s3,R2026072600008,O20260726000293,2026-07-26 12:00:00.000000,20000
t_demo,demo_20260921_v1,s3,R2026072600009,O20260726000294,2026-07-26 12:00:00.000000,20000
t_demo,demo_20260921_v1,s3,R2026072600010,O20260726000295,2026-07-26 12:00:00.000000,20000
t_demo,demo_20260921_v1,s3,R2026072600011,O20260726000296,2026-07-26 12:00:00.000000,20000
t_demo,demo_20260921_v1,s3,R2026072600012,O20260726000297,2026-07-26 12:00:00.000000,20000
t_demo,demo_20260921_v1,s3,R2026072600013,O20260726000298,2026-07-26 12:00:00.000000,20000
t_demo,demo_20260921_v1,s3,R2026072600014,O20260726000299,2026-07-26 12:00:00.000000,20000
t_demo,demo_20260921_v1,s3,R2026072600015,O20260726000300,2026-07-26 12:00:00.000000,20000
t_demo,demo_20260921_v1,s3,R2026072700001,O20260726000001,2026-07-27 12:00:00.000000,20000
t_demo,demo_20260921_v1,s3,R2026072700002,O20260726000002,2026-07-27 12:00:00.000000,20000
t_demo,demo_20260921_v1,s3,R2026072700003,O20260726000003,2026-07-27 12:00:00.000000,20000
t_demo,demo_20260921_v1,s3,R2026072700004,O20260726000004,2026-07-27 12:00:00.000000,20000
t_demo,demo_20260921_v1,s3,R2026072700005,O20260726000005,2026-07-27 12:00:00.000000,20000
t_demo,demo_20260921_v1,s3,R2026072700006,O20260726000006,2026-07-27 12:00:00.000000,20000
t_demo,demo_20260921_v1,s3,R2026072700007,O20260726000007,2026-07-27 12:00:00.000000,20000
t_demo,demo_20260921_v1,s3,R2026072700008,O20260726000008,2026-07-27 12:00:00.000000,20000
t_demo,demo_20260921_v1,s3,R2026072700009,O20260726000009,2026-07-27 12:00:00.000000,20000
t_demo,demo_20260921_v1,s3,R2026072700010,O20260726000010,2026-07-27 12:00:00.000000,20000
t_demo,demo_20260921_v1,s3,R2026072700011,O20260726000011,2026-07-27 12:00:00.000000,20000
t_demo,demo_20260921_v1,s3,R2026072700012,O20260726000012,2026-07-27 12:00:00.000000,20000
t_demo,demo_20260921_v1,s3,R2026072700013,O20260726000013,2026-07-27 12:00:00.000000,20000
t_demo,demo_20260921_v1,s3,R2026072700014,O20260726000014,2026-07-27 12:00:00.000000,20000
t_demo,demo_20260921_v1,s3,R2026072700015,O20260726000015,2026-07-27 12:00:00.000000,20000
t_demo,demo_20260921_v1,s3,R2026072800001,O20260727000001,2026-07-28 12:00:00.000000,20000
t_demo,demo_20260921_v1,s3,R2026072800002,O20260727000002,2026-07-28 12:00:00.000000,20000
t_demo,demo_20260921_v1,s3,R2026072800003,O20260727000003,2026-07-28 12:00:00.000000,20000
t_demo,demo_20260921_v1,s3,R2026072800004,O20260727000004,2026-07-28 12:00:00.000000,20000
t_demo,demo_20260921_v1,s3,R2026072800005,O20260727000005,2026-07-28 12:00:00.000000,20000
t_demo,demo_20260921_v1,s3,R2026072800006,O20260727000006,2026-07-28 12:00:00.000000,20000
t_demo,demo_20260921_v1,s3,R2026072800007,O20260727000007,2026-07-28 12:00:00.000000,20000
t_demo,demo_20260921_v1,s3,R2026072800008,O20260727000008,2026-07-28 12:00:00.000000,20000
t_demo,demo_20260921_v1,s3,R2026072800009,O20260727000009,2026-07-28 12:00:00.000000,20000
t_demo,demo_20260921_v1,s3,R2026072800010,O20260727000010,2026-07-28 12:00:00.000000,20000
t_demo,demo_20260921_v1,s3,R2026072800011,O20260727000011,2026-07-28 12:00:00.000000,20000
t_demo,demo_20260921_v1,s3,R2026072800012,O20260727000012,2026-07-28 12:00:00.000000,20000
t_demo,demo_20260921_v1,s3,R2026072800013,O20260727000013,2026-07-28 12:00:00.000000,20000
t_demo,demo_20260921_v1,s3,R2026072800014,O20260727000014,2026-07-28 12:00:00.000000,20000
t_demo,demo_20260921_v1,s3,R2026072800015,O20260727000015,2026-07-28 12:00:00.000000,20000
t_demo,demo_20260921_v1,s3,R2026072900001,O20260728000001,2026-07-29 12:00:00.000000,20000
t_demo,demo_20260921_v1,s3,R2026072900002,O20260728000002,2026-07-29 12:00:00.000000,20000
t_demo,demo_20260921_v1,s3,R2026072900003,O20260728000003,2026-07-29 12:00:00.000000,20000
t_demo,demo_20260921_v1,s3,R2026072900004,O20260728000004,2026-07-29 12:00:00.000000,20000
t_demo,demo_20260921_v1,s3,R2026072900005,O20260728000005,2026-07-29 12:00:00.000000,20000
t_demo,demo_20260921_v1,s3,R2026072900006,O20260728000006,2026-07-29 12:00:00.000000,20000
t_demo,demo_20260921_v1,s3,R2026072900007,O20260728000007,2026-07-29 12:00:00.000000,20000
t_demo,demo_20260921_v1,s3,R2026072900008,O20260728000008,2026-07-29 12:00:00.000000,20000
t_demo,demo_20260921_v1,s3,R2026072900009,O20260728000009,2026-07-29 12:00:00.000000,20000
t_demo,demo_20260921_v1,s3,R2026072900010,O20260728000010,2026-07-29 12:00:00.000000,20000
t_demo,demo_20260921_v1,s3,R2026072900011,O20260728000011,2026-07-29 12:00:00.000000,20000
t_demo,demo_20260921_v1,s3,R2026072900012,O20260728000012,2026-07-29 12:00:00.000000,20000
t_demo,demo_20260921_v1,s3,R2026072900013,O20260728000013,2026-07-29 12:00:00.000000,20000
t_demo,demo_20260921_v1,s3,R2026072900014,O20260728000014,2026-07-29 12:00:00.000000,20000
t_demo,demo_20260921_v1,s3,R2026072900015,O20260728000015,2026-07-29 12:00:00.000000,20000
t_demo,demo_20260921_v1,s3,R2026073000001,O20260729000001,2026-07-30 12:00:00.000000,20000
t_demo,demo_20260921_v1,s3,R2026073000002,O20260729000002,2026-07-30 12:00:00.000000,20000
t_demo,demo_20260921_v1,s3,R2026073000003,O20260729000003,2026-07-30 12:00:00.000000,20000
t_demo,demo_20260921_v1,s3,R2026073000004,O20260729000004,2026-07-30 12:00:00.000000,20000
t_demo,demo_20260921_v1,s3,R2026073000005,O20260729000005,2026-07-30 12:00:00.000000,20000
t_demo,demo_20260921_v1,s3,R2026073000006,O20260729000006,2026-07-30 12:00:00.000000,20000
t_demo,demo_20260921_v1,s3,R2026073000007,O20260729000007,2026-07-30 12:00:00.000000,20000
t_demo,demo_20260921_v1,s3,R2026073000008,O20260729000008,2026-07-30 12:00:00.000000,20000
t_demo,demo_20260921_v1,s3,R2026073000009,O20260729000009,2026-07-30 12:00:00.000000,20000
t_demo,demo_20260921_v1,s3,R2026073000010,O20260729000010,2026-07-30 12:00:00.000000,20000
t_demo,demo_20260921_v1,s3,R2026073000011,O20260729000011,2026-07-30 12:00:00.000000,20000
t_demo,demo_20260921_v1,s3,R2026073000012,O20260729000012,2026-07-30 12:00:00.000000,20000
t_demo,demo_20260921_v1,s3,R2026073000013,O20260729000013,2026-07-30 12:00:00.000000,20000
t_demo,demo_20260921_v1,s3,R2026073000014,O20260729000014,2026-07-30 12:00:00.000000,20000
t_demo,demo_20260921_v1,s3,R2026073000015,O20260729000015,2026-07-30 12:00:00.000000,20000
t_demo,demo_20260921_v1,s3,R2026073100001,O20260730000001,2026-07-31 12:00:00.000000,20000
t_demo,demo_20260921_v1,s3,R2026073100002,O20260730000002,2026-07-31 12:00:00.000000,20000
t_demo,demo_20260921_v1,s3,R2026073100003,O20260730000003,2026-07-31 12:00:00.000000,20000
t_demo,demo_20260921_v1,s3,R2026073100004,O20260730000004,2026-07-31 12:00:00.000000,20000
t_demo,demo_20260921_v1,s3,R2026073100005,O20260730000005,2026-07-31 12:00:00.000000,20000
t_demo,demo_20260921_v1,s3,R2026073100006,O20260730000006,2026-07-31 12:00:00.000000,20000
t_demo,demo_20260921_v1,s3,R2026073100007,O20260730000007,2026-07-31 12:00:00.000000,20000
t_demo,demo_20260921_v1,s3,R2026073100008,O20260730000008,2026-07-31 12:00:00.000000,20000
t_demo,demo_20260921_v1,s3,R2026073100009,O20260730000009,2026-07-31 12:00:00.000000,20000
t_demo,demo_20260921_v1,s3,R2026073100010,O20260730000010,2026-07-31 12:00:00.000000,20000
t_demo,demo_20260921_v1,s3,R2026073100011,O20260730000011,2026-07-31 12:00:00.000000,20000
t_demo,demo_20260921_v1,s3,R2026073100012,O20260730000012,2026-07-31 12:00:00.000000,20000
t_demo,demo_20260921_v1,s3,R2026073100013,O20260730000013,2026-07-31 12:00:00.000000,20000
t_demo,demo_20260921_v1,s3,R2026073100014,O20260730000014,2026-07-31 12:00:00.000000,20000
t_demo,demo_20260921_v1,s3,R2026073100015,O20260730000015,2026-07-31 12:00:00.000000,20000
t_demo,demo_20260921_v1,s3,R2026080100001,O20260731000001,2026-08-01 12:00:00.000000,20000
t_demo,demo_20260921_v1,s3,R2026080100002,O20260731000002,2026-08-01 12:00:00.000000,20000
t_demo,demo_20260921_v1,s3,R2026080100003,O20260731000003,2026-08-01 12:00:00.000000,20000
t_demo,demo_20260921_v1,s3,R2026080100004,O20260731000004,2026-08-01 12:00:00.000000,20000
t_demo,demo_20260921_v1,s3,R2026080100005,O20260731000005,2026-08-01 12:00:00.000000,20000
t_demo,demo_20260921_v1,s3,R2026080100006,O20260731000006,2026-08-01 12:00:00.000000,20000
t_demo,demo_20260921_v1,s3,R2026080100007,O20260731000007,2026-08-01 12:00:00.000000,20000
t_demo,demo_20260921_v1,s3,R2026080100008,O20260731000008,2026-08-01 12:00:00.000000,20000
t_demo,demo_20260921_v1,s3,R2026080100009,O20260731000009,2026-08-01 12:00:00.000000,20000
t_demo,demo_20260921_v1,s3,R2026080100010,O20260731000010,2026-08-01 12:00:00.000000,20000
t_demo,demo_20260921_v1,s3,R2026080100011,O20260731000011,2026-08-01 12:00:00.000000,20000
t_demo,demo_20260921_v1,s3,R2026080100012,O20260731000012,2026-08-01 12:00:00.000000,20000
t_demo,demo_20260921_v1,s3,R2026080100013,O20260731000013,2026-08-01 12:00:00.000000,20000
t_demo,demo_20260921_v1,s3,R2026080100014,O20260731000014,2026-08-01 12:00:00.000000,20000
t_demo,demo_20260921_v1,s3,R2026080100015,O20260731000015,2026-08-01 12:00:00.000000,20000
t_demo,demo_20260921_v1,s3,R2026080200001,O20260801000001,2026-08-02 12:00:00.000000,20000
t_demo,demo_20260921_v1,s3,R2026080200002,O20260801000002,2026-08-02 12:00:00.000000,20000
t_demo,demo_20260921_v1,s3,R2026080200003,O20260801000003,2026-08-02 12:00:00.000000,20000
t_demo,demo_20260921_v1,s3,R2026080200004,O20260801000004,2026-08-02 12:00:00.000000,20000
t_demo,demo_20260921_v1,s3,R2026080200005,O20260801000005,2026-08-02 12:00:00.000000,20000
t_demo,demo_20260921_v1,s3,R2026080200006,O20260801000006,2026-08-02 12:00:00.000000,20000
t_demo,demo_20260921_v1,s3,R2026080200007,O20260801000007,2026-08-02 12:00:00.000000,20000
t_demo,demo_20260921_v1,s3,R2026080200008,O20260801000008,2026-08-02 12:00:00.000000,20000
t_demo,demo_20260921_v1,s3,R2026080200009,O20260801000009,2026-08-02 12:00:00.000000,20000
t_demo,demo_20260921_v1,s3,R2026080200010,O20260801000010,2026-08-02 12:00:00.000000,20000
t_demo,demo_20260921_v1,s3,R2026080200011,O20260801000011,2026-08-02 12:00:00.000000,20000
t_demo,demo_20260921_v1,s3,R2026080200012,O20260801000012,2026-08-02 12:00:00.000000,20000
t_demo,demo_20260921_v1,s3,R2026080200013,O20260801000013,2026-08-02 12:00:00.000000,20000
t_demo,demo_20260921_v1,s3,R2026080200014,O20260801000014,2026-08-02 12:00:00.000000,20000
t_demo,demo_20260921_v1,s3,R2026080200015,O20260801000015,2026-08-02 12:00:00.000000,20000
t_demo,demo_20260921_v1,s3,R2026080300001,O20260802000001,2026-08-03 12:00:00.000000,20000
t_demo,demo_20260921_v1,s3,R2026080300002,O20260802000002,2026-08-03 12:00:00.000000,20000
t_demo,demo_20260921_v1,s3,R2026080300003,O20260802000003,2026-08-03 12:00:00.000000,20000
t_demo,demo_20260921_v1,s3,R2026080300004,O20260802000004,2026-08-03 12:00:00.000000,20000
t_demo,demo_20260921_v1,s3,R2026080300005,O20260802000005,2026-08-03 12:00:00.000000,20000
t_demo,demo_20260921_v1,s3,R2026080300006,O20260802000006,2026-08-03 12:00:00.000000,20000
t_demo,demo_20260921_v1,s3,R2026080300007,O20260802000007,2026-08-03 12:00:00.000000,20000
t_demo,demo_20260921_v1,s3,R2026080300008,O20260802000008,2026-08-03 12:00:00.000000,20000
t_demo,demo_20260921_v1,s3,R2026080300009,O20260802000009,2026-08-03 12:00:00.000000,20000
t_demo,demo_20260921_v1,s3,R2026080300010,O20260802000010,2026-08-03 12:00:00.000000,20000
t_demo,demo_20260921_v1,s3,R2026080300011,O20260802000011,2026-08-03 12:00:00.000000,20000
t_demo,demo_20260921_v1,s3,R2026080300012,O20260802000012,2026-08-03 12:00:00.000000,20000
t_demo,demo_20260921_v1,s3,R2026080300013,O20260802000013,2026-08-03 12:00:00.000000,20000
t_demo,demo_20260921_v1,s3,R2026080300014,O20260802000014,2026-08-03 12:00:00.000000,20000
t_demo,demo_20260921_v1,s3,R2026080300015,O20260802000015,2026-08-03 12:00:00.000000,20000
t_demo,demo_20260921_v1,s3,R2026080400001,O20260803000001,2026-08-04 12:00:00.000000,20000
t_demo,demo_20260921_v1,s3,R2026080400002,O20260803000002,2026-08-04 12:00:00.000000,20000
t_demo,demo_20260921_v1,s3,R2026080400003,O20260803000003,2026-08-04 12:00:00.000000,20000
t_demo,demo_20260921_v1,s3,R2026080400004,O20260803000004,2026-08-04 12:00:00.000000,20000
t_demo,demo_20260921_v1,s3,R2026080400005,O20260803000005,2026-08-04 12:00:00.000000,20000
t_demo,demo_20260921_v1,s3,R2026080400006,O20260803000006,2026-08-04 12:00:00.000000,20000
t_demo,demo_20260921_v1,s3,R2026080400007,O20260803000007,2026-08-04 12:00:00.000000,20000
t_demo,demo_20260921_v1,s3,R2026080400008,O20260803000008,2026-08-04 12:00:00.000000,20000
t_demo,demo_20260921_v1,s3,R2026080400009,O20260803000009,2026-08-04 12:00:00.000000,20000
t_demo,demo_20260921_v1,s3,R2026080400010,O20260803000010,2026-08-04 12:00:00.000000,20000
t_demo,demo_20260921_v1,s3,R2026080400011,O20260803000011,2026-08-04 12:00:00.000000,20000
t_demo,demo_20260921_v1,s3,R2026080400012,O20260803000012,2026-08-04 12:00:00.000000,20000
t_demo,demo_20260921_v1,s3,R2026080400013,O20260803000013,2026-08-04 12:00:00.000000,20000
t_demo,demo_20260921_v1,s3,R2026080400014,O20260803000014,2026-08-04 12:00:00.000000,20000
t_demo,demo_20260921_v1,s3,R2026080400015,O20260803000015,2026-08-04 12:00:00.000000,20000
t_demo,demo_20260921_v1,s3,R2026080500001,O20260804000001,2026-08-05 12:00:00.000000,20000
t_demo,demo_20260921_v1,s3,R2026080500002,O20260804000002,2026-08-05 12:00:00.000000,20000
t_demo,demo_20260921_v1,s3,R2026080500003,O20260804000003,2026-08-05 12:00:00.000000,20000
t_demo,demo_20260921_v1,s3,R2026080500004,O20260804000004,2026-08-05 12:00:00.000000,20000
t_demo,demo_20260921_v1,s3,R2026080500005,O20260804000005,2026-08-05 12:00:00.000000,20000
t_demo,demo_20260921_v1,s3,R2026080500006,O20260804000006,2026-08-05 12:00:00.000000,20000
t_demo,demo_20260921_v1,s3,R2026080500007,O20260804000007,2026-08-05 12:00:00.000000,20000
t_demo,demo_20260921_v1,s3,R2026080500008,O20260804000008,2026-08-05 12:00:00.000000,20000
t_demo,demo_20260921_v1,s3,R2026080500009,O20260804000009,2026-08-05 12:00:00.000000,20000
t_demo,demo_20260921_v1,s3,R2026080500010,O20260804000010,2026-08-05 12:00:00.000000,20000
t_demo,demo_20260921_v1,s3,R2026080500011,O20260804000011,2026-08-05 12:00:00.000000,20000
t_demo,demo_20260921_v1,s3,R2026080500012,O20260804000012,2026-08-05 12:00:00.000000,20000
t_demo,demo_20260921_v1,s3,R2026080500013,O20260804000013,2026-08-05 12:00:00.000000,20000
t_demo,demo_20260921_v1,s3,R2026080500014,O20260804000014,2026-08-05 12:00:00.000000,20000
t_demo,demo_20260921_v1,s3,R2026080500015,O20260804000015,2026-08-05 12:00:00.000000,20000
t_demo,demo_20260921_v1,s3,R2026080600001,O20260805000001,2026-08-06 12:00:00.000000,20000
t_demo,demo_20260921_v1,s3,R2026080600002,O20260805000002,2026-08-06 12:00:00.000000,20000
t_demo,demo_20260921_v1,s3,R2026080600003,O20260805000003,2026-08-06 12:00:00.000000,20000
t_demo,demo_20260921_v1,s3,R2026080600004,O20260805000004,2026-08-06 12:00:00.000000,20000
t_demo,demo_20260921_v1,s3,R2026080600005,O20260805000005,2026-08-06 12:00:00.000000,20000
t_demo,demo_20260921_v1,s3,R2026080600006,O20260805000006,2026-08-06 12:00:00.000000,20000
t_demo,demo_20260921_v1,s3,R2026080600007,O20260805000007,2026-08-06 12:00:00.000000,20000
t_demo,demo_20260921_v1,s3,R2026080600008,O20260805000008,2026-08-06 12:00:00.000000,20000
t_demo,demo_20260921_v1,s3,R2026080600009,O20260805000009,2026-08-06 12:00:00.000000,20000
t_demo,demo_20260921_v1,s3,R2026080600010,O20260805000010,2026-08-06 12:00:00.000000,20000
t_demo,demo_20260921_v1,s3,R2026080600011,O20260805000011,2026-08-06 12:00:00.000000,20000
t_demo,demo_20260921_v1,s3,R2026080600012,O20260805000012,2026-08-06 12:00:00.000000,20000
t_demo,demo_20260921_v1,s3,R2026080600013,O20260805000013,2026-08-06 12:00:00.000000,20000
t_demo,demo_20260921_v1,s3,R2026080600014,O20260805000014,2026-08-06 12:00:00.000000,20000
t_demo,demo_20260921_v1,s3,R2026080600015,O20260805000015,2026-08-06 12:00:00.000000,20000
t_demo,demo_20260921_v1,s3,R2026080700001,O20260806000001,2026-08-07 12:00:00.000000,20000
t_demo,demo_20260921_v1,s3,R2026080700002,O20260806000002,2026-08-07 12:00:00.000000,20000
t_demo,demo_20260921_v1,s3,R2026080700003,O20260806000003,2026-08-07 12:00:00.000000,20000
t_demo,demo_20260921_v1,s3,R2026080700004,O20260806000004,2026-08-07 12:00:00.000000,20000
t_demo,demo_20260921_v1,s3,R2026080700005,O20260806000005,2026-08-07 12:00:00.000000,20000
t_demo,demo_20260921_v1,s3,R2026080700006,O20260806000006,2026-08-07 12:00:00.000000,20000
t_demo,demo_20260921_v1,s3,R2026080700007,O20260806000007,2026-08-07 12:00:00.000000,20000
t_demo,demo_20260921_v1,s3,R2026080700008,O20260806000008,2026-08-07 12:00:00.000000,20000
t_demo,demo_20260921_v1,s3,R2026080700009,O20260806000009,2026-08-07 12:00:00.000000,20000
t_demo,demo_20260921_v1,s3,R2026080700010,O20260806000010,2026-08-07 12:00:00.000000,20000
t_demo,demo_20260921_v1,s3,R2026080700011,O20260806000011,2026-08-07 12:00:00.000000,20000
t_demo,demo_20260921_v1,s3,R2026080700012,O20260806000012,2026-08-07 12:00:00.000000,20000
t_demo,demo_20260921_v1,s3,R2026080700013,O20260806000013,2026-08-07 12:00:00.000000,20000
t_demo,demo_20260921_v1,s3,R2026080700014,O20260806000014,2026-08-07 12:00:00.000000,20000
t_demo,demo_20260921_v1,s3,R2026080700015,O20260806000015,2026-08-07 12:00:00.000000,20000
t_demo,demo_20260921_v1,s3,R2026080800001,O20260807000001,2026-08-08 12:00:00.000000,20000
t_demo,demo_20260921_v1,s3,R2026080800002,O20260807000002,2026-08-08 12:00:00.000000,20000
t_demo,demo_20260921_v1,s3,R2026080800003,O20260807000003,2026-08-08 12:00:00.000000,20000
t_demo,demo_20260921_v1,s3,R2026080800004,O20260807000004,2026-08-08 12:00:00.000000,20000
t_demo,demo_20260921_v1,s3,R2026080800005,O20260807000005,2026-08-08 12:00:00.000000,20000
t_demo,demo_20260921_v1,s3,R2026080800006,O20260807000006,2026-08-08 12:00:00.000000,20000
t_demo,demo_20260921_v1,s3,R2026080800007,O20260807000007,2026-08-08 12:00:00.000000,20000
t_demo,demo_20260921_v1,s3,R2026080800008,O20260807000008,2026-08-08 12:00:00.000000,20000
t_demo,demo_20260921_v1,s3,R2026080800009,O20260807000009,2026-08-08 12:00:00.000000,20000
t_demo,demo_20260921_v1,s3,R2026080800010,O20260807000010,2026-08-08 12:00:00.000000,20000
t_demo,demo_20260921_v1,s3,R2026080800011,O20260807000011,2026-08-08 12:00:00.000000,20000
t_demo,demo_20260921_v1,s3,R2026080800012,O20260807000012,2026-08-08 12:00:00.000000,20000
t_demo,demo_20260921_v1,s3,R2026080800013,O20260807000013,2026-08-08 12:00:00.000000,20000
t_demo,demo_20260921_v1,s3,R2026080800014,O20260807000014,2026-08-08 12:00:00.000000,20000
t_demo,demo_20260921_v1,s3,R2026080800015,O20260807000015,2026-08-08 12:00:00.000000,20000
t_demo,demo_20260921_v1,s3,R2026080900001,O20260808000001,2026-08-09 12:00:00.000000,20000
t_demo,demo_20260921_v1,s3,R2026080900002,O20260808000002,2026-08-09 12:00:00.000000,20000
t_demo,demo_20260921_v1,s3,R2026080900003,O20260808000003,2026-08-09 12:00:00.000000,20000
t_demo,demo_20260921_v1,s3,R2026080900004,O20260808000004,2026-08-09 12:00:00.000000,20000
t_demo,demo_20260921_v1,s3,R2026080900005,O20260808000005,2026-08-09 12:00:00.000000,20000
t_demo,demo_20260921_v1,s3,R2026080900006,O20260808000006,2026-08-09 12:00:00.000000,20000
t_demo,demo_20260921_v1,s3,R2026080900007,O20260808000007,2026-08-09 12:00:00.000000,20000
t_demo,demo_20260921_v1,s3,R2026080900008,O20260808000008,2026-08-09 12:00:00.000000,20000
t_demo,demo_20260921_v1,s3,R2026080900009,O20260808000009,2026-08-09 12:00:00.000000,20000
t_demo,demo_20260921_v1,s3,R2026080900010,O20260808000010,2026-08-09 12:00:00.000000,20000
t_demo,demo_20260921_v1,s3,R2026080900011,O20260808000011,2026-08-09 12:00:00.000000,20000
t_demo,demo_20260921_v1,s3,R2026080900012,O20260808000012,2026-08-09 12:00:00.000000,20000
t_demo,demo_20260921_v1,s3,R2026080900013,O20260808000013,2026-08-09 12:00:00.000000,20000
t_demo,demo_20260921_v1,s3,R2026080900014,O20260808000014,2026-08-09 12:00:00.000000,20000
t_demo,demo_20260921_v1,s3,R2026080900015,O20260808000015,2026-08-09 12:00:00.000000,20000
t_demo,demo_20260921_v1,s3,R2026081000001,O20260809000001,2026-08-10 12:00:00.000000,20000
t_demo,demo_20260921_v1,s3,R2026081000002,O20260809000002,2026-08-10 12:00:00.000000,20000
t_demo,demo_20260921_v1,s3,R2026081000003,O20260809000003,2026-08-10 12:00:00.000000,20000
t_demo,demo_20260921_v1,s3,R2026081000004,O20260809000004,2026-08-10 12:00:00.000000,20000
t_demo,demo_20260921_v1,s3,R2026081000005,O20260809000005,2026-08-10 12:00:00.000000,20000
t_demo,demo_20260921_v1,s3,R2026081000006,O20260809000006,2026-08-10 12:00:00.000000,20000
t_demo,demo_20260921_v1,s3,R2026081000007,O20260809000007,2026-08-10 12:00:00.000000,20000
t_demo,demo_20260921_v1,s3,R2026081000008,O20260809000008,2026-08-10 12:00:00.000000,20000
t_demo,demo_20260921_v1,s3,R2026081000009,O20260809000009,2026-08-10 12:00:00.000000,20000
t_demo,demo_20260921_v1,s3,R2026081000010,O20260809000010,2026-08-10 12:00:00.000000,20000
t_demo,demo_20260921_v1,s3,R2026081000011,O20260809000011,2026-08-10 12:00:00.000000,20000
t_demo,demo_20260921_v1,s3,R2026081000012,O20260809000012,2026-08-10 12:00:00.000000,20000
t_demo,demo_20260921_v1,s3,R2026081000013,O20260809000013,2026-08-10 12:00:00.000000,20000
t_demo,demo_20260921_v1,s3,R2026081000014,O20260809000014,2026-08-10 12:00:00.000000,20000
t_demo,demo_20260921_v1,s3,R2026081000015,O20260809000015,2026-08-10 12:00:00.000000,20000
t_demo,demo_20260921_v1,s3,R2026081100001,O20260810000001,2026-08-11 12:00:00.000000,20000
t_demo,demo_20260921_v1,s3,R2026081100002,O20260810000002,2026-08-11 12:00:00.000000,20000
t_demo,demo_20260921_v1,s3,R2026081100003,O20260810000003,2026-08-11 12:00:00.000000,20000
t_demo,demo_20260921_v1,s3,R2026081100004,O20260810000004,2026-08-11 12:00:00.000000,20000
t_demo,demo_20260921_v1,s3,R2026081100005,O20260810000005,2026-08-11 12:00:00.000000,20000
t_demo,demo_20260921_v1,s3,R2026081100006,O20260810000006,2026-08-11 12:00:00.000000,20000
t_demo,demo_20260921_v1,s3,R2026081100007,O20260810000007,2026-08-11 12:00:00.000000,20000
t_demo,demo_20260921_v1,s3,R2026081100008,O20260810000008,2026-08-11 12:00:00.000000,20000
t_demo,demo_20260921_v1,s3,R2026081100009,O20260810000009,2026-08-11 12:00:00.000000,20000
t_demo,demo_20260921_v1,s3,R2026081100010,O20260810000010,2026-08-11 12:00:00.000000,20000
t_demo,demo_20260921_v1,s3,R2026081100011,O20260810000011,2026-08-11 12:00:00.000000,20000
t_demo,demo_20260921_v1,s3,R2026081100012,O20260810000012,2026-08-11 12:00:00.000000,20000
t_demo,demo_20260921_v1,s3,R2026081100013,O20260810000013,2026-08-11 12:00:00.000000,20000
t_demo,demo_20260921_v1,s3,R2026081100014,O20260810000014,2026-08-11 12:00:00.000000,20000
t_demo,demo_20260921_v1,s3,R2026081100015,O20260810000015,2026-08-11 12:00:00.000000,20000
t_demo,demo_20260921_v1,s3,R2026081200001,O20260811000001,2026-08-12 12:00:00.000000,20000
t_demo,demo_20260921_v1,s3,R2026081200002,O20260811000002,2026-08-12 12:00:00.000000,20000
t_demo,demo_20260921_v1,s3,R2026081200003,O20260811000003,2026-08-12 12:00:00.000000,20000
t_demo,demo_20260921_v1,s3,R2026081200004,O20260811000004,2026-08-12 12:00:00.000000,20000
t_demo,demo_20260921_v1,s3,R2026081200005,O20260811000005,2026-08-12 12:00:00.000000,20000
t_demo,demo_20260921_v1,s3,R2026081200006,O20260811000006,2026-08-12 12:00:00.000000,20000
t_demo,demo_20260921_v1,s3,R2026081200007,O20260811000007,2026-08-12 12:00:00.000000,20000
t_demo,demo_20260921_v1,s3,R2026081200008,O20260811000008,2026-08-12 12:00:00.000000,20000
t_demo,demo_20260921_v1,s3,R2026081200009,O20260811000009,2026-08-12 12:00:00.000000,20000
t_demo,demo_20260921_v1,s3,R2026081200010,O20260811000010,2026-08-12 12:00:00.000000,20000
t_demo,demo_20260921_v1,s3,R2026081200011,O20260811000011,2026-08-12 12:00:00.000000,20000
t_demo,demo_20260921_v1,s3,R2026081200012,O20260811000012,2026-08-12 12:00:00.000000,20000
t_demo,demo_20260921_v1,s3,R2026081200013,O20260811000013,2026-08-12 12:00:00.000000,20000
t_demo,demo_20260921_v1,s3,R2026081200014,O20260811000014,2026-08-12 12:00:00.000000,20000
t_demo,demo_20260921_v1,s3,R2026081200015,O20260811000015,2026-08-12 12:00:00.000000,20000
t_demo,demo_20260921_v1,s3,R2026081300001,O20260812000001,2026-08-13 12:00:00.000000,20000
t_demo,demo_20260921_v1,s3,R2026081300002,O20260812000002,2026-08-13 12:00:00.000000,20000
t_demo,demo_20260921_v1,s3,R2026081300003,O20260812000003,2026-08-13 12:00:00.000000,20000
t_demo,demo_20260921_v1,s3,R2026081300004,O20260812000004,2026-08-13 12:00:00.000000,20000
t_demo,demo_20260921_v1,s3,R2026081300005,O20260812000005,2026-08-13 12:00:00.000000,20000
t_demo,demo_20260921_v1,s3,R2026081300006,O20260812000006,2026-08-13 12:00:00.000000,20000
t_demo,demo_20260921_v1,s3,R2026081300007,O20260812000007,2026-08-13 12:00:00.000000,20000
t_demo,demo_20260921_v1,s3,R2026081300008,O20260812000008,2026-08-13 12:00:00.000000,20000
t_demo,demo_20260921_v1,s3,R2026081300009,O20260812000009,2026-08-13 12:00:00.000000,20000
t_demo,demo_20260921_v1,s3,R2026081300010,O20260812000010,2026-08-13 12:00:00.000000,20000
t_demo,demo_20260921_v1,s3,R2026081300011,O20260812000011,2026-08-13 12:00:00.000000,20000
t_demo,demo_20260921_v1,s3,R2026081300012,O20260812000012,2026-08-13 12:00:00.000000,20000
t_demo,demo_20260921_v1,s3,R2026081300013,O20260812000013,2026-08-13 12:00:00.000000,20000
t_demo,demo_20260921_v1,s3,R2026081300014,O20260812000014,2026-08-13 12:00:00.000000,20000
t_demo,demo_20260921_v1,s3,R2026081300015,O20260812000015,2026-08-13 12:00:00.000000,20000
t_demo,demo_20260921_v1,s3,R2026081400001,O20260813000001,2026-08-14 12:00:00.000000,20000
t_demo,demo_20260921_v1,s3,R2026081400002,O20260813000002,2026-08-14 12:00:00.000000,20000
t_demo,demo_20260921_v1,s3,R2026081400003,O20260813000003,2026-08-14 12:00:00.000000,20000
t_demo,demo_20260921_v1,s3,R2026081400004,O20260813000004,2026-08-14 12:00:00.000000,20000
t_demo,demo_20260921_v1,s3,R2026081400005,O20260813000005,2026-08-14 12:00:00.000000,20000
t_demo,demo_20260921_v1,s3,R2026081400006,O20260813000006,2026-08-14 12:00:00.000000,20000
t_demo,demo_20260921_v1,s3,R2026081400007,O20260813000007,2026-08-14 12:00:00.000000,20000
t_demo,demo_20260921_v1,s3,R2026081400008,O20260813000008,2026-08-14 12:00:00.000000,20000
t_demo,demo_20260921_v1,s3,R2026081400009,O20260813000009,2026-08-14 12:00:00.000000,20000
t_demo,demo_20260921_v1,s3,R2026081400010,O20260813000010,2026-08-14 12:00:00.000000,20000
t_demo,demo_20260921_v1,s3,R2026081400011,O20260813000011,2026-08-14 12:00:00.000000,20000
t_demo,demo_20260921_v1,s3,R2026081400012,O20260813000012,2026-08-14 12:00:00.000000,20000
t_demo,demo_20260921_v1,s3,R2026081400013,O20260813000013,2026-08-14 12:00:00.000000,20000
t_demo,demo_20260921_v1,s3,R2026081400014,O20260813000014,2026-08-14 12:00:00.000000,20000
t_demo,demo_20260921_v1,s3,R2026081400015,O20260813000015,2026-08-14 12:00:00.000000,20000
t_demo,demo_20260921_v1,s3,R2026081500001,O20260814000001,2026-08-15 12:00:00.000000,20000
t_demo,demo_20260921_v1,s3,R2026081500002,O20260814000002,2026-08-15 12:00:00.000000,20000
t_demo,demo_20260921_v1,s3,R2026081500003,O20260814000003,2026-08-15 12:00:00.000000,20000
t_demo,demo_20260921_v1,s3,R2026081500004,O20260814000004,2026-08-15 12:00:00.000000,20000
t_demo,demo_20260921_v1,s3,R2026081500005,O20260814000005,2026-08-15 12:00:00.000000,20000
t_demo,demo_20260921_v1,s3,R2026081500006,O20260814000006,2026-08-15 12:00:00.000000,20000
t_demo,demo_20260921_v1,s3,R2026081500007,O20260814000007,2026-08-15 12:00:00.000000,20000
t_demo,demo_20260921_v1,s3,R2026081500008,O20260814000008,2026-08-15 12:00:00.000000,20000
t_demo,demo_20260921_v1,s3,R2026081500009,O20260814000009,2026-08-15 12:00:00.000000,20000
t_demo,demo_20260921_v1,s3,R2026081500010,O20260814000010,2026-08-15 12:00:00.000000,20000
t_demo,demo_20260921_v1,s3,R2026081500011,O20260814000011,2026-08-15 12:00:00.000000,20000
t_demo,demo_20260921_v1,s3,R2026081500012,O20260814000012,2026-08-15 12:00:00.000000,20000
t_demo,demo_20260921_v1,s3,R2026081500013,O20260814000013,2026-08-15 12:00:00.000000,20000
t_demo,demo_20260921_v1,s3,R2026081500014,O20260814000014,2026-08-15 12:00:00.000000,20000
t_demo,demo_20260921_v1,s3,R2026081500015,O20260814000015,2026-08-15 12:00:00.000000,20000
t_demo,demo_20260921_v1,s3,R2026081600001,O20260815000001,2026-08-16 12:00:00.000000,20000
t_demo,demo_20260921_v1,s3,R2026081600002,O20260815000002,2026-08-16 12:00:00.000000,20000
t_demo,demo_20260921_v1,s3,R2026081600003,O20260815000003,2026-08-16 12:00:00.000000,20000
t_demo,demo_20260921_v1,s3,R2026081600004,O20260815000004,2026-08-16 12:00:00.000000,20000
t_demo,demo_20260921_v1,s3,R2026081600005,O20260815000005,2026-08-16 12:00:00.000000,20000
t_demo,demo_20260921_v1,s3,R2026081600006,O20260815000006,2026-08-16 12:00:00.000000,20000
t_demo,demo_20260921_v1,s3,R2026081600007,O20260815000007,2026-08-16 12:00:00.000000,20000
t_demo,demo_20260921_v1,s3,R2026081600008,O20260815000008,2026-08-16 12:00:00.000000,20000
t_demo,demo_20260921_v1,s3,R2026081600009,O20260815000009,2026-08-16 12:00:00.000000,20000
t_demo,demo_20260921_v1,s3,R2026081600010,O20260815000010,2026-08-16 12:00:00.000000,20000
t_demo,demo_20260921_v1,s3,R2026081600011,O20260815000011,2026-08-16 12:00:00.000000,20000
t_demo,demo_20260921_v1,s3,R2026081600012,O20260815000012,2026-08-16 12:00:00.000000,20000
t_demo,demo_20260921_v1,s3,R2026081600013,O20260815000013,2026-08-16 12:00:00.000000,20000
t_demo,demo_20260921_v1,s3,R2026081600014,O20260815000014,2026-08-16 12:00:00.000000,20000
t_demo,demo_20260921_v1,s3,R2026081600015,O20260815000015,2026-08-16 12:00:00.000000,20000
t_demo,demo_20260921_v1,s3,R2026081700001,O20260816000001,2026-08-17 12:00:00.000000,20000
t_demo,demo_20260921_v1,s3,R2026081700002,O20260816000002,2026-08-17 12:00:00.000000,20000
t_demo,demo_20260921_v1,s3,R2026081700003,O20260816000003,2026-08-17 12:00:00.000000,20000
t_demo,demo_20260921_v1,s3,R2026081700004,O20260816000004,2026-08-17 12:00:00.000000,20000
t_demo,demo_20260921_v1,s3,R2026081700005,O20260816000005,2026-08-17 12:00:00.000000,20000
t_demo,demo_20260921_v1,s3,R2026081700006,O20260816000006,2026-08-17 12:00:00.000000,20000
t_demo,demo_20260921_v1,s3,R2026081700007,O20260816000007,2026-08-17 12:00:00.000000,20000
t_demo,demo_20260921_v1,s3,R2026081700008,O20260816000008,2026-08-17 12:00:00.000000,20000
t_demo,demo_20260921_v1,s3,R2026081700009,O20260816000009,2026-08-17 12:00:00.000000,20000
t_demo,demo_20260921_v1,s3,R2026081700010,O20260816000010,2026-08-17 12:00:00.000000,20000
t_demo,demo_20260921_v1,s3,R2026081700011,O20260816000011,2026-08-17 12:00:00.000000,20000
t_demo,demo_20260921_v1,s3,R2026081700012,O20260816000012,2026-08-17 12:00:00.000000,20000
t_demo,demo_20260921_v1,s3,R2026081700013,O20260816000013,2026-08-17 12:00:00.000000,20000
t_demo,demo_20260921_v1,s3,R2026081700014,O20260816000014,2026-08-17 12:00:00.000000,20000
t_demo,demo_20260921_v1,s3,R2026081700015,O20260816000015,2026-08-17 12:00:00.000000,20000
t_demo,demo_20260921_v1,s3,R2026081800001,O20260817000001,2026-08-18 12:00:00.000000,20000
t_demo,demo_20260921_v1,s3,R2026081800002,O20260817000002,2026-08-18 12:00:00.000000,20000
t_demo,demo_20260921_v1,s3,R2026081800003,O20260817000003,2026-08-18 12:00:00.000000,20000
t_demo,demo_20260921_v1,s3,R2026081800004,O20260817000004,2026-08-18 12:00:00.000000,20000
t_demo,demo_20260921_v1,s3,R2026081800005,O20260817000005,2026-08-18 12:00:00.000000,20000
t_demo,demo_20260921_v1,s3,R2026081800006,O20260817000006,2026-08-18 12:00:00.000000,20000
t_demo,demo_20260921_v1,s3,R2026081800007,O20260817000007,2026-08-18 12:00:00.000000,20000
t_demo,demo_20260921_v1,s3,R2026081800008,O20260817000008,2026-08-18 12:00:00.000000,20000
t_demo,demo_20260921_v1,s3,R2026081800009,O20260817000009,2026-08-18 12:00:00.000000,20000
t_demo,demo_20260921_v1,s3,R2026081800010,O20260817000010,2026-08-18 12:00:00.000000,20000
t_demo,demo_20260921_v1,s3,R2026081800011,O20260817000011,2026-08-18 12:00:00.000000,20000
t_demo,demo_20260921_v1,s3,R2026081800012,O20260817000012,2026-08-18 12:00:00.000000,20000
t_demo,demo_20260921_v1,s3,R2026081800013,O20260817000013,2026-08-18 12:00:00.000000,20000
t_demo,demo_20260921_v1,s3,R2026081800014,O20260817000014,2026-08-18 12:00:00.000000,20000
t_demo,demo_20260921_v1,s3,R2026081800015,O20260817000015,2026-08-18 12:00:00.000000,20000
t_demo,demo_20260921_v1,s3,R2026081900001,O20260818000001,2026-08-19 12:00:00.000000,20000
t_demo,demo_20260921_v1,s3,R2026081900002,O20260818000002,2026-08-19 12:00:00.000000,20000
t_demo,demo_20260921_v1,s3,R2026081900003,O20260818000003,2026-08-19 12:00:00.000000,20000
t_demo,demo_20260921_v1,s3,R2026081900004,O20260818000004,2026-08-19 12:00:00.000000,20000
t_demo,demo_20260921_v1,s3,R2026081900005,O20260818000005,2026-08-19 12:00:00.000000,20000
t_demo,demo_20260921_v1,s3,R2026081900006,O20260818000006,2026-08-19 12:00:00.000000,20000
t_demo,demo_20260921_v1,s3,R2026081900007,O20260818000007,2026-08-19 12:00:00.000000,20000
t_demo,demo_20260921_v1,s3,R2026081900008,O20260818000008,2026-08-19 12:00:00.000000,20000
t_demo,demo_20260921_v1,s3,R2026081900009,O20260818000009,2026-08-19 12:00:00.000000,20000
t_demo,demo_20260921_v1,s3,R2026081900010,O20260818000010,2026-08-19 12:00:00.000000,20000
t_demo,demo_20260921_v1,s3,R2026081900011,O20260818000011,2026-08-19 12:00:00.000000,20000
t_demo,demo_20260921_v1,s3,R2026081900012,O20260818000012,2026-08-19 12:00:00.000000,20000
t_demo,demo_20260921_v1,s3,R2026081900013,O20260818000013,2026-08-19 12:00:00.000000,20000
t_demo,demo_20260921_v1,s3,R2026081900014,O20260818000014,2026-08-19 12:00:00.000000,20000
t_demo,demo_20260921_v1,s3,R2026081900015,O20260818000015,2026-08-19 12:00:00.000000,20000
t_demo,demo_20260921_v1,s3,R2026082000001,O20260819000001,2026-08-20 12:00:00.000000,20000
t_demo,demo_20260921_v1,s3,R2026082000002,O20260819000002,2026-08-20 12:00:00.000000,20000
t_demo,demo_20260921_v1,s3,R2026082000003,O20260819000003,2026-08-20 12:00:00.000000,20000
t_demo,demo_20260921_v1,s3,R2026082000004,O20260819000004,2026-08-20 12:00:00.000000,20000
t_demo,demo_20260921_v1,s3,R2026082000005,O20260819000005,2026-08-20 12:00:00.000000,20000
t_demo,demo_20260921_v1,s3,R2026082000006,O20260819000006,2026-08-20 12:00:00.000000,20000
t_demo,demo_20260921_v1,s3,R2026082000007,O20260819000007,2026-08-20 12:00:00.000000,20000
t_demo,demo_20260921_v1,s3,R2026082000008,O20260819000008,2026-08-20 12:00:00.000000,20000
t_demo,demo_20260921_v1,s3,R2026082000009,O20260819000009,2026-08-20 12:00:00.000000,20000
t_demo,demo_20260921_v1,s3,R2026082000010,O20260819000010,2026-08-20 12:00:00.000000,20000
t_demo,demo_20260921_v1,s3,R2026082000011,O20260819000011,2026-08-20 12:00:00.000000,20000
t_demo,demo_20260921_v1,s3,R2026082000012,O20260819000012,2026-08-20 12:00:00.000000,20000
t_demo,demo_20260921_v1,s3,R2026082000013,O20260819000013,2026-08-20 12:00:00.000000,20000
t_demo,demo_20260921_v1,s3,R2026082000014,O20260819000014,2026-08-20 12:00:00.000000,20000
t_demo,demo_20260921_v1,s3,R2026082000015,O20260819000015,2026-08-20 12:00:00.000000,20000
t_demo,demo_20260921_v1,s3,R2026082100001,O20260820000001,2026-08-21 12:00:00.000000,20000
t_demo,demo_20260921_v1,s3,R2026082100002,O20260820000002,2026-08-21 12:00:00.000000,20000
t_demo,demo_20260921_v1,s3,R2026082100003,O20260820000003,2026-08-21 12:00:00.000000,20000
t_demo,demo_20260921_v1,s3,R2026082100004,O20260820000004,2026-08-21 12:00:00.000000,20000
t_demo,demo_20260921_v1,s3,R2026082100005,O20260820000005,2026-08-21 12:00:00.000000,20000
t_demo,demo_20260921_v1,s3,R2026082100006,O20260820000006,2026-08-21 12:00:00.000000,20000
t_demo,demo_20260921_v1,s3,R2026082100007,O20260820000007,2026-08-21 12:00:00.000000,20000
t_demo,demo_20260921_v1,s3,R2026082100008,O20260820000008,2026-08-21 12:00:00.000000,20000
t_demo,demo_20260921_v1,s3,R2026082100009,O20260820000009,2026-08-21 12:00:00.000000,20000
t_demo,demo_20260921_v1,s3,R2026082100010,O20260820000010,2026-08-21 12:00:00.000000,20000
t_demo,demo_20260921_v1,s3,R2026082100011,O20260820000011,2026-08-21 12:00:00.000000,20000
t_demo,demo_20260921_v1,s3,R2026082100012,O20260820000012,2026-08-21 12:00:00.000000,20000
t_demo,demo_20260921_v1,s3,R2026082100013,O20260820000013,2026-08-21 12:00:00.000000,20000
t_demo,demo_20260921_v1,s3,R2026082100014,O20260820000014,2026-08-21 12:00:00.000000,20000
t_demo,demo_20260921_v1,s3,R2026082100015,O20260820000015,2026-08-21 12:00:00.000000,20000
t_demo,demo_20260921_v1,s3,R2026082200001,O20260821000001,2026-08-22 12:00:00.000000,20000
t_demo,demo_20260921_v1,s3,R2026082200002,O20260821000002,2026-08-22 12:00:00.000000,20000
t_demo,demo_20260921_v1,s3,R2026082200003,O20260821000003,2026-08-22 12:00:00.000000,20000
t_demo,demo_20260921_v1,s3,R2026082200004,O20260821000004,2026-08-22 12:00:00.000000,20000
t_demo,demo_20260921_v1,s3,R2026082200005,O20260821000005,2026-08-22 12:00:00.000000,20000
t_demo,demo_20260921_v1,s3,R2026082200006,O20260821000006,2026-08-22 12:00:00.000000,20000
t_demo,demo_20260921_v1,s3,R2026082200007,O20260821000007,2026-08-22 12:00:00.000000,20000
t_demo,demo_20260921_v1,s3,R2026082200008,O20260821000008,2026-08-22 12:00:00.000000,20000
t_demo,demo_20260921_v1,s3,R2026082200009,O20260821000009,2026-08-22 12:00:00.000000,20000
t_demo,demo_20260921_v1,s3,R2026082200010,O20260821000010,2026-08-22 12:00:00.000000,20000
t_demo,demo_20260921_v1,s3,R2026082200011,O20260821000011,2026-08-22 12:00:00.000000,20000
t_demo,demo_20260921_v1,s3,R2026082200012,O20260821000012,2026-08-22 12:00:00.000000,20000
t_demo,demo_20260921_v1,s3,R2026082200013,O20260821000013,2026-08-22 12:00:00.000000,20000
t_demo,demo_20260921_v1,s3,R2026082200014,O20260821000014,2026-08-22 12:00:00.000000,20000
t_demo,demo_20260921_v1,s3,R2026082200015,O20260821000015,2026-08-22 12:00:00.000000,20000
t_demo,demo_20260921_v1,s3,R2026082300001,O20260822000001,2026-08-23 12:00:00.000000,20000
t_demo,demo_20260921_v1,s3,R2026082300002,O20260822000002,2026-08-23 12:00:00.000000,20000
t_demo,demo_20260921_v1,s3,R2026082300003,O20260822000003,2026-08-23 12:00:00.000000,20000
t_demo,demo_20260921_v1,s3,R2026082300004,O20260822000004,2026-08-23 12:00:00.000000,20000
t_demo,demo_20260921_v1,s3,R2026082300005,O20260822000005,2026-08-23 12:00:00.000000,20000
t_demo,demo_20260921_v1,s3,R2026082300006,O20260822000006,2026-08-23 12:00:00.000000,20000
t_demo,demo_20260921_v1,s3,R2026082300007,O20260822000007,2026-08-23 12:00:00.000000,20000
t_demo,demo_20260921_v1,s3,R2026082300008,O20260822000008,2026-08-23 12:00:00.000000,20000
t_demo,demo_20260921_v1,s3,R2026082300009,O20260822000009,2026-08-23 12:00:00.000000,20000
t_demo,demo_20260921_v1,s3,R2026082300010,O20260822000010,2026-08-23 12:00:00.000000,20000
t_demo,demo_20260921_v1,s3,R2026082300011,O20260822000011,2026-08-23 12:00:00.000000,20000
t_demo,demo_20260921_v1,s3,R2026082300012,O20260822000012,2026-08-23 12:00:00.000000,20000
t_demo,demo_20260921_v1,s3,R2026082300013,O20260822000013,2026-08-23 12:00:00.000000,20000
t_demo,demo_20260921_v1,s3,R2026082300014,O20260822000014,2026-08-23 12:00:00.000000,20000
t_demo,demo_20260921_v1,s3,R2026082300015,O20260822000015,2026-08-23 12:00:00.000000,20000
t_demo,demo_20260921_v1,s3,R2026082400001,O20260823000001,2026-08-24 12:00:00.000000,20000
t_demo,demo_20260921_v1,s3,R2026082400002,O20260823000002,2026-08-24 12:00:00.000000,20000
t_demo,demo_20260921_v1,s3,R2026082400003,O20260823000003,2026-08-24 12:00:00.000000,20000
t_demo,demo_20260921_v1,s3,R2026082400004,O20260823000004,2026-08-24 12:00:00.000000,20000
t_demo,demo_20260921_v1,s3,R2026082400005,O20260823000005,2026-08-24 12:00:00.000000,20000
t_demo,demo_20260921_v1,s3,R2026082400006,O20260823000006,2026-08-24 12:00:00.000000,20000
t_demo,demo_20260921_v1,s3,R2026082400007,O20260823000007,2026-08-24 12:00:00.000000,20000
t_demo,demo_20260921_v1,s3,R2026082400008,O20260823000008,2026-08-24 12:00:00.000000,20000
t_demo,demo_20260921_v1,s3,R2026082400009,O20260823000009,2026-08-24 12:00:00.000000,20000
t_demo,demo_20260921_v1,s3,R2026082400010,O20260823000010,2026-08-24 12:00:00.000000,20000
t_demo,demo_20260921_v1,s3,R2026082400011,O20260823000011,2026-08-24 12:00:00.000000,20000
t_demo,demo_20260921_v1,s3,R2026082400012,O20260823000012,2026-08-24 12:00:00.000000,20000
t_demo,demo_20260921_v1,s3,R2026082400013,O20260823000013,2026-08-24 12:00:00.000000,20000
t_demo,demo_20260921_v1,s3,R2026082400014,O20260823000014,2026-08-24 12:00:00.000000,20000
t_demo,demo_20260921_v1,s3,R2026082400015,O20260823000015,2026-08-24 12:00:00.000000,20000
t_demo,demo_20260921_v1,s3,R2026082500001,O20260824000001,2026-08-25 12:00:00.000000,20000
t_demo,demo_20260921_v1,s3,R2026082500002,O20260824000002,2026-08-25 12:00:00.000000,20000
t_demo,demo_20260921_v1,s3,R2026082500003,O20260824000003,2026-08-25 12:00:00.000000,20000
t_demo,demo_20260921_v1,s3,R2026082500004,O20260824000004,2026-08-25 12:00:00.000000,20000
t_demo,demo_20260921_v1,s3,R2026082500005,O20260824000005,2026-08-25 12:00:00.000000,20000
t_demo,demo_20260921_v1,s3,R2026082500006,O20260824000006,2026-08-25 12:00:00.000000,20000
t_demo,demo_20260921_v1,s3,R2026082500007,O20260824000007,2026-08-25 12:00:00.000000,20000
t_demo,demo_20260921_v1,s3,R2026082500008,O20260824000008,2026-08-25 12:00:00.000000,20000
t_demo,demo_20260921_v1,s3,R2026082500009,O20260824000009,2026-08-25 12:00:00.000000,20000
t_demo,demo_20260921_v1,s3,R2026082500010,O20260824000010,2026-08-25 12:00:00.000000,20000
t_demo,demo_20260921_v1,s3,R2026082500011,O20260824000011,2026-08-25 12:00:00.000000,20000
t_demo,demo_20260921_v1,s3,R2026082500012,O20260824000012,2026-08-25 12:00:00.000000,20000
t_demo,demo_20260921_v1,s3,R2026082500013,O20260824000013,2026-08-25 12:00:00.000000,20000
t_demo,demo_20260921_v1,s3,R2026082500014,O20260824000014,2026-08-25 12:00:00.000000,20000
t_demo,demo_20260921_v1,s3,R2026082500015,O20260824000015,2026-08-25 12:00:00.000000,20000
t_demo,demo_20260921_v1,s3,R2026082600001,O20260825000001,2026-08-26 12:00:00.000000,20000
t_demo,demo_20260921_v1,s3,R2026082600002,O20260825000002,2026-08-26 12:00:00.000000,20000
t_demo,demo_20260921_v1,s3,R2026082600003,O20260825000003,2026-08-26 12:00:00.000000,20000
t_demo,demo_20260921_v1,s3,R2026082600004,O20260825000004,2026-08-26 12:00:00.000000,20000
t_demo,demo_20260921_v1,s3,R2026082600005,O20260825000005,2026-08-26 12:00:00.000000,20000
t_demo,demo_20260921_v1,s3,R2026082600006,O20260825000006,2026-08-26 12:00:00.000000,20000
t_demo,demo_20260921_v1,s3,R2026082600007,O20260825000007,2026-08-26 12:00:00.000000,20000
t_demo,demo_20260921_v1,s3,R2026082600008,O20260825000008,2026-08-26 12:00:00.000000,20000
t_demo,demo_20260921_v1,s3,R2026082600009,O20260825000009,2026-08-26 12:00:00.000000,20000
t_demo,demo_20260921_v1,s3,R2026082600010,O20260825000010,2026-08-26 12:00:00.000000,20000
t_demo,demo_20260921_v1,s3,R2026082600011,O20260825000011,2026-08-26 12:00:00.000000,20000
t_demo,demo_20260921_v1,s3,R2026082600012,O20260825000012,2026-08-26 12:00:00.000000,20000
t_demo,demo_20260921_v1,s3,R2026082600013,O20260825000013,2026-08-26 12:00:00.000000,20000
t_demo,demo_20260921_v1,s3,R2026082600014,O20260825000014,2026-08-26 12:00:00.000000,20000
t_demo,demo_20260921_v1,s3,R2026082600015,O20260825000015,2026-08-26 12:00:00.000000,20000
t_demo,demo_20260921_v1,s3,R2026082700001,O20260826000001,2026-08-27 12:00:00.000000,20000
t_demo,demo_20260921_v1,s3,R2026082700002,O20260826000002,2026-08-27 12:00:00.000000,20000
t_demo,demo_20260921_v1,s3,R2026082700003,O20260826000003,2026-08-27 12:00:00.000000,20000
t_demo,demo_20260921_v1,s3,R2026082700004,O20260826000004,2026-08-27 12:00:00.000000,20000
t_demo,demo_20260921_v1,s3,R2026082700005,O20260826000005,2026-08-27 12:00:00.000000,20000
t_demo,demo_20260921_v1,s3,R2026082700006,O20260826000006,2026-08-27 12:00:00.000000,20000
t_demo,demo_20260921_v1,s3,R2026082700007,O20260826000007,2026-08-27 12:00:00.000000,20000
t_demo,demo_20260921_v1,s3,R2026082700008,O20260826000008,2026-08-27 12:00:00.000000,20000
t_demo,demo_20260921_v1,s3,R2026082700009,O20260826000009,2026-08-27 12:00:00.000000,20000
t_demo,demo_20260921_v1,s3,R2026082700010,O20260826000010,2026-08-27 12:00:00.000000,20000
t_demo,demo_20260921_v1,s3,R2026082700011,O20260826000011,2026-08-27 12:00:00.000000,20000
t_demo,demo_20260921_v1,s3,R2026082700012,O20260826000012,2026-08-27 12:00:00.000000,20000
t_demo,demo_20260921_v1,s3,R2026082700013,O20260826000013,2026-08-27 12:00:00.000000,20000
t_demo,demo_20260921_v1,s3,R2026082700014,O20260826000014,2026-08-27 12:00:00.000000,20000
t_demo,demo_20260921_v1,s3,R2026082700015,O20260826000015,2026-08-27 12:00:00.000000,20000
t_demo,demo_20260921_v1,s3,R2026082800001,O20260827000001,2026-08-28 12:00:00.000000,20000
t_demo,demo_20260921_v1,s3,R2026082800002,O20260827000002,2026-08-28 12:00:00.000000,20000
t_demo,demo_20260921_v1,s3,R2026082800003,O20260827000003,2026-08-28 12:00:00.000000,20000
t_demo,demo_20260921_v1,s3,R2026082800004,O20260827000004,2026-08-28 12:00:00.000000,20000
t_demo,demo_20260921_v1,s3,R2026082800005,O20260827000005,2026-08-28 12:00:00.000000,20000
t_demo,demo_20260921_v1,s3,R2026082800006,O20260827000006,2026-08-28 12:00:00.000000,20000
t_demo,demo_20260921_v1,s3,R2026082800007,O20260827000007,2026-08-28 12:00:00.000000,20000
t_demo,demo_20260921_v1,s3,R2026082800008,O20260827000008,2026-08-28 12:00:00.000000,20000
t_demo,demo_20260921_v1,s3,R2026082800009,O20260827000009,2026-08-28 12:00:00.000000,20000
t_demo,demo_20260921_v1,s3,R2026082800010,O20260827000010,2026-08-28 12:00:00.000000,20000
t_demo,demo_20260921_v1,s3,R2026082800011,O20260827000011,2026-08-28 12:00:00.000000,20000
t_demo,demo_20260921_v1,s3,R2026082800012,O20260827000012,2026-08-28 12:00:00.000000,20000
t_demo,demo_20260921_v1,s3,R2026082800013,O20260827000013,2026-08-28 12:00:00.000000,20000
t_demo,demo_20260921_v1,s3,R2026082800014,O20260827000014,2026-08-28 12:00:00.000000,20000
t_demo,demo_20260921_v1,s3,R2026082800015,O20260827000015,2026-08-28 12:00:00.000000,20000
t_demo,demo_20260921_v1,s3,R2026082900001,O20260828000001,2026-08-29 12:00:00.000000,20000
t_demo,demo_20260921_v1,s3,R2026082900002,O20260828000002,2026-08-29 12:00:00.000000,20000
t_demo,demo_20260921_v1,s3,R2026082900003,O20260828000003,2026-08-29 12:00:00.000000,20000
t_demo,demo_20260921_v1,s3,R2026082900004,O20260828000004,2026-08-29 12:00:00.000000,20000
t_demo,demo_20260921_v1,s3,R2026082900005,O20260828000005,2026-08-29 12:00:00.000000,20000
t_demo,demo_20260921_v1,s3,R2026082900006,O20260828000006,2026-08-29 12:00:00.000000,20000
t_demo,demo_20260921_v1,s3,R2026082900007,O20260828000007,2026-08-29 12:00:00.000000,20000
t_demo,demo_20260921_v1,s3,R2026082900008,O20260828000008,2026-08-29 12:00:00.000000,20000
t_demo,demo_20260921_v1,s3,R2026082900009,O20260828000009,2026-08-29 12:00:00.000000,20000
t_demo,demo_20260921_v1,s3,R2026082900010,O20260828000010,2026-08-29 12:00:00.000000,20000
t_demo,demo_20260921_v1,s3,R2026082900011,O20260828000011,2026-08-29 12:00:00.000000,20000
t_demo,demo_20260921_v1,s3,R2026082900012,O20260828000012,2026-08-29 12:00:00.000000,20000
t_demo,demo_20260921_v1,s3,R2026082900013,O20260828000013,2026-08-29 12:00:00.000000,20000
t_demo,demo_20260921_v1,s3,R2026082900014,O20260828000014,2026-08-29 12:00:00.000000,20000
t_demo,demo_20260921_v1,s3,R2026082900015,O20260828000015,2026-08-29 12:00:00.000000,20000
t_demo,demo_20260921_v1,s3,R2026083000001,O20260829000001,2026-08-30 12:00:00.000000,20000
t_demo,demo_20260921_v1,s3,R2026083000002,O20260829000002,2026-08-30 12:00:00.000000,20000
t_demo,demo_20260921_v1,s3,R2026083000003,O20260829000003,2026-08-30 12:00:00.000000,20000
t_demo,demo_20260921_v1,s3,R2026083000004,O20260829000004,2026-08-30 12:00:00.000000,20000
t_demo,demo_20260921_v1,s3,R2026083000005,O20260829000005,2026-08-30 12:00:00.000000,20000
t_demo,demo_20260921_v1,s3,R2026083000006,O20260829000006,2026-08-30 12:00:00.000000,20000
t_demo,demo_20260921_v1,s3,R2026083000007,O20260829000007,2026-08-30 12:00:00.000000,20000
t_demo,demo_20260921_v1,s3,R2026083000008,O20260829000008,2026-08-30 12:00:00.000000,20000
t_demo,demo_20260921_v1,s3,R2026083000009,O20260829000009,2026-08-30 12:00:00.000000,20000
t_demo,demo_20260921_v1,s3,R2026083000010,O20260829000010,2026-08-30 12:00:00.000000,20000
t_demo,demo_20260921_v1,s3,R2026083000011,O20260829000011,2026-08-30 12:00:00.000000,20000
t_demo,demo_20260921_v1,s3,R2026083000012,O20260829000012,2026-08-30 12:00:00.000000,20000
t_demo,demo_20260921_v1,s3,R2026083000013,O20260829000013,2026-08-30 12:00:00.000000,20000
t_demo,demo_20260921_v1,s3,R2026083000014,O20260829000014,2026-08-30 12:00:00.000000,20000
t_demo,demo_20260921_v1,s3,R2026083000015,O20260829000015,2026-08-30 12:00:00.000000,20000
t_demo,demo_20260921_v1,s3,R2026083100001,O20260830000001,2026-08-31 12:00:00.000000,20000
t_demo,demo_20260921_v1,s3,R2026083100002,O20260830000002,2026-08-31 12:00:00.000000,20000
t_demo,demo_20260921_v1,s3,R2026083100003,O20260830000003,2026-08-31 12:00:00.000000,20000
t_demo,demo_20260921_v1,s3,R2026083100004,O20260830000004,2026-08-31 12:00:00.000000,20000
t_demo,demo_20260921_v1,s3,R2026083100005,O20260830000005,2026-08-31 12:00:00.000000,20000
t_demo,demo_20260921_v1,s3,R2026083100006,O20260830000006,2026-08-31 12:00:00.000000,20000
t_demo,demo_20260921_v1,s3,R2026083100007,O20260830000007,2026-08-31 12:00:00.000000,20000
t_demo,demo_20260921_v1,s3,R2026083100008,O20260830000008,2026-08-31 12:00:00.000000,20000
t_demo,demo_20260921_v1,s3,R2026083100009,O20260830000009,2026-08-31 12:00:00.000000,20000
t_demo,demo_20260921_v1,s3,R2026083100010,O20260830000010,2026-08-31 12:00:00.000000,20000
t_demo,demo_20260921_v1,s3,R2026083100011,O20260830000011,2026-08-31 12:00:00.000000,20000
t_demo,demo_20260921_v1,s3,R2026083100012,O20260830000012,2026-08-31 12:00:00.000000,20000
t_demo,demo_20260921_v1,s3,R2026083100013,O20260830000013,2026-08-31 12:00:00.000000,20000
t_demo,demo_20260921_v1,s3,R2026083100014,O20260830000014,2026-08-31 12:00:00.000000,20000
t_demo,demo_20260921_v1,s3,R2026083100015,O20260830000015,2026-08-31 12:00:00.000000,20000
t_demo,demo_20260921_v1,s3,R2026090100001,O20260831000001,2026-09-01 12:00:00.000000,20000
t_demo,demo_20260921_v1,s3,R2026090100002,O20260831000002,2026-09-01 12:00:00.000000,20000
t_demo,demo_20260921_v1,s3,R2026090100003,O20260831000003,2026-09-01 12:00:00.000000,20000
t_demo,demo_20260921_v1,s3,R2026090100004,O20260831000004,2026-09-01 12:00:00.000000,20000
t_demo,demo_20260921_v1,s3,R2026090100005,O20260831000005,2026-09-01 12:00:00.000000,20000
t_demo,demo_20260921_v1,s3,R2026090100006,O20260831000006,2026-09-01 12:00:00.000000,20000
t_demo,demo_20260921_v1,s3,R2026090100007,O20260831000007,2026-09-01 12:00:00.000000,20000
t_demo,demo_20260921_v1,s3,R2026090100008,O20260831000008,2026-09-01 12:00:00.000000,20000
t_demo,demo_20260921_v1,s3,R2026090100009,O20260831000009,2026-09-01 12:00:00.000000,20000
t_demo,demo_20260921_v1,s3,R2026090100010,O20260831000010,2026-09-01 12:00:00.000000,20000
t_demo,demo_20260921_v1,s3,R2026090100011,O20260831000011,2026-09-01 12:00:00.000000,20000
t_demo,demo_20260921_v1,s3,R2026090100012,O20260831000012,2026-09-01 12:00:00.000000,20000
t_demo,demo_20260921_v1,s3,R2026090100013,O20260831000013,2026-09-01 12:00:00.000000,20000
t_demo,demo_20260921_v1,s3,R2026090100014,O20260831000014,2026-09-01 12:00:00.000000,20000
t_demo,demo_20260921_v1,s3,R2026090100015,O20260831000015,2026-09-01 12:00:00.000000,20000
t_demo,demo_20260921_v1,s3,R2026090200001,O20260901000001,2026-09-02 12:00:00.000000,20000
t_demo,demo_20260921_v1,s3,R2026090200002,O20260901000002,2026-09-02 12:00:00.000000,20000
t_demo,demo_20260921_v1,s3,R2026090200003,O20260901000003,2026-09-02 12:00:00.000000,20000
t_demo,demo_20260921_v1,s3,R2026090200004,O20260901000004,2026-09-02 12:00:00.000000,20000
t_demo,demo_20260921_v1,s3,R2026090200005,O20260901000005,2026-09-02 12:00:00.000000,20000
t_demo,demo_20260921_v1,s3,R2026090200006,O20260901000006,2026-09-02 12:00:00.000000,20000
t_demo,demo_20260921_v1,s3,R2026090200007,O20260901000007,2026-09-02 12:00:00.000000,20000
t_demo,demo_20260921_v1,s3,R2026090200008,O20260901000008,2026-09-02 12:00:00.000000,20000
t_demo,demo_20260921_v1,s3,R2026090200009,O20260901000009,2026-09-02 12:00:00.000000,20000
t_demo,demo_20260921_v1,s3,R2026090200010,O20260901000010,2026-09-02 12:00:00.000000,20000
t_demo,demo_20260921_v1,s3,R2026090200011,O20260901000011,2026-09-02 12:00:00.000000,20000
t_demo,demo_20260921_v1,s3,R2026090200012,O20260901000012,2026-09-02 12:00:00.000000,20000
t_demo,demo_20260921_v1,s3,R2026090200013,O20260901000013,2026-09-02 12:00:00.000000,20000
t_demo,demo_20260921_v1,s3,R2026090200014,O20260901000014,2026-09-02 12:00:00.000000,20000
t_demo,demo_20260921_v1,s3,R2026090200015,O20260901000015,2026-09-02 12:00:00.000000,20000
t_demo,demo_20260921_v1,s3,R2026090300001,O20260902000001,2026-09-03 12:00:00.000000,20000
t_demo,demo_20260921_v1,s3,R2026090300002,O20260902000002,2026-09-03 12:00:00.000000,20000
t_demo,demo_20260921_v1,s3,R2026090300003,O20260902000003,2026-09-03 12:00:00.000000,20000
t_demo,demo_20260921_v1,s3,R2026090300004,O20260902000004,2026-09-03 12:00:00.000000,20000
t_demo,demo_20260921_v1,s3,R2026090300005,O20260902000005,2026-09-03 12:00:00.000000,20000
t_demo,demo_20260921_v1,s3,R2026090300006,O20260902000006,2026-09-03 12:00:00.000000,20000
t_demo,demo_20260921_v1,s3,R2026090300007,O20260902000007,2026-09-03 12:00:00.000000,20000
t_demo,demo_20260921_v1,s3,R2026090300008,O20260902000008,2026-09-03 12:00:00.000000,20000
t_demo,demo_20260921_v1,s3,R2026090300009,O20260902000009,2026-09-03 12:00:00.000000,20000
t_demo,demo_20260921_v1,s3,R2026090300010,O20260902000010,2026-09-03 12:00:00.000000,20000
t_demo,demo_20260921_v1,s3,R2026090300011,O20260902000011,2026-09-03 12:00:00.000000,20000
t_demo,demo_20260921_v1,s3,R2026090300012,O20260902000012,2026-09-03 12:00:00.000000,20000
t_demo,demo_20260921_v1,s3,R2026090300013,O20260902000013,2026-09-03 12:00:00.000000,20000
t_demo,demo_20260921_v1,s3,R2026090300014,O20260902000014,2026-09-03 12:00:00.000000,20000
t_demo,demo_20260921_v1,s3,R2026090300015,O20260902000015,2026-09-03 12:00:00.000000,20000
t_demo,demo_20260921_v1,s3,R2026090400001,O20260903000001,2026-09-04 12:00:00.000000,20000
t_demo,demo_20260921_v1,s3,R2026090400002,O20260903000002,2026-09-04 12:00:00.000000,20000
t_demo,demo_20260921_v1,s3,R2026090400003,O20260903000003,2026-09-04 12:00:00.000000,20000
t_demo,demo_20260921_v1,s3,R2026090400004,O20260903000004,2026-09-04 12:00:00.000000,20000
t_demo,demo_20260921_v1,s3,R2026090400005,O20260903000005,2026-09-04 12:00:00.000000,20000
t_demo,demo_20260921_v1,s3,R2026090400006,O20260903000006,2026-09-04 12:00:00.000000,20000
t_demo,demo_20260921_v1,s3,R2026090400007,O20260903000007,2026-09-04 12:00:00.000000,20000
t_demo,demo_20260921_v1,s3,R2026090400008,O20260903000008,2026-09-04 12:00:00.000000,20000
t_demo,demo_20260921_v1,s3,R2026090400009,O20260903000009,2026-09-04 12:00:00.000000,20000
t_demo,demo_20260921_v1,s3,R2026090400010,O20260903000010,2026-09-04 12:00:00.000000,20000
t_demo,demo_20260921_v1,s3,R2026090400011,O20260903000011,2026-09-04 12:00:00.000000,20000
t_demo,demo_20260921_v1,s3,R2026090400012,O20260903000012,2026-09-04 12:00:00.000000,20000
t_demo,demo_20260921_v1,s3,R2026090400013,O20260903000013,2026-09-04 12:00:00.000000,20000
t_demo,demo_20260921_v1,s3,R2026090400014,O20260903000014,2026-09-04 12:00:00.000000,20000
t_demo,demo_20260921_v1,s3,R2026090400015,O20260903000015,2026-09-04 12:00:00.000000,20000
t_demo,demo_20260921_v1,s3,R2026090500001,O20260904000001,2026-09-05 12:00:00.000000,20000
t_demo,demo_20260921_v1,s3,R2026090500002,O20260904000002,2026-09-05 12:00:00.000000,20000
t_demo,demo_20260921_v1,s3,R2026090500003,O20260904000003,2026-09-05 12:00:00.000000,20000
t_demo,demo_20260921_v1,s3,R2026090500004,O20260904000004,2026-09-05 12:00:00.000000,20000
t_demo,demo_20260921_v1,s3,R2026090500005,O20260904000005,2026-09-05 12:00:00.000000,20000
t_demo,demo_20260921_v1,s3,R2026090500006,O20260904000006,2026-09-05 12:00:00.000000,20000
t_demo,demo_20260921_v1,s3,R2026090500007,O20260904000007,2026-09-05 12:00:00.000000,20000
t_demo,demo_20260921_v1,s3,R2026090500008,O20260904000008,2026-09-05 12:00:00.000000,20000
t_demo,demo_20260921_v1,s3,R2026090500009,O20260904000009,2026-09-05 12:00:00.000000,20000
t_demo,demo_20260921_v1,s3,R2026090500010,O20260904000010,2026-09-05 12:00:00.000000,20000
t_demo,demo_20260921_v1,s3,R2026090500011,O20260904000011,2026-09-05 12:00:00.000000,20000
t_demo,demo_20260921_v1,s3,R2026090500012,O20260904000012,2026-09-05 12:00:00.000000,20000
t_demo,demo_20260921_v1,s3,R2026090500013,O20260904000013,2026-09-05 12:00:00.000000,20000
t_demo,demo_20260921_v1,s3,R2026090500014,O20260904000014,2026-09-05 12:00:00.000000,20000
t_demo,demo_20260921_v1,s3,R2026090500015,O20260904000015,2026-09-05 12:00:00.000000,20000
t_demo,demo_20260921_v1,s3,R2026090600001,O20260905000001,2026-09-06 12:00:00.000000,20000
t_demo,demo_20260921_v1,s3,R2026090600002,O20260905000002,2026-09-06 12:00:00.000000,20000
t_demo,demo_20260921_v1,s3,R2026090600003,O20260905000003,2026-09-06 12:00:00.000000,20000
t_demo,demo_20260921_v1,s3,R2026090600004,O20260905000004,2026-09-06 12:00:00.000000,20000
t_demo,demo_20260921_v1,s3,R2026090600005,O20260905000005,2026-09-06 12:00:00.000000,20000
t_demo,demo_20260921_v1,s3,R2026090600006,O20260905000006,2026-09-06 12:00:00.000000,20000
t_demo,demo_20260921_v1,s3,R2026090600007,O20260905000007,2026-09-06 12:00:00.000000,20000
t_demo,demo_20260921_v1,s3,R2026090600008,O20260905000008,2026-09-06 12:00:00.000000,20000
t_demo,demo_20260921_v1,s3,R2026090600009,O20260905000009,2026-09-06 12:00:00.000000,20000
t_demo,demo_20260921_v1,s3,R2026090600010,O20260905000010,2026-09-06 12:00:00.000000,20000
t_demo,demo_20260921_v1,s3,R2026090600011,O20260905000011,2026-09-06 12:00:00.000000,20000
t_demo,demo_20260921_v1,s3,R2026090600012,O20260905000012,2026-09-06 12:00:00.000000,20000
t_demo,demo_20260921_v1,s3,R2026090600013,O20260905000013,2026-09-06 12:00:00.000000,20000
t_demo,demo_20260921_v1,s3,R2026090600014,O20260905000014,2026-09-06 12:00:00.000000,20000
t_demo,demo_20260921_v1,s3,R2026090600015,O20260905000015,2026-09-06 12:00:00.000000,20000
t_demo,demo_20260921_v1,s3,R2026090700001,O20260906000001,2026-09-07 12:00:00.000000,20000
t_demo,demo_20260921_v1,s3,R2026090700002,O20260906000002,2026-09-07 12:00:00.000000,20000
t_demo,demo_20260921_v1,s3,R2026090700003,O20260906000003,2026-09-07 12:00:00.000000,20000
t_demo,demo_20260921_v1,s3,R2026090700004,O20260906000004,2026-09-07 12:00:00.000000,20000
t_demo,demo_20260921_v1,s3,R2026090700005,O20260906000005,2026-09-07 12:00:00.000000,20000
t_demo,demo_20260921_v1,s3,R2026090700006,O20260906000006,2026-09-07 12:00:00.000000,20000
t_demo,demo_20260921_v1,s3,R2026090700007,O20260906000007,2026-09-07 12:00:00.000000,20000
t_demo,demo_20260921_v1,s3,R2026090700008,O20260906000008,2026-09-07 12:00:00.000000,20000
t_demo,demo_20260921_v1,s3,R2026090700009,O20260906000009,2026-09-07 12:00:00.000000,20000
t_demo,demo_20260921_v1,s3,R2026090700010,O20260906000010,2026-09-07 12:00:00.000000,20000
t_demo,demo_20260921_v1,s3,R2026090700011,O20260906000011,2026-09-07 12:00:00.000000,20000
t_demo,demo_20260921_v1,s3,R2026090700012,O20260906000012,2026-09-07 12:00:00.000000,20000
t_demo,demo_20260921_v1,s3,R2026090700013,O20260906000013,2026-09-07 12:00:00.000000,20000
t_demo,demo_20260921_v1,s3,R2026090700014,O20260906000014,2026-09-07 12:00:00.000000,20000
t_demo,demo_20260921_v1,s3,R2026090700015,O20260906000015,2026-09-07 12:00:00.000000,20000
t_demo,demo_20260921_v1,s3,R2026090800001,O20260907000001,2026-09-08 12:00:00.000000,20000
t_demo,demo_20260921_v1,s3,R2026090800002,O20260907000002,2026-09-08 12:00:00.000000,20000
t_demo,demo_20260921_v1,s3,R2026090800003,O20260907000003,2026-09-08 12:00:00.000000,20000
t_demo,demo_20260921_v1,s3,R2026090800004,O20260907000004,2026-09-08 12:00:00.000000,20000
t_demo,demo_20260921_v1,s3,R2026090800005,O20260907000005,2026-09-08 12:00:00.000000,20000
t_demo,demo_20260921_v1,s3,R2026090800006,O20260907000006,2026-09-08 12:00:00.000000,20000
t_demo,demo_20260921_v1,s3,R2026090800007,O20260907000007,2026-09-08 12:00:00.000000,20000
t_demo,demo_20260921_v1,s3,R2026090800008,O20260907000008,2026-09-08 12:00:00.000000,20000
t_demo,demo_20260921_v1,s3,R2026090800009,O20260907000009,2026-09-08 12:00:00.000000,20000
t_demo,demo_20260921_v1,s3,R2026090800010,O20260907000010,2026-09-08 12:00:00.000000,20000
t_demo,demo_20260921_v1,s3,R2026090800011,O20260907000011,2026-09-08 12:00:00.000000,20000
t_demo,demo_20260921_v1,s3,R2026090800012,O20260907000012,2026-09-08 12:00:00.000000,20000
t_demo,demo_20260921_v1,s3,R2026090800013,O20260907000013,2026-09-08 12:00:00.000000,20000
t_demo,demo_20260921_v1,s3,R2026090800014,O20260907000014,2026-09-08 12:00:00.000000,20000
t_demo,demo_20260921_v1,s3,R2026090800015,O20260907000015,2026-09-08 12:00:00.000000,20000
t_demo,demo_20260921_v1,s3,R2026090900001,O20260908000001,2026-09-09 12:00:00.000000,20000
t_demo,demo_20260921_v1,s3,R2026090900002,O20260908000002,2026-09-09 12:00:00.000000,20000
t_demo,demo_20260921_v1,s3,R2026090900003,O20260908000003,2026-09-09 12:00:00.000000,20000
t_demo,demo_20260921_v1,s3,R2026090900004,O20260908000004,2026-09-09 12:00:00.000000,20000
t_demo,demo_20260921_v1,s3,R2026090900005,O20260908000005,2026-09-09 12:00:00.000000,20000
t_demo,demo_20260921_v1,s3,R2026090900006,O20260908000006,2026-09-09 12:00:00.000000,20000
t_demo,demo_20260921_v1,s3,R2026090900007,O20260908000007,2026-09-09 12:00:00.000000,20000
t_demo,demo_20260921_v1,s3,R2026090900008,O20260908000008,2026-09-09 12:00:00.000000,20000
t_demo,demo_20260921_v1,s3,R2026090900009,O20260908000009,2026-09-09 12:00:00.000000,20000
t_demo,demo_20260921_v1,s3,R2026090900010,O20260908000010,2026-09-09 12:00:00.000000,20000
t_demo,demo_20260921_v1,s3,R2026090900011,O20260908000011,2026-09-09 12:00:00.000000,20000
t_demo,demo_20260921_v1,s3,R2026090900012,O20260908000012,2026-09-09 12:00:00.000000,20000
t_demo,demo_20260921_v1,s3,R2026090900013,O20260908000013,2026-09-09 12:00:00.000000,20000
t_demo,demo_20260921_v1,s3,R2026090900014,O20260908000014,2026-09-09 12:00:00.000000,20000
t_demo,demo_20260921_v1,s3,R2026090900015,O20260908000015,2026-09-09 12:00:00.000000,20000
t_demo,demo_20260921_v1,s3,R2026091000001,O20260909000001,2026-09-10 12:00:00.000000,20000
t_demo,demo_20260921_v1,s3,R2026091000002,O20260909000002,2026-09-10 12:00:00.000000,20000
t_demo,demo_20260921_v1,s3,R2026091000003,O20260909000003,2026-09-10 12:00:00.000000,20000
t_demo,demo_20260921_v1,s3,R2026091000004,O20260909000004,2026-09-10 12:00:00.000000,20000
t_demo,demo_20260921_v1,s3,R2026091000005,O20260909000005,2026-09-10 12:00:00.000000,20000
t_demo,demo_20260921_v1,s3,R2026091000006,O20260909000006,2026-09-10 12:00:00.000000,20000
t_demo,demo_20260921_v1,s3,R2026091000007,O20260909000007,2026-09-10 12:00:00.000000,20000
t_demo,demo_20260921_v1,s3,R2026091000008,O20260909000008,2026-09-10 12:00:00.000000,20000
t_demo,demo_20260921_v1,s3,R2026091000009,O20260909000009,2026-09-10 12:00:00.000000,20000
t_demo,demo_20260921_v1,s3,R2026091000010,O20260909000010,2026-09-10 12:00:00.000000,20000
t_demo,demo_20260921_v1,s3,R2026091000011,O20260909000011,2026-09-10 12:00:00.000000,20000
t_demo,demo_20260921_v1,s3,R2026091000012,O20260909000012,2026-09-10 12:00:00.000000,20000
t_demo,demo_20260921_v1,s3,R2026091000013,O20260909000013,2026-09-10 12:00:00.000000,20000
t_demo,demo_20260921_v1,s3,R2026091000014,O20260909000014,2026-09-10 12:00:00.000000,20000
t_demo,demo_20260921_v1,s3,R2026091000015,O20260909000015,2026-09-10 12:00:00.000000,20000
t_demo,demo_20260921_v1,s3,R2026091100001,O20260910000001,2026-09-11 12:00:00.000000,20000
t_demo,demo_20260921_v1,s3,R2026091100002,O20260910000002,2026-09-11 12:00:00.000000,20000
t_demo,demo_20260921_v1,s3,R2026091100003,O20260910000003,2026-09-11 12:00:00.000000,20000
t_demo,demo_20260921_v1,s3,R2026091100004,O20260910000004,2026-09-11 12:00:00.000000,20000
t_demo,demo_20260921_v1,s3,R2026091100005,O20260910000005,2026-09-11 12:00:00.000000,20000
t_demo,demo_20260921_v1,s3,R2026091100006,O20260910000006,2026-09-11 12:00:00.000000,20000
t_demo,demo_20260921_v1,s3,R2026091100007,O20260910000007,2026-09-11 12:00:00.000000,20000
t_demo,demo_20260921_v1,s3,R2026091100008,O20260910000008,2026-09-11 12:00:00.000000,20000
t_demo,demo_20260921_v1,s3,R2026091100009,O20260910000009,2026-09-11 12:00:00.000000,20000
t_demo,demo_20260921_v1,s3,R2026091100010,O20260910000010,2026-09-11 12:00:00.000000,20000
t_demo,demo_20260921_v1,s3,R2026091100011,O20260910000011,2026-09-11 12:00:00.000000,20000
t_demo,demo_20260921_v1,s3,R2026091100012,O20260910000012,2026-09-11 12:00:00.000000,20000
t_demo,demo_20260921_v1,s3,R2026091100013,O20260910000013,2026-09-11 12:00:00.000000,20000
t_demo,demo_20260921_v1,s3,R2026091100014,O20260910000014,2026-09-11 12:00:00.000000,20000
t_demo,demo_20260921_v1,s3,R2026091100015,O20260910000015,2026-09-11 12:00:00.000000,20000
t_demo,demo_20260921_v1,s3,R2026091200001,O20260911000001,2026-09-12 12:00:00.000000,20000
t_demo,demo_20260921_v1,s3,R2026091200002,O20260911000002,2026-09-12 12:00:00.000000,20000
t_demo,demo_20260921_v1,s3,R2026091200003,O20260911000003,2026-09-12 12:00:00.000000,20000
t_demo,demo_20260921_v1,s3,R2026091200004,O20260911000004,2026-09-12 12:00:00.000000,20000
t_demo,demo_20260921_v1,s3,R2026091200005,O20260911000005,2026-09-12 12:00:00.000000,20000
t_demo,demo_20260921_v1,s3,R2026091200006,O20260911000006,2026-09-12 12:00:00.000000,20000
t_demo,demo_20260921_v1,s3,R2026091200007,O20260911000007,2026-09-12 12:00:00.000000,20000
t_demo,demo_20260921_v1,s3,R2026091200008,O20260911000008,2026-09-12 12:00:00.000000,20000
t_demo,demo_20260921_v1,s3,R2026091200009,O20260911000009,2026-09-12 12:00:00.000000,20000
t_demo,demo_20260921_v1,s3,R2026091200010,O20260911000010,2026-09-12 12:00:00.000000,20000
t_demo,demo_20260921_v1,s3,R2026091200011,O20260911000011,2026-09-12 12:00:00.000000,20000
t_demo,demo_20260921_v1,s3,R2026091200012,O20260911000012,2026-09-12 12:00:00.000000,20000
t_demo,demo_20260921_v1,s3,R2026091200013,O20260911000013,2026-09-12 12:00:00.000000,20000
t_demo,demo_20260921_v1,s3,R2026091200014,O20260911000014,2026-09-12 12:00:00.000000,20000
t_demo,demo_20260921_v1,s3,R2026091200015,O20260911000015,2026-09-12 12:00:00.000000,20000
t_demo,demo_20260921_v1,s3,R2026091300001,O20260912000001,2026-09-13 12:00:00.000000,20000
t_demo,demo_20260921_v1,s3,R2026091300002,O20260912000002,2026-09-13 12:00:00.000000,20000
t_demo,demo_20260921_v1,s3,R2026091300003,O20260912000003,2026-09-13 12:00:00.000000,20000
t_demo,demo_20260921_v1,s3,R2026091300004,O20260912000004,2026-09-13 12:00:00.000000,20000
t_demo,demo_20260921_v1,s3,R2026091300005,O20260912000005,2026-09-13 12:00:00.000000,20000
t_demo,demo_20260921_v1,s3,R2026091300006,O20260912000006,2026-09-13 12:00:00.000000,20000
t_demo,demo_20260921_v1,s3,R2026091300007,O20260912000007,2026-09-13 12:00:00.000000,20000
t_demo,demo_20260921_v1,s3,R2026091300008,O20260912000008,2026-09-13 12:00:00.000000,20000
t_demo,demo_20260921_v1,s3,R2026091300009,O20260912000009,2026-09-13 12:00:00.000000,20000
t_demo,demo_20260921_v1,s3,R2026091300010,O20260912000010,2026-09-13 12:00:00.000000,20000
t_demo,demo_20260921_v1,s3,R2026091300011,O20260912000011,2026-09-13 12:00:00.000000,20000
t_demo,demo_20260921_v1,s3,R2026091300012,O20260912000012,2026-09-13 12:00:00.000000,20000
t_demo,demo_20260921_v1,s3,R2026091300013,O20260912000013,2026-09-13 12:00:00.000000,20000
t_demo,demo_20260921_v1,s3,R2026091300014,O20260912000014,2026-09-13 12:00:00.000000,20000
t_demo,demo_20260921_v1,s3,R2026091300015,O20260912000015,2026-09-13 12:00:00.000000,20000
t_demo,demo_20260921_v1,s3,R2026091400001,O20260913000001,2026-09-14 12:00:00.000000,20000
t_demo,demo_20260921_v1,s3,R2026091400002,O20260913000002,2026-09-14 12:00:00.000000,20000
t_demo,demo_20260921_v1,s3,R2026091400003,O20260913000003,2026-09-14 12:00:00.000000,20000
t_demo,demo_20260921_v1,s3,R2026091400004,O20260913000004,2026-09-14 12:00:00.000000,20000
t_demo,demo_20260921_v1,s3,R2026091400005,O20260913000005,2026-09-14 12:00:00.000000,20000
t_demo,demo_20260921_v1,s3,R2026091400006,O20260913000006,2026-09-14 12:00:00.000000,20000
t_demo,demo_20260921_v1,s3,R2026091400007,O20260913000007,2026-09-14 12:00:00.000000,20000
t_demo,demo_20260921_v1,s3,R2026091400008,O20260913000008,2026-09-14 12:00:00.000000,20000
t_demo,demo_20260921_v1,s3,R2026091400009,O20260913000009,2026-09-14 12:00:00.000000,20000
t_demo,demo_20260921_v1,s3,R2026091400010,O20260913000010,2026-09-14 12:00:00.000000,20000
t_demo,demo_20260921_v1,s3,R2026091400011,O20260913000011,2026-09-14 12:00:00.000000,20000
t_demo,demo_20260921_v1,s3,R2026091400012,O20260913000012,2026-09-14 12:00:00.000000,20000
t_demo,demo_20260921_v1,s3,R2026091400013,O20260913000013,2026-09-14 12:00:00.000000,20000
t_demo,demo_20260921_v1,s3,R2026091400014,O20260913000014,2026-09-14 12:00:00.000000,20000
t_demo,demo_20260921_v1,s3,R2026091400015,O20260913000015,2026-09-14 12:00:00.000000,20000
t_demo,demo_20260921_v1,s3,R2026091500001,O20260914000001,2026-09-15 12:00:00.000000,20000
t_demo,demo_20260921_v1,s3,R2026091500002,O20260914000002,2026-09-15 12:00:00.000000,20000
t_demo,demo_20260921_v1,s3,R2026091500003,O20260914000003,2026-09-15 12:00:00.000000,20000
t_demo,demo_20260921_v1,s3,R2026091500004,O20260914000004,2026-09-15 12:00:00.000000,20000
t_demo,demo_20260921_v1,s3,R2026091500005,O20260914000005,2026-09-15 12:00:00.000000,20000
t_demo,demo_20260921_v1,s3,R2026091500006,O20260914000006,2026-09-15 12:00:00.000000,20000
t_demo,demo_20260921_v1,s3,R2026091500007,O20260914000007,2026-09-15 12:00:00.000000,20000
t_demo,demo_20260921_v1,s3,R2026091500008,O20260914000008,2026-09-15 12:00:00.000000,20000
t_demo,demo_20260921_v1,s3,R2026091500009,O20260914000009,2026-09-15 12:00:00.000000,20000
t_demo,demo_20260921_v1,s3,R2026091500010,O20260914000010,2026-09-15 12:00:00.000000,20000
t_demo,demo_20260921_v1,s3,R2026091500011,O20260914000011,2026-09-15 12:00:00.000000,20000
t_demo,demo_20260921_v1,s3,R2026091500012,O20260914000012,2026-09-15 12:00:00.000000,20000
t_demo,demo_20260921_v1,s3,R2026091500013,O20260914000013,2026-09-15 12:00:00.000000,20000
t_demo,demo_20260921_v1,s3,R2026091500014,O20260914000014,2026-09-15 12:00:00.000000,20000
t_demo,demo_20260921_v1,s3,R2026091500015,O20260914000015,2026-09-15 12:00:00.000000,20000
t_demo,demo_20260921_v1,s3,R2026091600001,O20260915000001,2026-09-16 12:00:00.000000,20000
t_demo,demo_20260921_v1,s3,R2026091600002,O20260915000002,2026-09-16 12:00:00.000000,20000
t_demo,demo_20260921_v1,s3,R2026091600003,O20260915000003,2026-09-16 12:00:00.000000,20000
t_demo,demo_20260921_v1,s3,R2026091600004,O20260915000004,2026-09-16 12:00:00.000000,20000
t_demo,demo_20260921_v1,s3,R2026091600005,O20260915000005,2026-09-16 12:00:00.000000,20000
t_demo,demo_20260921_v1,s3,R2026091600006,O20260915000006,2026-09-16 12:00:00.000000,20000
t_demo,demo_20260921_v1,s3,R2026091600007,O20260915000007,2026-09-16 12:00:00.000000,20000
t_demo,demo_20260921_v1,s3,R2026091600008,O20260915000008,2026-09-16 12:00:00.000000,20000
t_demo,demo_20260921_v1,s3,R2026091600009,O20260915000009,2026-09-16 12:00:00.000000,20000
t_demo,demo_20260921_v1,s3,R2026091600010,O20260915000010,2026-09-16 12:00:00.000000,20000
t_demo,demo_20260921_v1,s3,R2026091600011,O20260915000011,2026-09-16 12:00:00.000000,20000
t_demo,demo_20260921_v1,s3,R2026091600012,O20260915000012,2026-09-16 12:00:00.000000,20000
t_demo,demo_20260921_v1,s3,R2026091600013,O20260915000013,2026-09-16 12:00:00.000000,20000
t_demo,demo_20260921_v1,s3,R2026091600014,O20260915000014,2026-09-16 12:00:00.000000,20000
t_demo,demo_20260921_v1,s3,R2026091600015,O20260915000015,2026-09-16 12:00:00.000000,20000
t_demo,demo_20260921_v1,s3,R2026091700001,O20260916000001,2026-09-17 12:00:00.000000,20000
t_demo,demo_20260921_v1,s3,R2026091700002,O20260916000002,2026-09-17 12:00:00.000000,20000
t_demo,demo_20260921_v1,s3,R2026091700003,O20260916000003,2026-09-17 12:00:00.000000,20000
t_demo,demo_20260921_v1,s3,R2026091700004,O20260916000004,2026-09-17 12:00:00.000000,20000
t_demo,demo_20260921_v1,s3,R2026091700005,O20260916000005,2026-09-17 12:00:00.000000,20000
t_demo,demo_20260921_v1,s3,R2026091700006,O20260916000006,2026-09-17 12:00:00.000000,20000
t_demo,demo_20260921_v1,s3,R2026091700007,O20260916000007,2026-09-17 12:00:00.000000,20000
t_demo,demo_20260921_v1,s3,R2026091700008,O20260916000008,2026-09-17 12:00:00.000000,20000
t_demo,demo_20260921_v1,s3,R2026091700009,O20260916000009,2026-09-17 12:00:00.000000,20000
t_demo,demo_20260921_v1,s3,R2026091700010,O20260916000010,2026-09-17 12:00:00.000000,20000
t_demo,demo_20260921_v1,s3,R2026091700011,O20260916000011,2026-09-17 12:00:00.000000,20000
t_demo,demo_20260921_v1,s3,R2026091700012,O20260916000012,2026-09-17 12:00:00.000000,20000
t_demo,demo_20260921_v1,s3,R2026091700013,O20260916000013,2026-09-17 12:00:00.000000,20000
t_demo,demo_20260921_v1,s3,R2026091700014,O20260916000014,2026-09-17 12:00:00.000000,20000
t_demo,demo_20260921_v1,s3,R2026091700015,O20260916000015,2026-09-17 12:00:00.000000,20000
t_demo,demo_20260921_v1,s3,R2026091800001,O20260917000001,2026-09-18 12:00:00.000000,20000
t_demo,demo_20260921_v1,s3,R2026091800002,O20260917000002,2026-09-18 12:00:00.000000,20000
t_demo,demo_20260921_v1,s3,R2026091800003,O20260917000003,2026-09-18 12:00:00.000000,20000
t_demo,demo_20260921_v1,s3,R2026091800004,O20260917000004,2026-09-18 12:00:00.000000,20000
t_demo,demo_20260921_v1,s3,R2026091800005,O20260917000005,2026-09-18 12:00:00.000000,20000
t_demo,demo_20260921_v1,s3,R2026091800006,O20260917000006,2026-09-18 12:00:00.000000,20000
t_demo,demo_20260921_v1,s3,R2026091800007,O20260917000007,2026-09-18 12:00:00.000000,20000
t_demo,demo_20260921_v1,s3,R2026091800008,O20260917000008,2026-09-18 12:00:00.000000,20000
t_demo,demo_20260921_v1,s3,R2026091800009,O20260917000009,2026-09-18 12:00:00.000000,20000
t_demo,demo_20260921_v1,s3,R2026091800010,O20260917000010,2026-09-18 12:00:00.000000,20000
t_demo,demo_20260921_v1,s3,R2026091800011,O20260917000011,2026-09-18 12:00:00.000000,20000
t_demo,demo_20260921_v1,s3,R2026091800012,O20260917000012,2026-09-18 12:00:00.000000,20000
t_demo,demo_20260921_v1,s3,R2026091800013,O20260917000013,2026-09-18 12:00:00.000000,20000
t_demo,demo_20260921_v1,s3,R2026091800014,O20260917000014,2026-09-18 12:00:00.000000,20000
t_demo,demo_20260921_v1,s3,R2026091800015,O20260917000015,2026-09-18 12:00:00.000000,20000
t_demo,demo_20260921_v1,s3,R2026091900001,O20260918000001,2026-09-19 12:00:00.000000,20000
t_demo,demo_20260921_v1,s3,R2026091900002,O20260918000002,2026-09-19 12:00:00.000000,20000
t_demo,demo_20260921_v1,s3,R2026091900003,O20260918000003,2026-09-19 12:00:00.000000,20000
t_demo,demo_20260921_v1,s3,R2026091900004,O20260918000004,2026-09-19 12:00:00.000000,20000
t_demo,demo_20260921_v1,s3,R2026091900005,O20260918000005,2026-09-19 12:00:00.000000,20000
t_demo,demo_20260921_v1,s3,R2026091900006,O20260918000006,2026-09-19 12:00:00.000000,20000
t_demo,demo_20260921_v1,s3,R2026091900007,O20260918000007,2026-09-19 12:00:00.000000,20000
t_demo,demo_20260921_v1,s3,R2026091900008,O20260918000008,2026-09-19 12:00:00.000000,20000
t_demo,demo_20260921_v1,s3,R2026091900009,O20260918000009,2026-09-19 12:00:00.000000,20000
t_demo,demo_20260921_v1,s3,R2026091900010,O20260918000010,2026-09-19 12:00:00.000000,20000
t_demo,demo_20260921_v1,s3,R2026091900011,O20260918000011,2026-09-19 12:00:00.000000,20000
t_demo,demo_20260921_v1,s3,R2026091900012,O20260918000012,2026-09-19 12:00:00.000000,20000
t_demo,demo_20260921_v1,s3,R2026091900013,O20260918000013,2026-09-19 12:00:00.000000,20000
t_demo,demo_20260921_v1,s3,R2026091900014,O20260918000014,2026-09-19 12:00:00.000000,20000
t_demo,demo_20260921_v1,s3,R2026091900015,O20260918000015,2026-09-19 12:00:00.000000,20000
t_demo,demo_20260921_v1,s3,R2026092000001,O20260919000001,2026-09-20 12:00:00.000000,17734
t_demo,demo_20260921_v1,s3,R2026092000002,O20260919000002,2026-09-20 12:00:00.000000,17734
t_demo,demo_20260921_v1,s3,R2026092000003,O20260919000003,2026-09-20 12:00:00.000000,17734
t_demo,demo_20260921_v1,s3,R2026092000004,O20260919000004,2026-09-20 12:00:00.000000,17734
t_demo,demo_20260921_v1,s3,R2026092000005,O20260919000005,2026-09-20 12:00:00.000000,17734
t_demo,demo_20260921_v1,s3,R2026092000006,O20260919000006,2026-09-20 12:00:00.000000,17733
t_demo,demo_20260921_v1,s3,R2026092000007,O20260919000007,2026-09-20 12:00:00.000000,17733
t_demo,demo_20260921_v1,s3,R2026092000008,O20260919000008,2026-09-20 12:00:00.000000,17733
t_demo,demo_20260921_v1,s3,R2026092000009,O20260919000009,2026-09-20 12:00:00.000000,17733
t_demo,demo_20260921_v1,s3,R2026092000010,O20260919000010,2026-09-20 12:00:00.000000,17733
t_demo,demo_20260921_v1,s3,R2026092000011,O20260919000011,2026-09-20 12:00:00.000000,17733
t_demo,demo_20260921_v1,s3,R2026092000012,O20260919000012,2026-09-20 12:00:00.000000,17733
t_demo,demo_20260921_v1,s3,R2026092000013,O20260919000013,2026-09-20 12:00:00.000000,17733
t_demo,demo_20260921_v1,s3,R2026092000014,O20260919000014,2026-09-20 12:00:00.000000,17733
t_demo,demo_20260921_v1,s3,R2026092000015,O20260919000015,2026-09-20 12:00:00.000000,17733
